1943450
11892
4617327
85941
24592
71001
619004
27832
2201490
2
77
1571918
398805
4909398
28369
11167551
263582
74
1342402
451039
620526
415
900503
34988516
42
2944403
8
355
52344
3873466
46112
25506816
5936782
169176400
197852
51705960
573823
14638
166560
1106920
17879
46697
408167
17988
1467811
3
21343
234051
6975
1065051
4
2818
491451
51050
2394411
803698
436931
21039
84
602578
341857
30820824
53
27851
1707577
4
6695
238
20781
3257
81795
6820
347749
101
9
12894540
1299470
44876000
2174933
67524368
507077
1393
398941
5751855
880488
5818730
142829
97
42918
5061004
1212981760
1409045
5875
1494345
27785
4080
3752531
3114076
45289
47
4374430
69500440
4724
887727
2948508
8
11757
26116
6236
16
45029872
66
3114
453
2022268
3054293
4627374
40598196
7293016
249096560
1489771
346604064
2758150
30590
16840658
7525518
57949384
29642
2479940
33912
6706
3676229376
94000248
3289431808
14537339
871843392
22390492
90225
5952205
1296190208
1956587
163923376
2935174
24447
12799233
96503416
5216764416
108470704
765209
13874552
56293
6422
22033378
12471858
163264
13520
35515
13839
172796
6145
774931
3
2078
402253
28616
2167805
453694
25242828
15062
82
381598
264546
20945736
15
18274
1236849
8
7092
141
2823
235623
28521
1371027
217421
24858148
8566
124
1530605
151754
17779558
76
6959
634545
8
2391
553
15352
7954
59721
771227
38550360
4336
7
6978537
722961
40094024
5372472
218885440
216339
1319
51078
5376222
483066
83014912
22614
96
83396
25815132
1381078272
669943
10697
23873262
838354
1410
22033366
5062487
50267
43
3118096
48139308
1109
337560
42441348
40
25391
7407
1633461
8
2842
419
29
2438288
26511
1991038
3618412
258672576
23747
96
3226
152691
638346
21101646
3363
8
4239
20448232
753270464
69038
389
120431
5029
1496
121723
140071
92975
10
25238406
644082944
409542304
24515469312
6398527
92009
1300318
91098480
27098860
579692992
457182
7038
725455
476878912
21397729280
17621192
136926
98425488
711294
43284
84918424
153653120
2221351
678
6484858
879147
5894557
142772
268
137702
85572920
3792002560
2443779
9447
29203764
937130
3150
9420266
38725068
-16163
68
1441786
86006448
31127
492
673892864
13187471
280533
552552960
28837712
13044090
3632
544847
1022376
112189
1107
1325132
70239
152368
3740899
136298704
19492
6539044
344028
44855112
62
13695
556
135682
64
55
4897
5587650
2842268
28732852
6739195
102965960
1526321
128043744
1916666
8653
4391079
25310724
9593694
188801120
2260859
50627164
2342688
16931
28302314
7274894
236751744
1795991
206969840
909204
13516
1400874240
150237824
11936380928
55212084
1009166528
33691784
254941
3881334
1082113664
6248839
-72326656
8120996
118286
36169872
170126208
9911791616
109755728
1173789
177687296
2726456
13524
100523968
133885136
714515
25093
1160249344
95961184
2606001664
15413064
1011937088
19926692
215488
7109988
493378944
2655922
253153488
6283945
26456
6884454
64688472
4055502080
166877888
933525
1265040
19996
13250
815353
998950
453241
3463
15823571968
213868838912
5049004544
298986307584
2725288192
32537968
61182876
23112740864
49064160
3255894528
96007856
693205
276330464
3113333248
116986454016
570950592
12890239
2072075008
50051240
50102
912323072
2204080640
12134133
78097
660083072
5883877
83681336
3378829
94216
100319112
469768064
40838844416
434370560
446569
239289552
6611590
25879
94228488
595795840
921325
19541
13660430
535553888
17034178
83216
6183941120
170389568
616804
2103188224
8185170944
80208368
580569
2611155
-53812
470484
8212
5162958
301925
781143
2163
194840
21124
770407
437296
19229194
6079
229
1096559
114077
12733967
68
6152
610561
17
3382
312
44969
-335
170325
233416
17777850
1085
6
8208911
486304
36266580
6713951
335512928
167315
1146
41782
2754701
1148168
33528790
25075
414
80029
16484561
890622848
776651
7719
14126165
225109
1347
10976203
29172256
114484
28
2783161
92704040
6801
267496
32907670
75
25624
1562
1264152
10
15590
251
4
24107
8569
14148
321407
6706382
1941
17
19264372
609738
33493344
6926230
396141376
168424
1999
31342
2731940
840170
59715092
13767
453
51803
32725432
1613663360
565142
15340
23175726
351429
5226
13418820
13060274
76827
36
3811592
58884912
5682
143632
19172946
205
22354
5468
728270
12
16074
1928
10
7347618
110398
1842793
3541928
142310240
33302
59
3231
173315
786530
31964360
4384
15
16175
18937440
1048888064
171533
1251
10993450
368771
3180
13322219
20681050
-2493
12
59487492
1100626432
463244352
35189579776
13477482
389310
965577
50878284
12826378
1407785984
373621
6904
901966
698941312
41989136384
19789222
120720
367527328
11471094
21787
332426336
214661728
1530913
1014
6312368
1685742
30361124
24582
299
224886
102281256
6748337664
2636574
12048
60002896
991947
3949
536916
20091492
25632
130
1446228
180233776
62187
213
1402918272
23247000
187045
1746249728
2290041344
14743184
7202
14932798
19946526
127756
1753
15595904
64028
75450
2713483
187342656
39447
4674509
1269258
41646384
232
37345
5583
334
19200
642
34
3429932
139471776
304718592
8598557696
1465554
4204
37090
7347803
8780082
292017952
16094
291
138490
240770400
12702373888
1371885
12657
83625968
2022061
15836
51862080
153535552
540505
23
98816
268898
48143896
2577
10
29829
80828640
1185889792
269591
3317
42034736
128642
7702
33508682
47105028
81527
8
1976322
159924304
13239
97
565341312
15486907
96885
213026192
412336320
3288919
283
93149
32123
31579
1772
150301
24193
83955
32667300
7410155008
1545671936
46594514944
20142762
535872
29418210
29666369536
1579332141056
740645632
8918140
16531110912
648166784
2409014
12916717568
23007641600
237046464
40551
105564896
13869234
1047380480
601614
4164
2156582
2021484800
91203641344
35452264
589908
558656448
17463962
70184
268865024
502875072
3228932
1296
11352438
1396128128
562117
13379
3226046208
391569888
1863755
19011207168
22206425088
247954560
106027
58541344
75595272
1012518
32650
91531504
1180936
1274793
103535
61820088
3129942784
2443954
54227
30375136
199093
3237
31218768
17533768
209481
85
11161264
591651328
116928
266
1211584384
90113576
613995
1014118464
2072092032
4211741
9464
11677317
20195356
144582
1350
15074176
115424
264205
62144620
1936839
9568
81944856
155534304
521516
93
203102336
648810112
13178581
217933
593708480
5926477
4691785
312948
30123
68839
37614
126489776
11360
4198841
631641
35345
61318
9810
24
1118
958263
67512160
6965394
249934496
3470350
68386272
5636850
27270
19885678
4375175
162604304
1753723
161550912
3429710
7767
5557715968
327593824
1346038656
34127800
2334180352
12332505
342054
3044449
480134912
7538415
475146624
7900567
25959
19613096
243849936
12112483328
199975904
1625298
68251000
1468591
26973
22902976
19862848
1071221
35290
28431848
10776135
227992960
1983122
172556560
2613274
5740
8941559808
252433024
3883843840
28398468
1405454848
26857444
419664
11990150
348063040
6947415
158533216
14150386
36954
14087177
73721000
3252645376
166534672
2423741
31661810
1106699
7106
66181664
100116648
643214
17082
8214295552
136871200
4323397632
6144786
994272128
47776044
76104
9073956
315885024
8312105
354318464
3742928
64106
9334128
84596504
7525193216
277937568
977190
68722088
1135709
9802
64823628
139778208
1106508
20436
18489315328
489409282048
5670660608
16245170176
6396037632
51308372
165084656
39435964416
53494584
11446828032
250263072
509883
332756448
3608747520
202458562560
3682416128
24729372
1400534016
40431596
239819
1190099072
594438336
14211238
142740
321984256
11182461
679051968
794109
66577
138562576
896522496
9811566592
887579136
2227898
582951616
-625244
53724
345210880
217833776
984448
18518
22991844
914108928
27796396
241524
6296431616
270395264
1286883
3592348928
4444571136
74103208
777112
31430336
90568256
1216703
11895
110027992
107674
192196
8504554496
186164936704
4689342976
83511771136
3276383744
10523855
139401200
7891258368
74767032
2477633024
83592848
704840
91432088
1257908992
21096681472
994033728
22200184
378675904
14235876
37408
340421504
770405504
5738643
292111
409317088
2749089
147836736
3075843
31832
39594444
176256400
8534981632
473452352
2217592
149748032
1760443
18264
159172576
388465216
3200665
29103
18958038
430026720
5252919
71542
1657915136
85385072
350500
1745222784
4409402880
14974906
1092436
656345
945202
69937
9589
582612
241426
299312
15807426560
729966837760
5812292096
338748801024
16537416704
228695680
32673036288
55393787904
11151856369664
146491850752
1095704832
188770877440
5708434944
15101290
56068579328
145950949376
1072246144
4238598
8737394688
57196456
5454964224
131217936
441277
1006646400
7763218944
295712161792
8618629120
76645776
2390495232
65300256
139871
1306370304
3294940416
6593194
142978
94546752
4514367488
166889216
144836
45355442176
3255167232
4355759
77308477440
7598682624
1290309248
2489336
250874784
720197376
2711686
172402
771761728
963189
6208201
69495136
263226704
13280368640
203101536
1528050
377570688
6633161
5646
-8199355
541348416
837325
38630
31366464
3828531712
21029460
692462
20102172672
398049760
1410923
20993249280
10629243904
41093512
2071547
129037224
74393968
487175
14865
121422992
709105
1619452
622204352
21885108
38184
479176768
1044180224
3993026
53937
1367459456
485295904
9918658
1255396
2488843776
7823344
81785424
1485493
271021
461943
170600
17557
4976
78258
575299
11099710
1367
1
16388136
247867
22118748
5304454
413270528
113310
5566
23281
2423076
1237963
97800512
12676
465
57720
27944388
1466788992
314562
49088
15567355
397081
4253
16683324
26895076
34605
91
903300
32821782
5968
136745
15631392
131
32909
9984
627073
10
2227
1664
7
2015616
66614
3632939
3291236
272150848
25728
157
6879
313213
855732
51764800
4111
15
19954
15519308
568417024
93018
761
12926874
421084
1058
7929935
-1674380
82973
15
26217010
66872384
1161779456
43499429888
8722747
54563
647083
101518112
13402440
615593920
509764
4523
861601
531320960
31315884032
12214543
136119
232834320
8066072
17217
98005072
299496736
1677047
547
4419812
1387664
59907608
22130
222
249193
149206192
2662245888
1941857
58515
61961928
1640295
2900
47623404
34801448
114484
14
1695180
52415648
34255
199
771380992
33548090
118931
299225824
1304733184
2192792
1871
15981130
3268615
122249
1761
14701568
20736
52536
3740485
169700768
9274
4126701
178900
31368702
96
93932
10575
397
8114
686
40
3717034
193252
4138747
3086498
334865696
36741
120
4397
545330
1462526
36993872
7524
21
8939
39044208
1087370496
140052
3729
13467646
291272
1542
12347719
9845063
78839
8
-3381616
1307974656
794406976
51007262720
16302230
143614
313254
82160424
23894802
665403520
481109
5604
124635
924370816
30720913408
19449044
198352
238099680
7544920
32760
161605920
67064544
754335
1022
2427965
963979
117574360
7402
287
22367
74412688
1819443072
2346791
50954
70609712
3238360
4301
26882448
106441768
348795
126
1458714
81336960
77031
785
435513792
22942896
184116
1038605760
1451108736
4517779
4830
11941660
12821869
124649
1580
7923774
83928
141082
2332801
418396576
19720
4713767
1603216
17865134
138
96178
18582
511
4905
792
80
11568494
318912256
941875328
24716337152
4764748
4171
138287
19863520
20549632
-133552320
21676
207
134383
810046464
13966755840
3929133
7311
256840752
7241004
16263
119846912
538771840
818097
332
414928
1256325
29417284
1319
35
60629
135875904
4067109376
488522
3447
26829580
1173018
3384
40691652
43577320
52637
27
3028037
254843552
19051
38
1743368704
15976063
52781
674720576
1437564800
4523310
1071
2628007
12675230
23961
1962
5554301
25106
83496
28736536
4689659392
1963195392
114328977408
32612810
1163480
62962280
78644903936
1859349381120
235674176
8486591
11491859456
2019386880
665431
21846509568
33265270784
202395936
32288
98589744
12146201
1401384192
298698
2964
3420542
3555988224
235991400448
70899632
915909
915583616
20436024
62444
43822544
1592466176
8316715
1064
58022496
248901152
1194188
39513
45015072768
493049920
2882098
11930713088
26172448768
159543472
134882
212078432
89530216
1834745
137362
113757216
735102
1083799
79080
79024840
6401900032
937164
18820
42716024
1695179
7248
1670059
126740744
120222
77
9616545
548159616
236924
2400
4610382848
68833696
399642
3426352384
9164595200
13099284
15718
47130896
33235768
378503
23214
22211946
115422
404562
114358256
5977898
12978
62920692
200448976
987751
932
651105920
51190080
4686306
802035
956697536
2084301
9789298
15280420
90063
120229
43564
260546208
7851
21548148
1862568
66615
292111
21358
957
150
12071074
878424064
459144544
39878627328
10723176
7046
29457618
22541762560
909769703424
175882592
4200740
12549053440
379022784
1148709
4767139328
13338755072
148825936
11832
6459794
14951672
534124288
56459
403
399058
973588608
17243230208
4451585
35959
201865072
5877083
100080
159021552
276522752
874951
100
36847520
1461089408
250243
796
9228351488
353526560
2275801
7133922304
27221069824
64206492
19400
61407536
123496192
361350
4128
80693680
894878
832099
26640
38108988
558185408
281357
1388
19703724
1665743
9988
18408686
-4416725
126596
14
10928539
205371280
27495
33
2503896320
70989128
605000
745051008
2115437056
4681796
3779
12202792
19627686
142197
5660
31351858
69032
64154
72243336
3059657
3442
43567872
75111456
1183746
35
170456496
326254016
2707581
104689
402046592
2307256
7851217
124342
18400
68864
44074
5722087424
1114511616
80590028800
26655626
508384
201062352
173209370624
10009805062144
2615097600
28136072
86342631424
3274992384
5124290
54590898176
63668502528
86105104
235532
2394998784
68507369472
61594140
376675
692608172032
11097646080
212566608
836207771648
2123096915968
20399226880
9611400
6053700096
27552708608
169441696
2567826
19217317888
81136136
75743776
1721006
1374611072
75242520576
21241576
427080
523112448
15546350
68535
397563872
503383616
2721689
2286
161452704
5817775104
618458
3949
34245287936
2305056512
5126455
17817444352
25150894080
245620672
226138
570875456
274470944
540027
-10866
253590816
1113280
1243800
787191808
36752480
515956
491055552
1529952512
11095206
2664
7880986112
4912401408
41315796
5844857
7586405888
21300970
249730576
67457880
312508
578688
441024
9394611
566560000
83688
2433
1260940288
79501216
327128
2822511616
1106181888
13996982
18414
10454720
49411124
107455
3054
19025188
22408
215007
191303520
11346630
34754
107448080
327727712
1407215
771
1393167616
1421733632
12528096
557056
2492782592
5189512
821102
12000487
89614
53224
60358
57440352
66896556
658880
8398
49075348
227561
652837
379892992
3551715
3657618
1825033
27168
9201029
592778
110088
2310
17659924
8347980
64586464
878415
105199920
2635218
12930
2192058880
146689184
3946454784
36179268
1796406272
8458280
422412
8753762
880952448
6469563
516926560
5235042
115146
21065142
161215536
11520318464
236248656
1875359
144611360
2016428
17668
5578904
110090048
620992
24409
4696440832
97032072
2595220736
8215912
290343616
51516924
122748
7204658
269602080
1648905
121260704
4619289
61813
7374731
72345248
3161465344
302461856
1103340
44367360
490833
8838
67095712
102709216
551747
22063
7560472576
600918065152
2846627328
73268486144
6425652224
43685588
117627928
30872444928
85828496
2782628864
299026432
459872
139165696
1684981120
121345564672
2858578432
16477030
1964628992
30401616
117451
395569632
999038976
13254524
232361
114500120
10426722
153317888
9875379
31506
116776584
440575104
17604853760
759204352
4779351
784707776
3635621
34385
55947932
46555416
954796
6232
14137853
499966144
19188040
112642
6518873088
187085696
743989
4575251456
2326108928
68350712
431754
22487826
86904496
1244531
17196
27556796
465984
104097
1237782912
140900880
2058875776
29693756
1947274240
38706632
89899
10833154
756623680
6432987
361921472
5184356
22991
8691387
76210056
7816017408
88488568
544724
88689520
3202454
17971
56338880
73756816
640952
34108
30936336384
507896201216
4333736448
384033488896
8182688768
46336292
252183744
13956441088
122143936
7914436608
180335424
1317744
177103408
309870816
196396843008
4631883776
59095468
1988363648
47505108
-34542
967776320
4497933824
8908423
87791
342982272
6864257
158776048
14036279
36954
61427120
465592864
30072129536
429668512
6541151
393805408
6742054
14212
269080288
236793952
1359487
74691
18041322
1037814208
22478490
26011
12144235520
101959040
285710
2037486080
8646380544
38461500
1508497
55208984
78563680
748888
17726
16402692
336816
1298463
17210458112
340931706880
5024138240
222407573504
1282888576
39150672
136521152
19154356224
120916928
-1249255936
170260832
638280
410691808
4665178624
73661964288
3976694784
13735264
2542561024
33834312
173442
471394624
2277760000
2631579
436170
317641536
8360957
352080096
3793634
64106
78972880
157273312
8183689216
604371328
3460896
270228736
5443051
22682
180604944
235598288
5368398
25371
13430425
769240960
17782056
147832
9859765248
228840208
439040
3583060992
8584473600
15241977
1470712
14424928
32787632
179678
21186
35511704
388975
1088102
18368847872
1654883352576
7088977408
831650856960
10542315520
303694688
39653036032
279764762624
22746442498048
624943169536
865398720
154146635776
5972924928
16946216
90466377728
140397969408
3801400320
43634920
39674179584
52732120
11468093440
251124128
509884
962562048
20527126528
446288953344
8577206272
48438984
4744528384
154950352
890394
2327046144
6225086464
71215048
462974
218788080
26954831872
313894144
1019767
139814420480
6138573824
16375592
13639669760
130128625664
1998377216
19764800
629173632
2469501952
6945362
175820
-21862600
2985150
8255313
138598272
881251840
9659947008
884927744
2227898
586927360
-575388
53723
298584160
209893040
984449
18519
57634200
2273929472
51033872
175547
18339010560
823807616
1178256
21009031168
28257677312
614443840
5806226
87814776
320146048
8722685
34238
155016272
509950
3223291
639118336
25060562
130867
575320576
1251573760
5713053
93359
2734022912
8183445504
26909866
229617
2549009408
21416196
63306680
9947540
406268
286147
173276
8476049920
345228640256
1805918976
324556193792
12069156864
15693634
37868015616
147425869824
6185069051904
102198378496
2575813120
75615666176
2373187328
1025416
46339006464
84881006592
306539456
8473401
7909153280
74961528
2521961472
84350080
704840
300450688
1687442816
273761320960
7701879808
86474456
2578664192
4427478
160278
1144067072
1796059648
21280088
725900
92185552
6464187904
202178176
519096
79429582848
1598226432
6667685
9982844928
67206434816
768497408
25033464
429514784
790772992
2184717
109167
147434400
1842104
8601246
39425628
174465200
8439422976
472399072
2217591
149260192
1695081
18264
168170112
392860608
3200666
29103
13777005
689364352
55613692
248875
8966333440
419756960
2272319
5788534272
8673028096
85210568
1635758
46850764
145793632
813582
37757
131872008
1109227
1019862
280173120
3119564
26289
327522880
247155392
764455
102092
1182494208
2364048384
48046168
557646
704206080
10181696
22229678
306762
119133
513368
171093
733990879232
5874314752
338221957120
16633439232
228695680
131402956800
229767053312
32624177315840
533340160000
3273398016
215514693632
2243924736
44819080
266717954048
565859581952
394486592
24197248
15875311616
913666932736
22549702656
130754344
8688593534976
159199477760
596002240
6281613541376
12067894460416
72335294464
2135400704
53371133952
95691472896
-29902320
31729816
78442332160
911976064
895083776
999732608
7707558912
296262074368
8669663232
76645776
2417173504
65208332
139871
1812893568
3268670720
6593195
142978
280470336
27207794688
440153696
2162894
136568782848
9737308160
23474478
242541740032
514202468352
644600960
5953771
743586496
4751898112
4410454
395686
2092571648
-807771
30956434
5625029120
38031496
1226267
3976930048
6111677440
56948936
788198
36492226560
47161696256
387624288
4531050
24071815168
166181744
889323584
155418224
1961537
2184653
2621562
31383092
3842555392
20460632
692462
20306296832
398394112
1410925
10995423232
10484049920
41093460
2071548
108730960
70276824
487174
14865
160741200
351244
1619452
1872485376
54294624
52610
567764992
1341617664
19222946
178477
5213088768
20333006848
35381424
2010412
5953805312
24566010
151431664
14920216
207966
769288
557333
222698640
426821792
869250
41352
351514336
1111736
2124530
875564480
5490730
3499481
14400454
239671
5542941
71639
193379
4355090
265800448
28630
507
-295
867797
1714016
30066802
2965
23
24439
26248194
565248768
107723
799
8431536
594074
1452
10564037
14482337
58723
4
45194640
24441824
671506816
47858802688
13234555
224530
389073
16210967
20387040
698008768
283832
6759
506684
1085886208
29742092288
9950468
377043
143593712
1346685
148474
116937088
437816960
3788891
2782
2776820
655544
57162284
10439
472
238649
95384672
4862522368
771304
22535
10565332
2140821
18911
38000748
150217024
142207
206
2991249
213832064
37820
406
506409024
27970418
167849
410457312
1460049152
6845612
3204
3424603
6497400
45809
1231
7593448
11360
58453
3274218
145608032
19381
4998355
512765
15315841
248
156925
14328
379
7101
1664
103
3697119
103167632
129532768
32433967104
1596774
9380
145277
8699586
4404201
975649920
138809
435
392865
56009712
19195779072
1271378
21025
51128976
7930367
5844
117880232
190678176
343186
117
116707
1044525
34657408
5522
17
42661
61859276
940875200
227734
1912
7315360
657481
3076
6622682
29092012
37932
18
2717945
88042384
15700
48
511113152
23909212
154364
637535680
988140736
4544303
970
6305985
12423766
44587
2131
4703676
26425
21887
32257924
2291887616
3605226752
78977941504
14612327
273774
53379900
41471983616
1532089204736
716098624
2738016
17954252800
598024192
5448000
18540210176
29495062528
170921456
38807
100211360
23268716
584312960
405136
5052
3025060
2161191424
101397504000
22578034
551927
242730528
32477816
204444
725532544
585573632
8385241
1943
29364444
1420075392
463872
1599
24388888576
808728192
4578427
11605582848
23486672896
26832796
33928
117683424
247094048
410347
13338
177534160
473336
352543
201115
95529904
2967631616
1838396
26727
86532624
1106220
0
29851324
58716176
280758
85
8171769
167449056
88850
1036
2931738112
101182800
204106
617654400
2627183360
1118038
1160
36065864
64688600
162194
1103
70330976
115964
183169
154422816
1704689
10125
79658576
145209632
378989
199
402996736
1344127232
1073964
42504
979490560
5299635
2765260
3444250
77023
54923
86261
183502064
26324
17267186
102348
25749
79672
9492
759
24
9116267
-26223288
526579392
28388155392
2205305
15824
191372
17592424
12009098
515752992
121135
362
6757
509040672
22931812352
3578774
25392
204223744
509113
38781
80553392
538146176
1263767
400
538974
1455254
37238972
7431
21
17488
118063240
5466264576
454470
1016
21747526
580860
3559
22865592
39389536
227986
50
3317129
100243392
9752
44
825767616
13936396
610632
791044224
1544223872
7808434
1180
5826562
8862385
162370
2158
3851092
50409
65889
-3883571
4599641088
3647436032
174543044608
43977780
523925
34307692
52103368704
2199490396160
915101312
19910828
45809139712
1210162944
4368257
12593599488
51631591424
152155984
74917
82238008
23945966
661830976
479892
5604
4214125
610718848
139366449152
41619616
713760
18916664
16390324
107550
425463904
1734056448
1996303
3150
52747936
3784456704
202478
8184
17181081600
578967168
4575840
14089710592
40938377216
86386920
136458
138576448
400619488
1001624
91914
83416448
738174
674856
23463
73626760
1836752896
2343923
50955
69541008
3237167
4302
26248454
106045376
348795
126
12812191
265237600
66012
1395
3839443968
263045632
563562
4135327744
8039603200
27856648
21120
25766172
53809824
755908
12599
21707592
76748
1003579
104907312
5264032
30651
92136952
166229120
676070
339
889649344
1417735808
22812610
288750
556071360
2708787
13915416
12819426
39414
124147
44046
215168672
13243
28831978
2060447
46288
132571
22944
1240
44
11582189
1339709952
3057007872
57012756480
9979452
19107
33821576
30641729536
1987539238912
256383408
901574
18250045440
744910144
1205317
17418629120
28895477760
7998492
22055
19849176
20750030
-132391504
21478
207
377514
2067448448
249618169856
6333147
27117
650209344
15047098
38400
634377856
1076684672
3175687
1664
38284896
2506733568
196439
452
25938178048
546160640
1783391
13088160768
44641067008
133152704
29085
153219968
216187968
1265874
23156
137351264
987855
483416
60203
135820000
4068590336
489156
3447
26707170
1173403
3384
29600896
43077492
52638
27
4222476
127986560
29105
207
4947897344
74791128
564959
3264945920
3661503488
18853728
4560
29055020
67074572
84486
1584
18289646
99528
728330
56231520
2318420
3982
44294496
74534192
154755
49
643699712
1016610624
4822455
207600
477089408
1960383
8366047
7374751
59193
146727
29135
4287614976
1971233280
167194476544
32562876
308574
290319008
297199468544
12547193307136
2384959232
32295560
98142674944
2128107008
5763942
40382701568
80571908096
459502496
158844
3529848320
163084042240
29072440
805273
2694139084800
63922298880
302858944
1354991403008
1821211885568
29311645696
1919608
33535424512
58456809472
276662560
6599970
20778223616
96186104
400280032
2910913
3551183872
17795172352
70812696
361608
937521920
20700984
62445
695637504
328582112
1239368
1063
150227248
5041008128
2959609
29640
124428664832
2118728576
8180295
46494814208
172645335040
535063104
161330
352444224
607720640
5080321
329760
463130368
646556
4811681
1658890496
51726552
136524
1257326208
2019623168
5495655
16616
22093789184
30584330240
86479760
6281521
15336159232
83029592
87607992
99016160
828938
1955625
1036008
9661042
694909120
236119
2915
4613332992
68856800
399642
1956667648
9204824064
43464776
15717
36971264
33288172
378504
23214
53541732
122406
404561
405897920
4150535
115962
415222336
1032208000
3928729
1312
2477207552
2418334720
4210078
564457
1967765760
12250937
32047486
20869938
72672
343187
303774
85126696
136813776
1081700
35825
56411852
204081
447035
329209152
476598
2077426
4805697
60909
13813035
617403
70472
599
878080768
472072000
39619035136
10733071
7046
9671572
86160629760
3127571120128
553796992
2243123
16936704000
1414481408
5684405
22208579584
47522947072
439505408
23528
5996041728
177497571328
12151522
20951
564777254912
30703392768
123876776
369057464320
542967005184
3839686912
1962311
12358346752
11451024384
59484184
3298360
11540159488
95942728
9525377
400471
977929664
17381632000
4460750
35959
201144880
5682195
100080
57405824
277106816
874951
100
40544572
4229416448
193256
2170
34442190848
1490908800
11750901
30048954368
77964804096
161634720
12487
163145424
257694272
314551
37328
305504256
2485560
7023440
586085056
27976462
78100
241824752
868641088
7212804
1672
1784595456
16642132992
28516414
3980628
3248731136
34437648
203057136
53841816
364085
677387
331328
10898209
205267328
27403
33
2508322304
70956336
605000
880680768
2097118336
4681795
3780
15232738
19466666
142197
5660
16410529
59832
64154
193108240
4600471
12921
106605480
264661840
629514
162
516686880
1298767488
6876482
247956
926735040
10439221
31940926
3773616
26004
88047
71064
24371720
62504124
207667
13243
39515016
155490
309146
235751872
880978
3653698
962787
30248
114507568
172482478080
9981328883712
2604838912
11547974
86038282240
3287937536
5124293
25490249728
64050692096
86105168
235532
13570894848
381005692928
169491616
2671090
2457233522688
100876410880
33260892
3862620798976
2902452076544
32788922368
6170986
20071942144
54045065216
185836944
30516704
31998085120
96233928
1009946112
264263843840
5562105344
-1833842
75444289536
230281658368
382593280
64945
176521560064
1412621402112
4510159872
319897376
1000745861120
4774814208
22475528192
8804855808
58071904
33746940
34605512
162595824
14052922368
624540
11184
34473181184
2319830016
5126454
56683892736
25239326720
631896128
226137
332028896
274343680
540027
-10866
208177648
73309
1243799
2016042240
78638888
587952
1862040576
6803496960
16023440
5608
37916164096
10221002752
-482543
9889750
17171841024
204727728
694428416
372499616
1063273
1154196
851182
295184768
749063232
2035299
24816
677903744
1959985
6821892
12205754368
67309136
66703228
110977832
526258
191636928
11187315
34754
132789440
332490944
1407215
772
2422392576
1429771904
12528092
557055
1641482752
7235311
821103
17824648
100877
53224
55906
194010720
270310560
687472
63876
139052048
1355635
853450
958273536
11826610
12536884
894678
77047
27627488
210616
200435
174494
2842202
48473
3089044736
60204068
1337131008
4969537
871488320
30365122
334026
3283986
600532992
847209
30840882
9651854
10295
12279608
97765832
8956996608
201726528
1685537
99292000
2759899
2616
42747980
166246128
421576
10745
9141768192
272922476544
5068323840
144453386240
3990375936
37402496
210835888
25781843968
78063192
6527316992
154716256
1502328
251885456
2402307072
207970238464
7345558016
45109480
1675338496
7615922
180210
1127265536
1262731776
11919672
372604
1081328896
11165289
283468160
10309520
24236
33772040
535824832
30321389568
715273344
5196164
457529344
2038589
30761
291789504
232770880
2246844
31356
6692679
678334464
16711818
31296
3757218560
-10797842
962895
5841680896
-985499584
20490318
2925312
45936020
206102528
278175
15882
66240756
282869
939614
8771826688
221862035456
840451904
3869110528
3588017664
25795556
185446016
7133163520
61264156
786129728
167185824
126368
134771520
1996735360
85095161856
5137567744
15624967
1072311168
26520420
24831
648585088
991280256
4711825
102926
659257664
4818225
315673120
1123695
96579
10918998
93338016
27121592320
252289344
4643734
280024384
7943378
-1320
159436928
442297056
1633070
52917
12544707
588595840
22241002
79111
2485559040
127476952
78906
2350051072
4482616320
23716856
321339
34128492
53876356
24598
2049
19739592
382859
371782
14190465024
1904811311104
11926009856
763548139520
21135554560
301616992
21253744640
168918515712
25682973294592
64762691584
6843510272
69082529792
3761870848
29049518
79886925824
188003647488
512071648
35154824
4269043712
39007372
3928455424
119207704
609444
559407872
10114914304
224611106816
15166346240
36519052
8345618432
89415456
616134
987590720
6121432064
39679324
477736
215950304
4924625920
170723136
587191
207297478656
4834407936
18245542
66110889984
31650367488
1294366720
5837788
497114336
1762770688
14394672
91638
539096448
7452777
2732620
78991096
518044096
37684981760
379209952
3938251
422091424
2375362
61407
56782000
214291648
2219853
14334
71098744
3570205184
74337928
450466
34757304320
797295040
5121674
10531085312
18400958464
66581420
886913
153571632
204679440
3294746
11358
160323840
1237332
1296050
433750784
16866572
22701
461337856
830143872
5739876
104248
2981106944
6136913920
66986808
779898
1598244224
35491072
46105792
37604164
123165
732675
588139
11891507200
405584904192
441800832
250382532608
3562536192
6028909
120421520
16270547968
78370352
6209551360
118741792
125915
102805496
1964321408
226625388544
2423946496
6335064
1366281088
15506978
344663
850192768
892119936
6215637
337896
753376704
6397586
365009024
5113526
12785
46183576
610281024
32208812032
280296928
1969500
177383392
4884285
44695
294843904
222205616
1726775
35535
4979571
466310592
6719907
125852
2852876544
58402356
4161710
4006916608
8565259264
56146872
2703168
38594764
54959336
243196
11301
65738844
390884
533341
19931598848
3245581795328
10528432128
1002667048960
18027393024
23154206
31838724096
176802430976
22156251496448
170231267328
6942794240
259209396224
4817015808
62432156
80373465088
394942087168
152028704
17143520
40434593792
153380992
-246527872
206601568
1317744
469127936
21965070336
540081225728
16275651584
134108072
4348473856
125427912
852720
1466190464
6657213952
22794402
280878
149465104
15425191936
349813888
-76549
252802809856
2923243264
6957104
121208651776
412930670592
2386684160
15200722
692310976
2733587712
9954975
22522
1049921280
7358476
2321743
67062672
700462912
12252646400
609435392
3851618
387994624
6814484
18013
184524992
237338272
1208344
23130
78221160
2037508352
10283754
363692
22741026816
781432832
1122175
17050141696
11822297088
450807392
15001240
149643280
489136896
2737814
33652
152472528
273065
942522
1371265536
11654110
143114
665759744
1275816320
1848703
200840
3668904704
11731796992
57026008
979366
3864108032
22836942
4332704
67960184
238744
600121
159743
9627710464
712495071232
7053896192
212032815104
19040692224
89431032
10060526592
317293625344
4962992521216
35480428544
2109975552
144203218944
5867326976
16444289
94567202816
193059241984
152380608
69266992
9375416320
94927424
3155160064
186120768
-1343
444370432
13643245568
1376914374656
7198594560
59998328
6652761088
115880512
218820
1252047360
5708098560
2231139
366816
130621840
8514924544
340185568
2759917
297371795456
2689503232
7391882
79038119936
345299255296
277114624
55675536
1010535616
406865440
7732642
210477
609008960
7152532
6745204
25716886
491232864
24222849024
630994048
2843003
266640672
5249085
3525
64766940
425860000
1151485
46714
45554808
1999668480
42145940
192852
17211654144
348061184
2241781
9613921280
7734579712
74243312
26890868
168777824
108611576
2882814
29159
104416888
2209253
517540
461489856
1475564
88610
303664512
1368587136
1313153
115807
4305129984
3309413376
63471728
1105548
4860774912
51209032
46154992
40890624
197414
344154
386054
1171252838400
16460454912
588257099776
28717191168
303694624
138183131136
815214362624
26505958653952
1410600796160
4524737024
271410659328
26188382208
34395312
358385090560
1014221176832
15251000320
166851200
33126748160
1734752337920
30985553920
80074128
9289239363584
397365084160
424930496
9556673429504
18722328674304
2779824640
755597760
51424653312
79362310144
901380992
25425018
102331588608
265597760
1268635520
930640128
21672658944
758298640384
24139859968
49391564
7438547968
134100056
890394
2292317184
8587054080
37900240
483480
674466880
90931789824
578815552
781596
1224774778880
31385796608
42845436
328232632320
1356929826816
7142834176
59880988
1499348992
6134245376
9584533
509419
3609781760
2379540
12892480
16204503040
5432656
847216
6236286976
15014290432
80592392
572176
75989712896
241438457856
659443264
47245344
39643987968
431954048
1195808000
1137028992
10332861
6146705
4347589
66578640
3739241728
89734240
416285
28953001984
1043397184
6595645
13470980096
5365505024
61244172
2314874
102429488
317965888
3855873
37110
154191424
57820
1120532
1755202048
36852244
89820
1087572096
1587693056
409044
193134
15096305664
23788904448
62125576
3058756
-2734262784
336429888
440565472
123152016
590263
1775191
245241
541787776
1531450752
4426729
53034
510188064
3788165
11006038
4212824576
44137044
40338916
31136792
263725
459629953024
1739958016
330490118144
12019625984
18982502
21589876736
463996944384
42310637191168
764797386752
4177334528
165608210432
5323953664
22218594
121013338112
364314230784
885427776
16260460
8785651712
946551128064
10175788032
134300896
3276594479104
88952930304
1173052544
2405609504768
7469872447488
10676691968
1787230976
60445253632
121797656576
343405120
13403071
38487080960
149380192
1118178176
333490432
5995200512
319789760512
7863606272
66494776
2565515264
3921645
376120
1429360384
1751211136
21927658
242414
397019296
24391358464
518022272
6417700
245509734400
1690799872
32933814
113813897216
190353801216
3429339648
85643216
1084123520
4004720640
9823873
245860
427203584
3356316
41212604
2443349760
47356844
587712
469993312
14131329024
14723906
2424402
33771542528
50442141696
274140896
5630618
-6047128576
199250512
713990912
344716160
2074446
3840583
7159102
13453299
696285056
55568060
231304
8952538112
417222048
1363850
11191895040
8658971648
67817120
612993
13769696
146245344
813582
37757
115914560
1714697
1019862
1810057344
24232194
131004
409807680
2103836032
4889477
56099
5283235328
19938938880
43401072
1043706
9272186880
32473512
42639808
73265440
613800
906093
165415
192121008
156142496
2324014
30493
248661824
407309
6467816
1230539520
10390529
62104508
22572842
160831
30168276992
1072256843776
19190519955456
501545697280
7258051584
217025003520
2373768192
22457300
244785872896
561618747392
1088685312
35434952
44944015360
4046488338432
51229167616
905204288
18850338832384
508166701056
657178752
18340309368832
57538691203072
85171806208
1685311104
22975934464
751507275776
448397920
40908304
262329040896
630323712
505394368
636630794240
12413412352
85020272
829060153344
1238116859904
8975456256
8877812
2767278571520
7206416154624
12362721280
544991616
5264462315520
47343542272
14591994880
16079519744
176896240
314581760
273820160
884034432
13575153664
768447488
1951292
367783772160
12538550272
14622254
233421127680
424987426816
1141928192
16641692
836049664
4766050304
8894903
101040
2285399296
6392123
15475734
12701539328
370693376
4600325
13622745088
15036269568
472666464
1555570
89321644032
597943582720
220792688
29998460
202803625984
327866400
1751487872
1941845120
4302419
10064780
642108
5345709568
5527247872
70679568
481104
2639123200
32355476
3476075
35080970240
156153376
671554880
473393600
1168596
1858519808
54339196
74814
297678880
1339144704
11283387
82566
2298998272
20459544576
50106460
1663141
6010301440
78080376
172582016
86001568
106822
769288
705764
1138086912
1593798144
6906484
75218
543310528
1870286
3963379
9515294720
18018724
3065809
39077668
359991
291001856
346660
755240
1893423
3640900
4868931
114912448
557171840
23109707776
3634249
6086
79713
9750114
18573820
232193840
24824
90
64113
251086992
24166260736
3422162
8451
90773312
2478460
15976
122049408
382831008
1476938
216
379110
1810278
31807928
2676
0
19012
50407240
1823344384
171096
2741
52702536
375014
5573
16143970
58342108
162948
5
1091427
92427992
17594
64
-22733600
27839726
124991
405364864
549606336
1548372
1664
3919172
15210298
98604
1463
11534614
83808
51927
16439259
3960468736
2872136960
120754937856
13006400
457484
78373032
21375545344
1396254572544
801063872
41970620
21150406656
337299456
2566014
21928185856
25196331008
88463208
24377
57480052
27301738
833406144
214428
6451
2691889
1153560832
93573259264
25571538
572001
493580128
13978452
741960
321360096
553325120
6793400
14456
42130600
2181005824
1045184
4649
36582273024
737495936
680745
15144749056
16951931904
197244704
81600
121661120
212719072
2630758
6471
151037136
305952
2020780
75910
23728772
5745232896
830189
98176
34601836
1658485
12536
34343028
108767432
34723
240
9769242
484431200
165028
719
126746240
71237944
202144
1924738816
4423241216
19925690
34740
26819960
52882636
165904
5791
27015754
95568
123033
80231904
2635882
52587
183465584
105887952
671947
1101
544668608
668408384
6928544
150617
1007905728
1708072
11974396
2828420
36378
153402
18100
127437128
23436
5296884
1249931
21118
59484
22432
1040
72
8658043
1149853824
1236529408
39353602048
7348937
20196
12896083
41449103360
1007573794816
135142256
145301
14960842752
324719072
294577
11319468032
24638449664
78773496
12226
13968520
8815817
601534656
125328
504
333514
1442194944
95109832704
3554500
42195
503056256
6074866
32436
432071008
646047424
1007276
234
41751196
893312768
145554
546
13544446976
497987264
1733346
11482286080
10307780608
120282160
68
60425060
136742448
600566
36448
165617328
1324210
1435970
39359
31051726
2732971520
352644
1922
10164810
1109090
1920
20450492
33630308
104003
8
7463305
237354048
33197
69
1486257792
56082768
467168
2361876224
2189500416
6991392
330
2977603
42455184
21915
1434
22289008
31856
203831
45321120
2438951
23254
28391542
71722136
268057
54
197831808
1188560384
3070079
154295
425929632
3415431
5627444
11528823
0
55151
37451
4541528064
2447951360
128743292928
25248618
820164
245280080
78310301696
4498338086912
1522885760
1735353
123037155328
2080359808
12635927
52271902720
62286688256
309164960
97190
6742491136
339640254464
16948528
227123
734745198592
9258202112
50531132
403230851072
1667445030912
16579382272
4176521
14207114240
23361802240
131344256
4258629
6275291648
154195600
103370552
3644344
3862579200
129365966848
54928172
445848
485010688
26301478
61344
231116288
571897472
3114886
911
84340464
1601367424
2146282
44952
99978297344
2369532928
19217740
34635771904
214812868608
43040640
182735
357926880
749571136
820695
4047
752516800
1886216
879215
1642248960
32705738
351708
1102253696
2687700224
7992076
2338
16142287872
20558649344
19308980
2742793
15351400448
62463992
6751557
69881264
245544
1996464
1667904
15518775
462433504
171834
375
3767650304
176983536
3564
2529480192
5558798848
28506392
14029
23695642
56683344
124528
1698
70476336
107859
216849
100551376
8039835
21671
310148384
381747296
2179657
1212
2747436544
4466613760
3158536
538922
2260992000
1588279
6312400
39365240
15954
56119
73164
118670456
84058520
105696
15408
86408104
30941
243554
107902768
1272045
8582526
8552171
50090
18896864
3455362
45936
664
9213188
573319488
2204401664
29450196992
18624318
80628
16472018
61350318080
1971973521408
328996640
7446050
22800830464
553319168
9271793
18543882240
15335909376
378015104
11788
14006196
14693625
622112576
11042
315
494301
2196739584
101546967040
16523292
22178
69291080
26535952
141960
259397200
290781568
1769294
570
26791882
913261440
121988
560
13934419968
497160384
13134580
13412232192
25805449216
112361248
31640
62899480
144430384
184723
10670
174482528
832461
336910
46434
73623928
3742202624
397883
749
10263431
587987
14724
19437708
39057980
139422
30
5658443
485682400
12144
140
2585938432
127707512
696856
1497812736
1856746496
26654914
4090
6273528
18168072
95228
2123
4077737
223658
43233
33546330
2141258
45876
79030408
123771824
994451
110
387205184
410039904
571574
295526
504162176
12082446
2505106
3307730
63392
46526
28356
3451713280
4807414272
58974822400
10025512
265163
253550784
128097247232
10795375132672
2372310016
67725720
1695826944
2362995712
12655636
39288135680
113210933248
297399776
243408
5955163136
106679279616
41839740
1105618
706234548224
37118779392
733972416
1976878891008
4781142179840
10991794176
746485
11654225920
14424947712
196327424
3315937
16022937600
51847672
181725344
908081
2652033536
110920843264
37149092
617352
506587648
13898346
175188
841537152
1547883904
819488
1152
113165096
7632081408
947083
32568
93016031232
5412720128
32388338
38594777088
123212185600
255445184
393750
448414656
373595264
4006497
204048
891610112
920976
2699426
1174133248
60335988
649688
890408768
2096655616
15365130
3432
22402600960
28857901056
72592584
7648340
19299491840
115122016
44240664
144791456
432024
1025872
2283053
18278798
257496240
225243
3229
5765757952
194900624
584468
2977572608
10751190016
47508016
15750
23646784
53399584
323444
6634
46054664
185640
480892
476881824
13820277
222416
334520000
424828640
2421776
980
1115132928
4918885888
2563600
989878
2116616704
19187006
16631910
25908614
140262
71833
318974
57087160
109832576
2016516
22908
74789072
129432
2044678
476834464
3559134
632996
10086954
22936
18828460
1775898
387252
612
1118626432
335707776
74356555776
22187416
36989
8947714
164946182144
3985966891008
914699840
2388375
54452879360
2990270720
2993574
62891466752
112787128320
99322464
95036
3510712064
71444750336
13933143
27798
1028332060672
36154695680
39815960
970136813568
1892249108480
1956224128
2784168
16713433088
42496925696
55365188
3037795
5952914432
16139025
95425232
548739
2378107648
110469758976
10138385
25875
558107584
11340270
92597
310428544
2071311360
5569740
225
133690856
5471783936
656949
2126
142139392000
3974110720
759528
64914878464
241213308928
298514752
84375
495930496
570070144
4247078
91447
541581888
2353796
3796932
765438144
6703006
110995
1047067520
1702549760
11362447
1628
8205828608
9619599360
35556416
1346232
17015713792
87167488
71713032
42219424
663490
1338926
803787
8340562
574808704
27186
100
5139094016
93512080
703871
1863342336
8328279552
8179677
3375
13303365
66774344
64539
3320
26311684
130458
374361
310398912
7222099
15222
446609216
477261536
1273444
48
2297233408
5154939392
14002929
895852
2427502592
7687157
11653060
9933424
26801
76001
111503
42982588
80388224
809048
13289
98959168
584097
1034828
65897880
3192445
7829985
3937399
39620
395541440
377057378304
19706673102848
2290326016
53919584
123109867520
1853980672
5075653
30532059136
157507878912
434283040
126107
40450973696
720058318848
233952704
1791504
6396423176192
151845175296
720493312
6135137435648
18762803707904
44591595520
23904006
19486060544
124817727488
560048896
9297384
39729905664
104864008
1154468480
98703572992
5998513664
19512796
24970047488
130714574848
2589131264
641638
63818072064
1854270865408
6153283584
638958080
1804137005056
12077286400
50078973952
19702335488
54891356
29519616
160499488
263538384
5214565888
2443239
29928
77312475136
3846821376
7805627
85781356544
253256138752
308762048
111594
941613504
719731008
8291754
192870
841669952
843960
6775554
4978844160
217298944
697088
4711699968
6615527424
49524948
9488
124002140160
84943847424
615011072
39621976
38312783872
184470400
448762496
432017888
1379203
4788050
5329874
1063050752
877472512
12413280
882440
795461312
11365883
9132869
11273617408
52284448
195888064
41218824
1863500
373039840
8207896
77800
146482464
467061856
335536
429
3097298944
2669267968
48527820
2958481
2035896192
17778362
74094608
9402103
123561
193386
154668
284062656
250102304
1439541
43758
214497728
582434
1642777
2022784896
17585028
8591442
5830253
213916
69122912
709113
782429
288621
2490343
56838
95717152
36114120704
3900463120384
208393344
748244
17794729984
1418200192
2170176
-3848782080
47113367552
113296256
43744
13509904384
420716806144
26796984
80563
2319898902528
141211566080
306428096
2399812976640
3200674693120
7848923136
1636381
32694149120
40956669952
426018816
4032338
6696664576
42493256
368970976
83831250944
3958667776
1984475
105290702848
105796624384
375432160
161316
256288079872
997876760576
15840022528
454944
169267789824
19871160320
13589026816
9532055552
43237224
82986328
33790512
149109200
2323778816
552248
1906
23790915584
947573632
9060483
40279924736
79543468032
110433968
29952
126714272
255563136
1976202
12019
361043744
1075836
3901515
2596697344
98988040
331600
1150321920
519038592
20249854
7816
25983250432
42041110528
162525152
534672
17250568192
18257296
437464096
171879840
816902
427661
820157
-29564258
526959392
2690808
185382
856458432
2969733
5436481
5224544256
71990096
152953536
80669040
445636
190262992
4557935
8328
72602200
263597504
329810
34
1570276608
1308053632
696239
98456
1967140736
4076049
7547537
11973668
79365
88047
63804
96741144
209945168
1431458
17166
173493408
714825
81618
1360453120
2422639
8701964
4126794
56104
38658444
85326
519551
256554
3689465
21625268224
463589900288
208620480
2252301
4300710608896
101022056448
140627328
2627554508800
4462427504640
21058273280
53371164
41725952000
54742147072
197992448
16506818
51129491456
101395720
240963520
173140344832
14063062016
24762320
319804112896
475788935168
3055745536
1150869
2801526898688
4442882048000
22585690112
1447771136
4443982528512
6663524352
9487984640
24584929280
164273520
159128816
286341248
143456157696
63249514496
371226240
21170364
71381835776
268516640
1892578176
1229125451776
8420132864
6623561216
9501151232
93147840
2738495744
163807088
275471
820580480
7193875456
21411546
10904
36519694336
51563753472
-12669713
9632951
29810444288
302462624
692515392
177177632
1324755
1084968
1392888
2398165504
1953724544
17274496
525096
2156462336
3252481
22927090
23622277120
299569408
14849928
124080592
848095
208213088
120396
7075824
4417370
90097856
200709232
271427712
544012
12196
69627208
823673
658036
604121088
7804314
21119694
1936540
100760
185640896
101210
172684
379978
5650754
267082
9904656384
104829517824
2222377984
257922809856
4228519680
5141823
46037392
6136522240
86220568
3473522944
90207600
829652
73345048
1842569728
113477181440
1177406208
7637653
980625216
18847130
140633
373508672
868283904
616830
94636
224404304
2362854
56291012
8912728
28763
54831532
239526720
25598820352
295730240
981842
267233920
3199380
10592
77282704
77645552
1290572
19657
4136732
258799008
13845925
80424
3314867968
56464128
640814
2949696000
-516955776
24271676
1326323
22153380
40894984
229375
5469
54806528
489370
267877
13593617408
703879905280
9482508288
220397371392
13330791424
78715080
48650338304
387081371648
12546526412800
244378779648
2434000640
86649225216
3505768192
18195740
62573838336
204130058240
907233728
9696201
19411705856
189874944
3536292352
100524344
763984
716184960
13754017792
538911113216
26215409664
142712224
1767123456
88989040
342776
3062245376
5054074368
18003996
710507
126197480
11743551488
197209632
1750058
82127462400
3743006464
4467785
146066358272
166000263168
685569280
49631212
634057472
1047466368
16193531
45256
827391552
5656716
20624318
116339000
779517248
33758044160
979836544
4649582
304102144
4738817
80152
292666624
592187648
2225965
28128
48097644
3830126848
37190024
360840
22768132096
154825984
3500926
11367463936
13777873920
71464200
6742818
55705264
129919360
3667707
43140
39514476
565738
878250
944225408
9753568
22580
224733536
726439808
6950410
86564
1428839936
3774982656
74646968
1593263
5174266880
25118542
225768752
22416020
41210
489863
40813
9892962304
864072040448
6454946304
864494354432
16668365824
96066256
15188579328
87421911040
14939549859840
187170701312
968652160
99313524736
3164062720
1563889
61388034048
249552912384
87608080
49011164
12924385280
65225144
835911424
54242588
212492
412726720
2717612544
378315997184
12984023040
9082805
3697695488
53539480
39102
696658496
1525102464
6843790
61541
128055560
7919153152
180436064
362595
91642839040
2367111936
28197804
41375727616
50245758976
266870736
31065714
601348864
1073059648
7441269
121800
414159488
7657201
13863256
-3903248
396907680
14458083328
378503904
5373593
292319904
4155835
42093
160711424
322187168
3401307
34513
34842008
2820429824
51276524
127357
18838024192
281578560
8369067
6782248960
17860904960
74381480
8387660
103168680
149506512
364294
33795
80339696
1148580
1936192
208209536
4377008
56013
54101928
689823936
683384
55356
1913770496
7689474560
21012654
573993
1508330368
45560328
53676700
44417456
77362
570766
436160
2185818144768
16060176384
715666620416
22195593216
59039372
96491356160
1132136366080
76797001596928
474713456640
26306553856
490807132160
6764876800
18797770
235929993216
548598317056
1456774656
100029376
23484368896
1341978050560
29113647104
183035520
7211213914112
188019638272
1975064832
3895047225344
16505497452544
52189843456
420618720
25330046976
233901998080
1673004928
27584136
36508323840
843483840
733414208
1390668416
4814609408
198465388544
9215967232
157134976
5057429504
45867084
141083
1844872576
3324892416
27070908
929280
386920224
54792077312
1759179136
1336607
465896538112
5881459200
17947128
127234555904
479831228416
7556850688
66363928
2776217856
4708378112
24003296
147618
859550976
5603798
5213472
11908420608
136449600
246420
1491510400
7737333248
23327284
773976
59279196160
237773848576
1579756160
9221689
21809594368
230470656
991465920
651286912
2980407
1691160
11506526
-10677083
1171768704
89578336
252048
29362860032
356525120
8096902
12341894144
18541856768
272370848
2515010
154212976
106988784
1819048
15144
160065824
423208
4460363
1644334976
36569240
79597
579317696
4612036608
1596744
192004
17260853248
28632483840
215010528
2610168
6155192832
238726528
57768324
94403256
531094
120243
1117487
-101082344
658308736
4183405
80308
426507264
970902
1693671
1253921664
17005846
2768520
19672046
268893
10507926528
1425754030080
5296995328
675134636032
8991318016
16773267
25793320960
107910561792
19313954127872
235434278912
552959232
183818010624
2963442176
35174888
62122807296
46455955456
560961408
16698491
23090667520
109009256
4982654464
63125012
105435
688291968
7659756032
1103966502912
10251296768
11880482
2312805376
151021520
1033989
4808750080
9341350912
15129457
675792
321442464
15711722496
179654272
447587
30313310208
981741248
30802402
81997037568
198060457984
490781824
24473592
173535280
708273088
5693952
40677
-47805416
10162987
12987400
30861638
584249088
49863925760
684520640
1528332
176192848
4930673
27189
294463328
225150080
1700892
25992
53013680
2508316672
51241440
157560
3182806272
113664376
4263911
10923851776
14255349760
103795488
3106402
93599104
96545376
1217913
15029
14166516
781768
1894981
408409792
5218239
13696
389080960
333512544
3967915
56283
897534336
4442048000
78127832
461928
-481092032
46594652
81918704
21076976
95158
576430
361550
2342447742976
20686759936
1211476606976
12989540352
22320860
42876633088
723540901888
28178194104320
2521195872256
1150579968
275054067712
18940608512
7255831
165454970880
916980301824
2598681600
34287024
22318659584
1662803640320
13148906496
297240448
1281130102784
409214615552
6418660864
8767930368000
28339452510208
213104328704
8727307264
100930772992
164990943232
2724449280
61865604
104392613888
638989760
359738592
1012440704
14308641792
416990429184
14471980032
163456512
6246255616
103476328
426360
3886704384
7894053888
13819864
319522
800232448
64043335680
566766720
5923799
488535490560
15825930240
7528147
308621410304
1231538880512
5049729536
128391688
2744816640
6275025408
14166453
506112
3363326976
9391097
-715568
6866065920
132157208
608608
1985527552
19942408192
81565816
4455001
88136278016
245660336128
787536768
12519523
182081732608
445967136
391213216
1196509952
2053106
8751290
14604991
49447596
3312236032
-993340
64392
9586466816
778391168
782015
6934484992
26181556224
113370168
5304168
150228192
488696256
2141946
42004
149144960
562268
1014401
2948592128
54573760
132352
638433536
1897590272
9336333
297000
-289485312
28290693120
51025980
8040312
9127806976
49069508
283015552
187711680
228980
1184416
1739414
173198192
413840640
595869
199946
647633088
1001091
5712830
4087729664
21386530
47383300
54694804
216602
802034548736
11132099584
451463053312
9575932928
112596480
59119099904
818942509056
31809236631552
661836988416
12314742784
225078362112
13761166336
70533600
451124330496
352712916992
1028120064
20341366
7978343936
686949072896
6849323008
43159012
3731589431296
150830465024
592838144
11977326854144
9586626002944
14185054208
433177536
61988855808
159115591680
811455168
7990924
105327575040
1081867008
398568256
621942464
3877567744
237366951936
16161459200
4541408
2696903680
77421248
70376
760553216
2158158848
6835739
130151
535487872
8031318016
691995840
986305
379028799488
10249797632
19037354
432804986880
511896748032
517871904
18434952
4180125696
2896241664
9304520
642816
1896646656
10602739
26033488
11695423488
200536464
297924
6564027904
7609802752
56541892
1860270
100762812416
43308335104
252998768
20520490
114488606720
319623328
1177278336
698794240
55296
5619109
4111595
40097276
3305233920
7338023
218669
20813793280
269040128
1025774
16076508160
15114557440
245671360
444474
169855712
108259872
625134
39321
164368624
422439
1023776
2361190400
17462502
246518
923701568
1190137216
28270938
695264
11863499776
6676339712
96810864
2007599
13566513152
306003648
92513592
69282976
17163
1345985
287441
237403264
596854912
1768673
83847
513714144
1134664
3209709
4430627840
2538608
44414452
9974852
161321
135164067840
1387452432384
90766256898048
407921491968
25713502208
557884309504
15288012800
18797772
469606170624
863231082496
1436914688
98670576
91192410112
1979248803840
139055824896
685074816
40478598758400
1756430336000
7326564864
34947467313152
97386856710144
2877908224
1243849600
163788128256
532023771136
2298885120
86619024
198241648640
369438336
646069248
1485202128896
40191488000
57036984
527092088832
2456646844416
5665415680
65665132
8018517295104
9763583688704
94396760064
91723808
1438501568512
193616461824
31311536128
90685587456
368524320
785703552
811296512
556541696
41635229696
1168095744
1771175
813703299072
5509186048
58066104
726552018944
806939394048
7198782464
56509688
1186430464
8293573120
2252795
339372
144584496
27761070
13638361
59331727360
1150505728
1610831
38985031680
76307914752
188617168
1626731
342280175616
1267764690944
5801857536
16566043
427681513472
770907776
340534048
2418967552
1912105
799614
4956687
5543512064
7103012864
51265288
790896
2850359808
18797728
85592376
79486820352
612718848
386347136
61844924
4432648
1459705984
20048318
24041
955472128
5029280768
1155413
190953
3770536960
25382662144
1051881024
605391
9549597696
71126872
101497312
121507456
1016160
1241331
457934
1158202368
862286080
8048948
353786
1586402944
7307007
29184964
8121542144
287707040
61700848
14038984
635054
211968960
2943484
1694589
363821
16701592
49443573760
756375224320
24491486871552
686064730112
6478202880
161583890432
5341386752
38687696
119711645696
364936495104
710040064
24403588
44600201216
1801900392448
80641261568
392009824
10495735103488
486966263808
1957808000
4009426419712
14837019049984
403629309952
1499108480
98879946752
61896712192
1791413248
8741900
106854744064
963670272
822102464
455834763264
5985462272
211438080
183873880064
1103062106112
1882087168
163971520
2678327345152
3610430144512
164969332736
87544936
2076506849280
17356869632
76136546304
39616888832
147779776
496034464
108915952
360907360
29157308416
214119936
3755651
311587799040
4484787712
16426330
171910299648
-73133768704
2109909632
68829872
1092939904
4018724352
7011370
45354
421857664
11381966
43783784
12760424448
365322464
391959
6951378432
5780907008
34079620
6708475
163260530688
489771433984
2250792192
27303868
54965501952
1688229760
1726860160
1697373696
1113614
8310690
5008452
1254516608
4448224256
25253866
494039
4799556096
4546501
15713375
34978869248
61159068
11596560
408828864
1185554
810096320
36141876
36552
217585952
1176055296
6228396
36124
5255335424
19946102784
43401104
2150874
9260060672
25332568
78996408
72456528
613800
906093
165415
332545184
1892680064
2326793
137819
504938400
1792785
5514335
7431215104
13772740
454730
41799336
649364
60235880
235106
863690
836340
5779650
61644898304
-521586769920
50865672192
154015248
15301312774144
325500731392
1485010432
12906211049472
45011735412736
42131914752
3293128448
21377757184
753886756864
82258120
14889653
261979914240
1219760128
-135033760
1454005420032
52955668480
296575072
404208025600
1908063600640
15887500288
-10872672
7703988535296
27838887493632
72349581312
2550590720
12963338518528
44965601280
167918387200
201772433408
525146144
3383186432
647762944
294354812928
819183157248
1755226880
54668436
808199585792
3121629184
1186540032
4788345372672
18274074624
76813500416
50213740544
357472288
19984879616
720807168
531518
9692149760
-1934028416
536333760
969087
156230025216
455126319104
-19078796
19266928
180324089856
609822976
2126811136
1956173696
4210531
1943817
18186560
4417857536
22231728128
100096400
2602632
5444466688
33596304
84119488
97388724224
4012756
717502080
1708841984
11267068
2945010176
7353168
15381041
11388932
345473984
426842560
3169860352
2164953
64408
889507520
2601224
2953838
9465968640
12667658
3065809
65282200
359991
1103807232
1993719
1686583
1153273
12127750
1331083
8572256
370301120
2083766272
34566041600
7690753
18258
17540982
27081285632
857126141952
109427208
60996
8842970112
814893184
3056565
4801665024
29226860544
315592192
23
7946120
12011312
580145664
146710
392
580225
1097704064
96285990912
18849574
15320
146104256
15757589
1879
173159264
374665504
8432056
392
42624924
2429327360
85022
935
19772991488
610333952
1283698
9936135168
22538088448
49871060
797
87045088
191239344
965520
12233
102565472
1473760
1418458
47704
113486248
3481491200
648457
6294
40647824
620286
3647
10698146
53708352
417808
30
6183743
220909680
49622
90
139100144
109967840
694959
1200111104
1193267968
165250
155
9429141
29173706
116459
2027
25043556
147376
103121
36585472
1792969
10482
58084108
70427064
1052109
22
217628096
1147430656
8581246
86527
397282048
15327110
8963116
7339480
32210
16780
10809
3117962240
1061325504
57279176704
4397170
352181
427954880
120757428224
6360476942336
2748820992
12755333
73486598144
2711318528
284249
98563170304
100120379392
113602616
12397
6893086720
237714604032
18134770
1175862
-5439962624
34750623744
42404528
564021362688
2072955715584
10051014656
21850850
4810703360
30915031040
99739056
9142345
24172212224
34743424
247042112
1809169
4470284288
139129094144
41446188
315023
978762368
19490812
376080
478092096
926126144
1315616
7200
79156280
4880534528
2557563
18799
107724324864
2981096704
1230990
46751690752
84108959744
747855936
295904
460793280
714655808
1800674
16590
547513216
780032
2397868
1319094528
43561636
88125
591821568
1275888640
18713446
7488
13818550272
23798452224
77966856
1377358
24667197440
-23770
31886598
99526920
758796
1301876
4140003
7846395
681551232
51804
1848
4468133888
63607048
417922
1526962560
6422240256
7674777
10660
18139842
47021084
276762
9834
26971136
108036
105909
483294176
9867165
78200
163163824
541189760
2417533
964
2461570560
2466001920
14859088
187544
2730007040
165130
7479569
27967884
343673
155710
234269
79988712
148599088
222186
35269
74329744
673700
253327
392592288
5289401
8008385
43125036
109848
28298976
1690367
30870
288
372282464
963054016
41091100672
13343536
0
25795100
262330564608
1781717532672
177995024
2250165
20593487872
518112352
1012501
27401576448
45686407168
126283136
36677
3999096320
58425270272
18480118
57210
707246882816
20301301760
58141556
502955638784
751735275520
3085796096
1619015
15390971904
14422142976
251018848
1542911
6658277376
22016600
120821312
81936
1433902592
110868414464
4947831
12720
145532832
16223972
28986
212536176
698578624
223754
216
132828144
3617824256
303083
1259
53286514688
1823955072
688996
23512408064
103340425216
81646976
6552
117150592
111235176
111527
7182
357033408
315640
4307910
750607808
41389596
101233
915310400
2019009024
2787237
336
7222884864
18398220288
46193940
500318
12244709376
54526604
152698464
79971152
487303
1233583
277618
7295626
326357504
35011
40
2734699520
64384192
791952
2500290560
4222402048
8039901
2010
2840475
38916728
21130
3593
22323718
78210
57822
76111136
7874766
3092
153378080
329831552
75864
0
1202592896
4081151744
10650121
0
3072898304
4420613
3378245
16054238
93298
135825
73420
20102192
64784048
124135
10113
59583116
279306
261652
451480800
2382390
4159762
1724175
19833
149850784
247293689856
6306108276736
1691115776
92709528
162008006656
3091288576
283824
38911295488
42377699328
433438688
7008
14785933312
616447737856
101293696
1315668
3851041374208
192539459584
55847804
2200486543360
5677878083584
23838363648
18364252
8180791808
64703492096
394032768
6982231
24148307968
104177104
60629280
62420557824
5762727936
-515668
115777429504
240366665728
991236992
255249
558879997952
3452714876928
9696988160
198315984
1523058606080
3573550336
23815352320
3895096320
62232640
81087776
71519680
83289504
10452585472
1567584
2576
148116242432
2091001088
4040014
51192438784
215481974784
116527344
11220
479615424
1269785472
688392
42034
340901696
1555742
1580448
5905696768
196866368
20276
4141711616
6351008256
17609004
1931
68434403328
161158512640
53816972
2112363
49961553920
252199136
21502026
394379200
245544
6416440
1667905
962349824
56706912
10149406
114789
294727872
5707901
12142174
15220942848
67241856
85463656
33309090
549468
289836288
8032375
2970
106059600
667364224
753969
577
1481109248
3553464320
15192781
154782
3042690816
3285642
8365661
39409216
110625
131774
182856
174412000
169732272
973170
103007
290636928
542875
1099020
1763779072
4225042
14885318
6630891
8421
41239144
58176
284319
91114
920376
50664
979279232
2104406400
38062104576
4049455
68868
37606232
230501056512
4361123790848
515104768
886693
24414218240
2457748736
27815378
43445829632
52241932288
84533040
18156
9777569792
-34696142848
17023114
114420
790581739520
40155729920
135537632
839359528960
2065561681920
4040007168
2234357
5256468480
17467598848
60585144
3244427
14324723712
45529252
150660944
757736
3777345792
96949075968
9403859
3432
426428416
17847272
132552
493197120
615943168
3485251
390
148476832
4252183296
396546
3096
127772442624
4639488512
6188474
54026747904
49676099584
168266992
51287
189892352
602228096
1125503
22835
404182304
2497382
2227456
1133963136
39930160
240161
241573616
342860032
10983599
2130
13494688768
12503596032
8147170
3088404
15207355392
100047496
173475392
72219192
327700
728240
212304
1753475
133840448
34959
110
2478594560
105297328
1920601
2167862272
5230719488
20817482
3330
2333759
18442820
58094
1947
4104951
262238
186052
120001600
13605995
61252
301387328
408998016
2340033
280
79036096
2910212864
111105
404652
2503028480
6861422
23016406
27816900
10775
121194
155541
32474752
73026408
72776
8066
59210892
520824
42449
290610016
1265123
3978912
1783059
38682
176508896
69697175552
13042255396864
1428025600
38688988
75556020224
2891553280
29190640
64619864064
180704968704
309481376
29358
18540253184
492227592192
-50586764
1883743
5205874180096
99946553344
1035634880
6378196828160
16463980134400
32974084096
7142785
34590998528
82866765824
591941504
2146431
72835596288
154041216
212791840
121772064768
5900589056
39811280
201567174656
102783287296
830598400
200379
1020891168768
581145722880
7118014464
318742912
2533424103424
3388392448
14731677696
2704601600
127994992
198448320
150507856
160805104
4078952960
922970
11160
73306046464
3421795072
65537628
30290016256
183592632320
189885792
399936
324764864
185388016
2783316
87674
66578708
879129
6516049
2035180032
36091320
92303
4047111424
3037564672
6214205
8544
25146515456
105729540096
497643136
5006557
100382031872
345366112
685435776
80537024
1256040
1806447
985112
445582688
1843794816
2544707
527936
128327952
2503859
30841276
11194710016
74814096
62923040
126644664
48532
195788128
6264822
40812
215908896
450262144
1148872
1008
2007798656
2534665216
90156816
800814
2232998912
8977585
124500576
25592628
145008
182065
204708
224911616
304994624
394400
69316
161996096
823936
374713
2128093440
39052200
21670852
83646176
133724
57150564
167796
682552
645403
2433867
22856
40963360
129217994752
3821787152384
1034128768
1461321
38587027456
2010607744
4290222
7147880448
121389072384
452986016
2502
21169276928
1061160615936
85225424
68195
1716048101376
227565649920
1531240448
3078037438464
4964582686720
14610165760
6244830
31117520896
62392754176
82101160
5670292
50031747072
56809236
377153984
103316938752
1611337216
1840850
139127193600
98794274816
1362838528
132468
910872412160
863463276544
4547011072
51453404
1339440496640
3542725120
44575965184
26615939072
5006745
152030592
53802172
209002880
2219654656
1279910
2231
89711468544
5806525440
-21652
43745648640
145935286272
473427552
62616
303532288
876731392
3321237
33096
475219840
439814
3467255
3632193536
186712288
0
3318501120
1707524864
17952456
3560
9254279168
71468032000
163882128
7448151
98405974016
196103904
417599488
86986336
1765500
964962
1325935
187402256
913581120
14030527
88901
1146526848
4653003
13490180
8385091072
56145244
319925440
22827390
405083
235004560
6248452
12246
296046848
248080096
78411
216
751041152
3604263680
14002929
194917
2780421888
21118124
76591528
10071493
81042
216220
173654
84818760
278656128
2054656
20488
234074112
484151
4369982
1808171264
7306454
57804040
11508644
76788
28803438
282436
192491
195654
1644277
29568008192
1151680380928
142345760
1432764
5998677852160
64708792320
48028512
3597088063488
7760150265856
87452123136
17140750
42272350208
135149617152
360719296
13971314
43575468032
148422608
585381248
1378652782592
8321682432
27658440
407356833792
772504551424
1385101952
447624
1740289212416
8985306464256
13335024640
597182720
9350833766400
5612286976
18666960896
35649667072
119522784
86482640
320173472
45427212288
257630863360
491863744
17993162
139909480448
499714848
66604272
94448238592
5393015808
34086719488
10594146304
35056096
8052406272
162746128
857088
3661441280
12251484160
17915716
20200
77228105728
53876576256
704799104
39742812
37868957696
219565584
860126720
546573696
419816
9161
2370035
538286976
7785996288
13905699
882744
3495370240
3206137
11585848
74279460864
238331520
92081856
34146196
336260
734600000
4713648
13848725
4376882
258491984
148766992
172341632
920961
35051
140746096
702080
1124136
315818240
22515220
8591444
-3
174821
127341728
154239
1974144
340655
11053488
322360
14014154752
475576008704
95162944
207444
2663894482944
120643821568
292639776
1284532862976
3847644250112
4200243456
1427129
32778389504
41090572288
570497024
3690239
7079512576
59812124
247221776
56380866560
18982391808
59827440
254682644480
451406462976
549037376
35325
1366001057792
3971045654528
22025420800
506559104
1620985774080
1369502976
58373062656
22627262464
291256928
245557744
207745904
19073503232
45109526528
54473364
14921876
127835791360
348929248
867629952
301982973952
8162042368
5349076992
2281933312
28110898
1976638336
52403128
331108
1345133568
1822375424
3241140
360
28619814912
14364166144
-1246767
3103212
44156325888
19927946
739552512
170239152
1833991
1528164
959481
551939712
4414832128
4921211
495360
1573475712
12176339
18676588
5038693376
65464912
265677264
151604080
1012276
191227776
1680509
2915927
4218339
55051800
44293424
128749152
767118
20364
36978440
691341
1670287
1362612736
5431288
8701966
5384669
56104
54314800
165106
1095280
464848
2280020
242669
123621695488
10436878336
12171224
291955474432
848057663488
1898168448
319771
4173191446528
4469584560128
22585683968
1447771392
4312985239552
14049042432
9487986688
24502927360
175080944
159128624
145255712
60464144384
567950442496
284829312
65477476
491527667712
548631424
4186504704
2165116239872
31260411904
8769652736
12412600320
171721440
87162830848
951305536
355986272
574424832
12352117760
1254517376
-8385984
9755390
263340
2211517696
14277803
12036797
24528494592
388796960
14850014
58687560
1170828
862815168
16241315
41123388
10227629
61993804
5621328
60606696
207350
701696
245949
11473475
436506
15669086208
122697695232
4195386880
234636443648
12572435456
35022920
17839441920
108415287296
7013722488832
229851856896
323146592
98786099200
1473529088
21888006
18513242112
60480516096
732745664
21939380
4964531200
13529569
3577347840
70124392
223847
1162061312
7431316480
251142340608
5429185024
41356004
2768469760
81556112
380505
1928583936
1477765632
32129936
451685
183116688
5576833536
44765692
1531828
85526781952
1155881728
13516582
17783683072
77525319680
1696020096
16038032
484599808
745190272
7008542
70845
270113856
4893701
6747505
43366860
267946080
9144240128
477977376
3294022
237821584
3830584
17696
88931024
-39043092
1313619
30321
28555812
1568770944
21651814
54210
8013719040
450602464
1101568
8329299968
7413377024
235526624
6192773
54672208
338457408
1896420
11094
86275112
1160898
1159730
341187296
5460598
79327
420349888
282653024
2947680
158096
2427791360
2348175360
58588148
233286
1542130176
49058076
61771904
27975978
191779
360278
219526
1489160765440
6570487296
713160523776
22305181696
40696884
93462863872
1168295067648
21170996903936
1317287624704
2611582976
288267173888
23274735616
71936808
189511073792
137100853248
2637776896
37058888
20627838976
834827190272
45907492864
102117792
6032306208768
317125787648
914433600
2209718992896
18680196890624
40224858112
900138304
78282711040
30959755264
716488192
17721054
120846696448
919619008
1252551168
674729216
16008130560
1129029173248
13876799488
27156880
3461608448
75126544
263640
2477123072
3742727424
96251264
628668
702321216
36378222592
546459776
1209854
555736432640
20655374336
38201228
567209754624
834824568832
709128832
20175262
1381547776
1369309824
33397528
289506
1420416512
26610990
23339632
1302950272
114300512
3107332
3299181568
19385106432
49179928
507655
74495868928
48194260992
1603574784
17653164
81470939136
181761024
788496896
700779008
5084401
7521850
5243987
47977160
902358016
50152792
58096
18162483200
679070784
8982009
20715366400
35421720576
135762560
1468044
74694168
47315568
579186
74992
189732416
214622
1101826
2085925504
22257882
59728
1478225536
3813384704
17492344
102540
9578165248
15410034688
380550208
526537
9765650432
22320792
103790912
82841992
148441
1477982
449612
190686144
1121953536
4358252
21757
495211296
1335730
3288138
2130990080
44064808
4731911
59203548
12189
862833410048
9467825152
419930308608
9338928128
11368823
48843182080
631790108672
43876794499072
172879757312
2924668672
-89546498048
8759348224
3528459
234375938048
495940534272
322197696
173821584
21497196544
811947589632
24236677120
62082040
4846406074368
191929761792
624454656
1633878933504
5303765041152
514140992
2840589824
14520067072
58854440960
900591040
963113
64461168640
429365600
352372736
623545600
12651862016
525986922496
7659204096
50896580
4357510656
-1113873
841860
1593768960
2437406464
68026144
335282
387571584
9649815552
516274688
1119745
708486889472
3783656960
4301228
167146897408
227871981568
550242496
4877166
2056755584
1763077376
8123469
511632
1844816640
22971602
53022308
5596627968
120811272
1010840
1185037824
9414111232
61824276
653933
70494052352
50302468096
329661952
8104507
39346974720
1171551744
2363575808
120878976
6068970
3667995
9885675
32062010
537405376
39500544
293358
333703168
368962752
6440231
9482565632
19999088640
520400032
1682349
87721304
181178368
754802
12710
95771264
423942
2532052
840130816
34678668
356670
651474048
2253499648
5654192
984224
3678017280
7513086976
27536946
1894710
14429683712
175732800
234876976
66686040
783252
244678
1235710
29665242
13591480
889397
67188
118820264
3045058
5525928
944570688
26360968
11286683
49016488
152492
131196665856
1902975778816
54143272091648
1161801105408
15369468928
433323507712
10749929472
138219504
14316683264
547475947520
2405203968
48135116
44737540096
6080390234112
52499365888
278190848
13604918132736
835254288384
2067754240
24240510205952
18911974129664
1664706688
2930754560
141012385792
103953326080
5332176896
37693940
476975955968
2847183104
2994760192
681294757888
25410373632
70926696
774430130176
2077911416832
49459380224
524978656
4619768954880
9553273946112
168513568768
3077631488
7989008269312
17027961856
99883974656
26509189120
683409280
671582656
776220480
585310592
27960457216
1383649920
2849590
689503207424
7616770560
16506813
362046881792
781115326464
2748521472
96645224
3034537472
5287056896
14827336
356208
2920581120
7127968
126917352
25610479616
633140352
1305000
13851012096
56141234176
8825144
2686281
463265103872
686867873792
1273492992
14272536
281515425792
595214528
394485696
2010029824
8941218
49428984
32797932
2190702336
8737682432
33346968
1406129
4377498112
43706024
25695092
64497901568
348707488
463197440
464509024
7441684
1411339264
36699280
19235
1364084992
2383173120
11771529
213968
16238865408
20628713472
450797664
3604107
12802781184
92146840
146786752
170971568
525954
906244
604164
654792256
1285785600
4055202
404735
1498857600
3134123
19278056
13088484352
61536632
75564368
64742172
1313238
167666000
1984193
1016685
54229
42461372
791052943360
15649236992
1072034807808
14084390912
19630324
66281082880
257593769984
51043945676800
481985167360
1742684800
520323792896
13322966016
13180774
142001602560
780291604480
1471195392
19370704
12555616256
1188541104128
19836624896
34956036
3718816727040
279104618496
9102533632
4264852979712
9488323051520
38278553600
3532845568
78126751744
249994477568
408086240
15970981
50937401344
269907328
751276736
332932000
18625681408
751662006272
25585354752
18755394
3366088704
21055554
343814
1532551040
2621733888
23882306
1272335
575624320
22999875584
1103841024
981238
373197373440
9791604736
247999920
326942130176
447366299648
786615680
22952206
1960703872
2515408384
15543565
255509
1171473792
20325972
15753601
7926466048
140380192
2361942
8098996736
14616167424
49090728
538004
24023644160
122307657728
744068352
9456477
45239615488
185015408
1580920192
555039424
-74956
5874303
5994559
23145150
4132540160
61777736
83750
4414118400
792809280
5174843
8310225920
19017261056
151060240
0
95043472
206231232
919780
12156
43760764
312348
1575358
1406935168
41520232
308256
1858009216
1639027072
4324890
50112
5656948224
12279781376
85598480
1758509
4349199360
32484234
233832368
151282768
721770
546917
1091530
306191904
781925376
1250967
39659
524105216
1321922
6130173
1455560832
42552460
2410846
44461228
306902
143667249152
2578353750016
52941926957056
1557763719168
209338528
380197666816
7706730496
22337590
533527035904
570105659392
661333824
55150632
63767306240
7008848707584
110908882944
280814752
55324790751232
1159201030144
3641726720
44679605256192
116410592264192
270262878208
1213756544
259182559232
420107255808
2446857216
163289600
170615930880
1795936640
2404456448
1024824573952
47112851456
69053664
414891966464
1924139450368
8657436672
20247030
12233015820288
4502720086016
123033518080
483813632
10545447043072
70404620288
89798090752
92971163648
355738912
1924227840
1143792896
1068624192
52865343488
1054268416
1305600
629373927424
17665982464
40501812
103599480832
1737310601216
1239077888
35479572
2177840384
4520490496
39633952
476543
3172497408
7824097
10605344
44912357376
757680960
792456
12811542528
38960537600
131689816
14850004
469585526784
438312534016
409899968
52635668
524926451712
460449600
110020296
983443712
5430901
14050809
17771820
516187936
11185990656
30413910
2908303
5556083200
37717100
82515344
63562764288
153719952
1397594624
1333131648
5298008
3040419840
-15719250
73020
2320928768
2178827520
9612650
450580
10719178752
31922661376
159557712
3050542
11332569088
127911584
274769344
139575856
171092
1723049
-10293
713901696
1038869120
5578068
94896
571248128
6599616
5501022
9635358720
28612552
67418928
98326896
1095596
346557536
1123284
-182356
1638868
23525500
51745759232
1031037648896
93933518454784
1013172076544
7222531584
144094953472
6876206592
34563180
142813921280
406816555008
4460525056
109023488
58059313152
2833800495104
116674084864
378410368
6762332160000
967556661248
214808720
38003397361664
50686662279168
49349763072
2026347648
101761482752
381527851008
3250194688
31031832
168432025600
4410736640
1659647744
1167087894528
24075958272
77819424
219863220224
1118444716032
5388209152
30414812
5485927858176
7160406212608
35299311616
644059200
6978344583168
21172162560
95831113728
39636869120
20946192
723438720
395620672
448434016
31148793856
717219968
1147799
249560662016
1949551744
14354588
430913748992
485278515200
550242752
5668992
3985753856
3048754176
2015464
296724
2618714368
-66500
27940204
28760856576
327324288
391020
18498990080
50559668224
60430400
5944021
323051683840
346831519744
63173960
66852876
366172635136
375848992
3536091648
1957567744
-298660
10850621
12512408
2551258880
9350161408
9304509
488886
3903358464
29178794
7983010
57908699136
4629227
858856192
564790912
3697321
1249421568
20063566
352980
862708416
2840852480
12621536
864095
15105742848
21908785152
68539616
3714049
8939262976
60173456
87278464
95893472
0
1345986
423450
831141056
2104007424
185604
73296
1197078528
2421834
9180082
9589633024
1888042
139982528
65140616
389400
123402432
1071114
423599
5142256
9280290
35866845184
6951848116224
80578994176
286731200
47360247857152
833784315904
2382383104
34171313455104
56831204392960
5205597184
2368098816
360342519808
474707656704
3602508544
84056768
375638917120
419318528
2051154176
4107102846976
116284923904
187977712
1606793953280
7736108515328
34818326528
56576288
35482645823488
37952780500992
54060228608
1198408192
33863556399104
20794750976
92850102272
203605491712
962166464
1675033728
1360588288
396408127488
1370184351744
26149052416
6993292
1070153203712
21197058048
3076473344
8119448502272
31606923264
117585027072
6344781824
505825536
32510388224
1050312064
952159
13211939840
62295662592
36027176
2803880
225337294848
911034417152
454814624
97590480
2894495744
3499602432
2517741824
3251254016
4093198
12738606
17409304
18934962176
31024570368
343476864
212016
17261002752
17756384
20864922
434234490880
197343424
289590816
667921984
9322144
4139979008
9784144
19124224
19110468
355355776
2164794368
3524706304
4749933
436259
1327957376
26905092
16734181
12732803072
105680672
35535072
68445648
1878876
1256372992
2364800
2011316
10507257
54654924
2791793
44941393920
2048985661440
79945302016
89322528
7981786202112
507090370560
3847346688
20386943074304
23173917573120
45022732288
1181901568
137635528704
217940803584
2712553216
5802824
133735612416
274408480
986148800
2771891781632
73292587008
48880032
854386147328
1457624055808
6129252352
113327680
6076284010496
15032401264640
111392063488
302931520
10338712944640
29713655808
61221908480
137174917120
542792576
851660032
384187008
38672297984
784915103744
2278787840
161424016
693776547840
735980480
957583360
3335677542400
23320506368
37833510912
24200386560
94732360
14038163456
583917376
1631782
8540652544
34834182144
5866681
1327969
133919072256
331065688064
777767616
6351346
183165452288
1172382464
2327814144
726273984
843256
5379634
10151230
2496049664
16150036480
36866040
4446525
12767014912
27416836
77282912
117206089728
184068368
871738368
496108800
5256170
2153388288
26577822
38049492
75675088
748443136
709485824
481978464
2167947
40492
69778032
2663287
1499927
6336349184
14819427
31629470
5935200
381336
477844992
173870
4087496
5314134
7913945
1653226
3163567685632
68077273088
48563084
942863089664
3703492837376
9670732800
296442528
8485203345408
36986740015104
182574678016
2046534272
22756544479232
51551883264
36620324864
211740770304
594256640
1472130816
424543168
816337518592
1763252633600
11352799232
53511976
1549739884544
6160463872
4145672192
4917787885568
63292325888
295112867840
11230893056
1514974720
116722597888
2436352512
3342310144
857255936
30459138048
12026417152
14615665664
78405184
582234
17970153472
28055250
25533656
112855539712
292638464
686073344
2000514176
10244446
13824075776
29103302
12552869
15915410
1080826752
28097524
380455584
3873595
245119
5125484
8463195
1554072
972397504
2219450880
61801992192
17104716
20454
27437484
108246548480
2159073820672
569245568
2083803
32259436544
2774512384
6335708
38285697024
99813376000
575734784
4277
2540802304
65360846848
6104877
43332
743722713088
16422936576
212687680
873853353984
1057149681664
5258073600
485820
3078780416
16789868544
19109184
5160756
13399955456
174814272
21261092
522841
2954864640
97505574912
7381831
41956
305631168
25421266
55116
179498880
496182496
8356168
510
123636320
5105456128
368750
3119
26387343360
1550199680
454544
73291948032
39103369216
1738082560
12748
254411120
266774320
1979819
54860
151608384
2947521
6937498
928038016
28638790
341052
441009856
1337013632
4088124
1042
3981118976
15487137792
74884104
2126497
9665949696
91495992
96739712
63158572
184215
456900
3372802
3888741
526538304
43234
414
1942462208
59204528
330216
2095255296
132934304
25770014
3510
18256926
30356396
241264
2939
5436510
128735
301946
163570560
8198485
26
230378064
388990016
232959
197
618582336
2402864896
13625817
138850
1177209600
13506492
44199400
15900645
24705
19099
337280
3708472
122234816
439564
5553
49367200
755078
700326
246015616
1780738
1937818
35077140
57442
108992152
161981612032
8233992323072
734671936
108306688
93638344704
2167092736
32700396
15386136576
25858179072
343374368
254799
16330757120
848828694528
158599024
3878311
1632627326976
91198603264
168683072
3976009613312
7349361180672
21680988160
2927480
29720530944
52613177344
315118624
8362898
37941161984
64916512
267025920
92577693696
8079511040
32608066
96565968896
194325118976
607669888
366690
706231271424
1582851293184
11723292672
201634992
692579074048
8233668608
17619333120
20275933184
213914240
183094672
89876112
213907264
7408916480
1325385
14159
112346537984
2973660672
404351
87135707136
71532380160
136824192
68067
413085408
619420800
4968038
39900
195047760
616896
1908881
112584320
160098048
125412
5095790592
3967499008
6150283
2767
68626472960
108761645056
259254128
5780665
96259620864
77649328
309904768
224567776
3090193
3609979
8280007
828566272
693166912
23878386
234624
848098048
7179702
9926134
10857214976
79434240
223330320
240943280
154224
143049360
16821676
6442
107288896
259108624
2012758
908
2191533568
4218425856
12425877
570431
2464960768
25573090
22690894
13149196
62816
234870
345000
71360824
167906512
1140244
16419
252248544
879584
1283908
1245282176
9222031
23345702
25615620
26115
17140956
592808
704090
218072
841439
17388
57624952
106770112512
1754204864512
1008709056
247878
25305794560
1357154816
6963402
16562613248
98270658560
411652480
52062
13721635840
466026659840
4402578
105840
2583607902208
107494244352
354797632
995515760640
3798443491328
13133440000
91208
31591487488
35958472704
462125120
3200313
57223127040
68156496
194236208
119770914816
3575874560
16507751
76594184192
252243656704
1348151424
110999
735307759616
842722574336
1301721984
131213000
1011392905216
7802721792
2351726848
11553656832
32244338
55605600
90964544
132033960
5420760064
542172
78
49524817920
1915000832
3405169
70713581568
126622285824
36368196
22032
69949560
591710080
1065624
45171
274239040
885727
1689773
803375616
-2262259
406907
1805899776
5842756608
8063596
2664
21515960320
27882012672
20366976
486960
49170108416
48292964
529873152
227806816
463104
2368753
380722
113788232
733216640
0
4647
713314752
6119
8615818
2749952000
46690500
42844944
32661938
495781
153407792
6358437
41880
129333584
244395920
598800
138
961542464
871905152
33187610
453482
1546772224
29003806
10125944
17891940
52810
92987
244198
52579888
385857504
275530
2430
70864984
185209
784956
615637760
7179872
8122178
8534861
59862
43958892
103211
365085
2818
0
25220110336
1134179647488
294718816
21345
5690958544896
248778309632
150533952
6099617972224
4391323566080
21475946496
728833
9819556864
73050079232
264722656
10505271
70442778624
162094064
235637696
774505103360
7466170368
33580008
412123136000
934838403072
2291624448
1309884
1743215132672
3604530855936
6503434752
768045632
5817478152192
12370380800
9220700160
21782796288
114246088
117919192
280998720
95556919296
166599458816
586283200
71481184
140436471808
785752192
944843392
1126372999168
5006773248
1413133312
5229625344
20979344
1485661440
138567840
1312
4728590336
8241721344
4180032
1632
45564182528
161068531712
105324064
3651026
49836032000
142396512
241808640
301310496
1690170
3647621
2257440
2649052928
6805657600
30246494
320059
552714688
13011711
44667408
60136439808
37568240
241934944
255189456
2014341
1013670080
1300483
2703822
1217426
100810264
217509264
158737408
719868
104552
31407600
241237
239396
1963350528
8786152
24846460
7757987
161878
173277120
134974
457776
984194
15432062
780972
32075932
18807126016
3119117762560
377573952
20322368
59446480896
1981194496
4114526
25966848000
180315914240
259314864
130830
7802412032
832306413568
65675764
19331
5563450130432
180681277440
7398266880
2545861001216
3095137091584
13459419136
3373850
36099661824
50618368000
110974024
13365532
53737721856
136622112
293342240
131731111936
2285110528
65307092
135874650112
173864452096
1109429632
71250
754927796224
1864281096192
9876238336
555586368
1011782451200
2187153152
10602185728
13898675200
23025416
87534232
20007374
88094504
4281176320
720769
2688
87540727808
3527079680
36396872
67020513280
67345092608
362466144
23976
264850160
447625664
1125504
65235
348151104
5772213
1201391
1262297344
76060536
99252
4795020288
5421299200
36612004
2952
25310015488
61488070656
234104864
8398992
55428902912
574635584
231655456
252458816
445256
1456481
730890
481082560
1562134016
459499
156590
444484736
5645514
5665123
10613556224
36047004
83766200
28222788
549436
149381216
12317233
12395
71750920
389827744
653484
78
769352832
1575979904
12561015
303806
2841796608
12593754
11893055
15531845
57414
145647
81210
165733168
86327352
39179
4388
166610880
233496
271364
404889664
2683039
12604181
8937704
209340
45988700
421712
549153
-11573
1911721
5793982464
1260499107840
283571168
523500
1654641131520
349911580672
6704282624
12131404611584
14594698379264
10138201088
6808404
56652496896
55005270016
327288544
32053366
53900460032
60125212
533671744
170747199488
16787736576
65035844
434211815424
531486965760
492373824
2232120
528301096960
7119894478848
25207412736
355773312
6958493990912
3397626112
16331961344
14972811264
462300992
379178304
386806784
97502904320
139133747200
2121593984
14450889
159465095168
660352832
3511376896
957703323648
17794793472
15436461056
3923811584
147857744
3564570112
65843220
155184
4033944576
1643101440
72577616
2351
56337072128
75440144384
154316912
5287262
49407803392
76312704
781996160
116594848
2399820
1424870
6908268
3163802624
4537280000
8372762
104112
3462664704
9938018
7788659
58961125376
77185456
187870624
311741312
1942236
522235584
2000629
14976402
3963682
51613404
192745600
381823680
1832848
68104
147521888
921240
1789405
2473049088
12200220
9506479
21289648
517392
166606912
334428
1891719
37737
8394495
192455
27051264000
700832284672
148359760
109619
5500405547008
131400982528
150910240
2910414176256
269174833152
15256848384
1400335
36947087360
90374537216
55929664
5078107
32907792384
271504032
267858752
360619638784
18684418048
33885708
353906065408
439675092992
4830544384
207768
6255725248512
5441480294400
2644556032
483814432
2100739309568
1917503232
11571712000
25151913984
33965452
477259840
204892992
139775311872
140146262016
246025120
13497679
120512856064
460428352
3494037504
231752646656
1286904704
27352705024
7283019776
135067968
3352231936
165058528
343032
2586076672
7529231872
21657318
1679
61162049536
109308313600
65002196
1041600
77438238720
47698412
499902400
142716320
818366
3457180
1008134
2591937024
2302544896
-5039
48879
2328613120
9514810
16652842
6546949120
-639937
345324416
166120192
2080009
506757504
303750
15116185
1229604
70492592
133381136
369299648
468882
42851
139349344
833007
1547360
1661780352
5377831
22534764
6251429
180558
117917128
117437
3681216
252376
4859471
1106130
870284132352
8347353088
57065408
269458407424
979145981952
4761240064
1308829
-50265194496
3854641922048
14043332608
1330197120
11941514838016
18518429696
72508751872
31887656960
367164256
213924704
57005840
275674726400
767754764288
2081243648
45522320
260770922496
924036864
1296398976
3334416629760
2476424448
16085816320
33266655232
99092504
208679895040
148504208
194935360
1112461952
3695567872
3186472960
6756749312
41567036
0
2045608448
2170634
39577340
45000372224
27409176
47817336
223990752
3858342
2587575808
6290961
5365475
25614468
30229768
659880
215079360
788496
734132
972432
20482368
505742
271972139008
10195210240
14232849
352919781376
216730009600
279875136
128466
1962040360960
3661757939712
28456556544
119396088
806467010560
2462242048
25065359360
25397313536
123898560
300725440
132819896
164071096320
188213231616
553757120
36393856
165260328960
211971664
346857568
1085221240832
16748171264
26556524544
11572889600
132797032
23696281600
436286624
170470704
194587248
4927806464
553227520
4711123456
327853
170292
1772934400
4259159
3528627
25144592384
182898592
201843728
111866224
610375
1584556672
4971167
5984477
2339660
128107336
2035925
85203800
915550
257526
901320
6922641
344254
321693220864
448514850816
4778052608
271475872
517219090432
2672196864
799757696
2166774824960
1289617280
1263650560
8216027648
272791040
260471816192
1122608256
-63720832
237701984
1813273600
338134784
3379517184
8891134
4744229
19904284
487994
2531041
581886
926517166080
4924036096
298015752192
12437250048
15565712
90920181760
952145936384
32333008732160
268390367232
2192242688
587288084480
7675148288
43150836
141383172096
250626146304
1244546560
63881728
15265691648
1043356647424
23931068416
43760976
13376401965056
52667293696
3375907840
3503302115328
4320985874432
42369589248
441219776
44635332608
16714332160
288459008
13704530
52494893056
457886944
273715776
610495168
6841616384
226813263872
9843747840
12371964
2673163776
51119220
61176
1541635072
3755640320
8996069
265439
459550464
23763703808
374860288
3976704
299547852800
6546946048
33275158
185465634816
380524494848
2965104640
2165130
987587840
3679404544
26549888
331056
1566982912
13657064
3476360
4357927424
89714672
314236
2754491904
4977602048
20802234
358280
31007213568
56632115200
1131144064
15361970
76369870848
468839872
828280896
340136864
1568257
3208102
69159
35311984
1550072448
29113342
170074
28638574592
259289552
808086
11705211904
11792207872
190322992
292012
85856048
299809088
1580350
7524
70801288
301261
192751
1291330816
24521882
96466
973782656
1151553664
2918431
87620
12339046400
3084522240
212399136
587785
4121349120
140651984
90991888
110771128
392064
687450
66275
154046960
749585792
1361196
20276
274476416
3579197
1982083
3320249856
4724392
2556128
2035793
42929
136176648192
246158999552
11413533753344
958069276672
10174218240
-37219749888
8568661504
22074110
314729857024
663333568512
16456597504
19697744
16757014528
3870276714496
67904528384
213987888
58900292304896
435177914368
4577966592
1679017377792
37975597514752
484958404608
1373390336
144814702592
94231691264
1321687680
34668804
219604287488
1839237120
4947337216
1070701543424
19019057152
62463588
835770908672
631863640064
3005903104
135980960
5083456602112
7131061813248
70743703552
411964448
4919459315712
65091436544
269368082432
66847621120
13337212
531584992
177273328
516090464
35786387456
-46660056
2908440
552219115520
16466355200
65910080
433409359872
252554395648
9910764544
140640112
560230976
1748036352
55584656
1084104
1955954560
8535311
19165932
16620883968
671990912
3251433
10436651008
22705668096
418912128
1222835
212964786176
501375303680
8597955584
24606778
268412944384
3100813568
8091569152
1415664640
8948355
14415703
3719112
3004794624
9121021952
26391158
558213
6545076224
65363192
148490352
44929392640
1271100288
1012741504
255147552
2634185
911120384
26496092
0
1218637824
1238625664
4
56256
12814979072
12631869440
18945996
5879179
9868670976
43066856
224690720
141275360
1178840
1991440
309902
414837440
1513379200
18717918
64296
192340080
858491
19134538
7469103616
13113070
59149844
99949768
376312
252813120
1482951
6682114
1433520
19568238
51614015488
922685734912
45631540297728
566791503872
3241944832
252622569472
7014608384
9131784
93400547328
435056640000
551572032
56189176
85410209792
2162270142464
50873327616
17452278
29475397959680
519862976512
2746831616
23847195639808
11598791966720
5165085696
5204991488
284661547008
280731680768
1883041792
7540626
173318242304
592496704
853903040
1002159669248
18537037824
169181984
396686360576
711755169792
746333504
77569088
2637508116480
4837198528512
24275560448
220209664
2789857820672
34851180544
51801710592
47364784128
637963264
423458112
628119552
362564768
31577257984
719846912
6276017
448943718400
7050274304
74925576
255160909824
135696310272
6054325248
38494640
1362289792
3768173568
2716587
124457
2141389952
8422922
32623200
28166696960
395534688
1837631
15830513664
31623254016
141354656
4286686
118178439168
330685251584
297983296
13814078
218641825792
2044472448
4456841216
1136219392
18798056
14671983
13332339
4696541696
7296134144
11338207
801168
2276836352
13675761
10468670
39681863680
721537856
396143456
879825216
6645170
2013948416
21053078
132444
1326524032
1575087488
3189047
66573
6685197312
8749664256
26364
2685247
8762101760
34074540
225352656
68847312
126689
2517048
1067626
624594944
1540998144
3887130
87444
1392789632
789657
2407372
6961063936
87724256
22573366
109978176
532606
272027200
710239
5225230
2995852
25091888
47795052544
3417005096960
190977802240
275201696
31416727371776
1057695989760
909312320
11815551500288
16702646517760
272037658624
4284024320
139924897792
715185455104
2970633216
48179184
213192392704
833200768
3494480896
2674610929664
23710306304
68086280
1646170341376
2766948794368
9951593472
22974012
16951664443392
34174740201472
284636413952
7582993920
10588631597056
61820919808
474102235136
158348902400
1985191680
1412545792
1069966080
842266312704
936147353600
7792071680
69624568
135765393408
4601577472
3081509888
1458239569920
121041510400
19668852736
47061893120
357451584
20823779328
1444008576
21743
12045691904
9773814784
45288732
249840
433484726272
1014381543424
1181880320
44557800
200919023616
705667968
3124018432
3153306624
13721210
10527724
9647847
14045415424
23632740352
56612648
321408
12596043776
70234952
81978616
238883454976
885180800
1318365440
1129615744
22325052
1849677312
46298756
46565036
59493668
840910464
397461216
2799158016
9094116
267210
1146218496
6117479
11370504
10832539648
52069456
29192004
114327336
1313238
469568384
1140435
419940
3140507
148395968
7003939
43617988608
1060596744192
50548401242112
562169839616
1161322112
358399377408
9939981312
27214784
264805777408
493450100736
598673920
28799650
15967795200
2931551109120
32920504320
18581586
21269990866944
422998245376
6620714496
11890251005952
31732961116160
280480710656
3286900736
136368496640
690251431936
1162579840
30455964
203748212736
454734944
2317074944
710805553152
17839452160
16799318
310945382400
440315609088
9879459840
23514876
2923991662592
7690568335360
49342267392
485486656
2354315264000
9040674816
20184332288
78735007744
388831616
355171168
114958008
192227888
36198121472
1079069440
516976
162014822400
10039226368
10567815
221808771072
599023026176
4040167936
129960048
1156487424
2819354112
26561742
165929
2275848192
7496359
15277787
17825691648
570135936
4409461
17732538368
25476788224
65170936
305568
120132780032
250727972864
2586897152
25295478
111011332096
5081492992
3938399488
1573388544
687709
15986878
12929896
3108768512
8585034240
18479524
454032
-862871808
14598847
304584896
49881956352
466274848
22515658
1498640256
1725592
1266782336
53408200
66810
984350528
1183359232
2715455
66576
6104765952
-954433664
68417496
1310431
4042347520
34983000
393840032
29937986
177366
590038
330387
227149552
1313389824
1
76612
233821152
7295866
9228381
4094870528
10822075
13128564
272480032
79664
493000512
1208360
398151
847799
-15216
107621974016
-20269926400
138139090944
1516322688
23150194589696
1198472822784
3880831232
16266823729152
97567530549248
264094203904
8828398592
146092949504
483225436160
5077233152
35301308
656279928832
1437320448
5021390848
2235052589056
72960196608
591462208
-100896276480
6563862937600
4473935872
245803952
14130689867776
32816544874496
317862838272
1220091392
44447605719040
177797693440
238041055232
231478099968
776703488
1305320192
3315052288
723330400256
1548796821504
4178856704
112598808
287361269760
1641175168
1355128448
5350412517376
8660606976
240835035136
100805836800
311096960
13605581824
301880416
675480
21756186624
39999741952
246393568
4880810
83086737408
439224598528
2737248256
35967884
497434001408
1956022400
1835435264
2541447936
816529
15477347
10162034
11593852928
49700220928
116764448
0
12979591168
86449880
49489528
310979461120
1026553728
377137824
1196624896
17535840
816984448
14989283
52405792
17938202
727169344
972941248
1527437056
3403405
119774
2445670144
1726030
4714137
11718280192
42773056
51166036
10052956
1644969
1252481024
1825504
12927135
1317649
74968456
1537015
23526000640
4253082976256
53112897536
26931720
50851511009280
302159364096
4696467456
19385284558848
13476943626240
2079806848
1395309824
-17354340352
483954753536
449163360
22995992
118390210560
1078008064
438795776
464088170496
68066435072
12471453
1880452628480
4452342824960
8481932800
408896096
12113359667200
27656766619648
61380993024
1038805312
6053586534400
10472601600
115870007296
155738095616
520878272
1512935424
192538656
159807700992
990388813824
1753116672
132779352
707991240704
5396869632
3960467456
4255875596288
21139849216
44611858432
3899886080
240803776
23909681152
570865152
631620
21961318400
81168252928
281396192
8573376
374995386368
217636896768
686739456
13256198
522356654080
706489024
2224535040
-123939664
1052520
26919714
8469006
8406735872
19942633472
3969929
923040
23177441280
58987896
104385376
60708708352
7466509
1278084736
1049220160
7788003
2807408640
6271864
43690372
2938049
360674368
1111807104
677967616
1752218
142848
919185728
0
3093843
5743438336
342296
150750464
47426400
102347
393064448
433251
13066017
1149768
43612792
813720
1494419111936
100473823232
124620232
2889490628608
2822288179200
13365883904
45299436
22391952506880
39559916158976
321577025536
2809329408
26530109456384
158081204224
17659623424
108943491072
251023744
1176197632
26145822
837874483200
4920889573376
905799104
349205792
2928330145792
713961728
2634574080
20951188111360
80970514432
156380823552
70349312
520532960
461684473856
625406336
8233385984
1652126336
4455759872
3411871488
48727101440
113796848
1795872
25505030144
13450743
162897520
232332214272
863980928
1090429312
914435840
10510564
-1018352640
115898488
57552480
23210290
29050482
14375129
364036704
4064639
3012966
1431738
58859132
2102111
3834714259456
31285297152
1352342
1196063326208
1535319343104
4002559232
75989320
6230049292288
22419708313600
735738855424
198963312
12408286347264
42445860864
65626951680
143458418688
326751392
706528064
1076887552
555536875520
1176453644288
2721372672
142833232
757072658432
1706953728
11362398208
5978170851328
135999586304
40022769664
24748580864
743417536
479193300992
1745686528
1314277120
1506919040
10657895424
7271569920
8701011968
33820704
284610
8962992128
17384682
32867792
96208035840
155093904
843939392
920392576
1101490
5750711296
16467549
47614940
33900188
84588976
16347695
190477376
718563
4035343
6567983
6778434
838697
425040674816
2798691287040
10247098368
74747304
2066667405312
4336496128
13985036288
18016381173760
53057318912
36348313600
68006469632
916580352
1108169719808
12941343744
4443229184
4062839040
78329815040
1973303936
9184060416
348462592
38939460
63698888
883595072
215656416
3107628
32247168
92611723264
3754216128512
380999072
5275652
40306524160
1657805312
2589063
26640758784
81663303680
428417792
35074
5835549184
555453120512
40980592
98190
5643037048832
147148832768
1396824576
685402030080
8387200286720
144654352384
1534440
16394042368
44969791488
50936740
8217121
41604702208
379373056
39788228
60481458176
2495199744
4037191
72564064256
232578940928
1408216704
21239
608268189696
1015774773248
18807873536
120050616
1121936867328
18175922176
8285826048
5326073856
43922252
58578176
30661718
131398568
2344679936
993441
1251
39523717120
2086166400
4380483
56568508416
10945684480
2089042048
80000
115466912
481377312
5520093
52704
269293376
734112
8574990
3684015104
57695596
86687
1123017344
3759936000
24992612
1499
20504688640
87363141632
413121632
1353793
45556400128
736880640
163331456
104054136
261288
1310220
6745605
365832384
1127478272
5774159
743972
478563072
1713517
13507570
5450210816
276248
31015712
111767368
556804
127265376
4695615
6804
55301400
289958432
1075920
64
964818496
2358459904
41256012
213208
1599477120
32184008
34096560
15954159
15878
23469
210695
127716472
163702272
108948
17117
111636424
444883
364644
1682690816
4388864
3775489
17224772
171956
23176992
956640
850876
483880
2419826
15567331328
613387862016
134656560
2775464
1819924889600
140390907904
-587798
6965265694720
14464069926912
38171893760
27482330
21880045568
68760887296
63278780
8066812
51070820352
118875488
147533232
716676464640
14752598016
10924993
321501724672
1132135186432
443221120
374075
4696365334528
4415526797312
21343821824
72361784
5140930101248
34451312640
48289103872
6951231488
33680492
350927072
89574576
137931653120
226824241152
781955456
19520350
135343693824
686725760
308370880
433853956096
41447645184
10492825600
7548264448
55271276
388624992
157346192
299904
3015078144
4878765056
51078860
4608
35948978176
67218116608
280038080
6340951
52988899328
243989040
417505024
337542784
462169
10697272
4930877
1210252416
4428530176
10841951
136500
5425177088
12251150
9700863
21524518912
204404240
357387968
2070001536
92927
1186447232
4410433
1892339
8787332
38556020
100513928
103541632
153223
9576
168460992
98130
229000
1002160000
7537924
24266906
86250120
52326
118597368
2291
0
345000
5508009
169414
12028825600
359458734080
42335100
30580
4848406757376
51875028992
238446720
2787227729920
4258795618304
5283799040
2769354
20008566784
65732284416
24045784
474007
14264480768
256405600
46695716
295036780544
13908473856
21561552
466260721664
241309941760
250268656
148950
3070269325312
3757990477824
13817601024
227222304
3969557463040
26273687552
28492648448
34496106496
131235080
44373688
24
29696512000
22669926400
123739864
5577872
107539578880
25127928
1162642816
605146841088
727561216
1068232512
854
21518038
3678344704
-1872238
111280
646362496
2297939968
11245288
720
43277828096
61665312768
323454912
1185989
69117493248
303852736
164413344
287437696
203319
3576423
1037880
1631034240
648053888
4291555
480144
3604058880
15090282
27473448
15594175488
64676568
67855312
50242204
541188
911763456
0
6866189
1702479
7397414
79931512
233181616
351642
17148
124832152
563039
134724
902945856
4527655
4886404
7492204
22568
70157176
624770
386639
207575
969919
243295
834297397248
10118725632
37269144
321482063872
211581845504
624
67032
1819032944640
5147089436672
19218722816
804001152
4318403493888
9586741248
25246130176
24700743680
131553616
80472744
54302656
200692088832
352609632256
993836352
14133972
268353716224
178238352
1088172928
3499556339712
7864721920
3735738880
14962937856
23116052
69565808640
279259456
1538622720
479500544
14740606976
3689275136
814393984
4535138
28727
3537917440
5031605
7902238
36077404160
152174704
319537600
130092128
1161925
2204822016
1612656
16022151
8339523
173878784
1373511
82145112
198040
248084
317641
6310812
103574
8507666944
651996495872
106175104
544236
4530895847424
132039950336
165513776
3504867639296
7024080322560
14176977920
12952177
40636243968
69482864640
77861104
6151625
53859028992
205534976
523611456
257266024448
5519050240
145145040
339581501440
652423397376
5293220352
290468
2419932790784
6868067418112
16208525312
1196690304
2890930585600
4280974848
32875589632
29361948672
75257248
52453892
4836554
24759500800
188398764032
102117816
6680076
182518038528
111430536
1852587136
1169696489472
2823448576
12188536832
1192758528
15973418
1665501952
163057568
733320
2791796224
7690133504
8210123
719
38364712960
24403587072
281376128
4653737
82348630016
83448040
144166864
140633696
1968926
2423879
611688
765163264
4666674176
7577360
370272
2050945280
9761225
5782230
8702480384
46367792
364120288
72358120
558239
408251936
1113368
5131062
9654333
18305568
203716384
498582688
181940
13223
60482528
166896
9219777
1011059584
5767999
36412000
8039788
31264
187886784
178425
1132825
3546178
4256284
256441
184886329344
15359844352
113643592
657832214528
485741199360
968845760
185490
2802149228544
6542100791296
26064855040
3173282816
6985031876608
15031297024
43273486336
19119347712
263474080
424644416
79609
171449122816
-25031151616
802918080
28950308
232740667392
213220624
3113958400
3880829321216
45767806976
37538656256
17250514944
281617504
98832785408
127552984
614475648
381253536
6410842624
1253078656
6495426048
12210255
76691
22576324
5197731
14379205
77416357888
94453152
170984544
228278976
1379711
1600102656
2495851
25897846
21024194
133689168
2153977
108785352
2592899
518610
7402860
1489599
111468
389684985856
14186099712
1889154
215469211648
865297170432
2154492672
312232
4714972315648
3159114645504
5444854272
393746176
5340748840960
12046321664
43317059584
26387474432
70698624
240220048
18496548
199918764032
262735020032
1770599808
79428696
301307265024
238121728
1401301120
1394626789376
11345215488
43205091328
20284413952
175410304
45067010048
471015584
1687849600
14468870
1281794432
1395182720
1963928576
11942687
202271
2255927040
4133369
61380344
32050112512
147590672
317753120
41861860
481487
3558490624
6515580
7515387
13918953
182022304
2828941
246788032
465635
1841397
1868
0
246194
217788874752
1237528608768
2864368128
196115248
72476000256
2951130112
1483576064
3337116712960
99126960128
15569649664
24462170112
478367904
656013918208
196530800
1701218944
2410779136
9810163712
470034368
789409600
4609536
22579194
6006637
261541344
29732342
1299899
64060440576
267615059968
1878123904
21696708
133130485760
1629984640
966427456
1072250224640
13033078784
18392621056
7768544256
58709748
42938626048
248991296
1515008768
277447776
14873265152
238403600
814691584
4112281
8264702
33585200
55533048
10811630
282360
134577528832
101495704
1543862656
644685440
40667967488
1168067712
12271322
47270629376
454748143616
31828633190400
969996435456
1633956864
131405135872
6597964800
40634064
176991256576
782043250688
1645473024
66866500
33702580224
2792686616576
65222299648
160725200
28736560824320
519057833984
2313295872
14204562046976
30572365742080
108515868672
808205696
76853936128
139204591616
1009840064
21095156
179017072640
1264884224
1082662528
949701836800
9999362048
164467952
520686698496
598287187968
4728032256
292962560
1540594860032
12023941300224
11056806912
989679552
3166342479872
19775401984
18803933184
27406413824
137792464
382222464
7840014
235333616
23692578816
488631424
285000
159558402048
5694798848
672931
261552570368
983929913344
935601024
14872163
1762050944
4183403520
10114240
677439
2417837568
10861895
16480720
11881067520
542608896
1779456
11305490432
24753805312
24711326
308200
105742344192
214305046528
2973587712
37078308
278031663104
1184934656
463628672
1963334016
6273029
9624310
662759
2279079680
3852602368
16806708
237830
3570838528
14716530
17483996
21358260224
123382760
11
7
3013120
1400498944
37834640
158880
678375040
1604994560
1065415
78045
2101542400
18745899008
176999232
842688
2456374784
63058468
2534928
83592168
145397
539525
905467
509697408
1273208832
2238862
161112
973793536
4967556
8741996
5405089792
19278576
3389879
927858
96435
117721880
294048
5378402
698870
8185512
53294981120
1244378300416
93611728896
97342512
51858546622464
625935056896
2175405056
17320769486848
34910905565184
1518874263552
254243568
249297944576
499237060608
1645534464
117178952
431354216448
644880128
1962760960
4833818968064
45445390336
26498768
2488683462656
4963913695232
17022687232
56189728
14215936999424
33649233756160
-2176
556371904
14931852263424
140218499072
41376321536
216274829312
-13337146
1056971776
709092608
154653622272
1072686366720
5665330688
3666941
264530247680
5417161728
11351576576
2356391968768
186720672
10704574464
14566880256
298011232
35859488768
887348096
1800900
37858877440
7615442944
40911256
2708784
171308498944
422469566464
4950200320
119251480
238731116544
576906624
2108253824
1312888704
33007530
71350192
21794796
7033705472
16754030592
52717228
104640
5476664320
10
476308672
253045506048
831510784
828350528
673592960
10536741
5139420672
44508112
23447816
12900356
276738208
806679232
1541444864
15540357
29244
805838720
981902
1944968
11994494976
15829625
3614472
181402672
528112
529891648
10425834
540912
5881818
38913020
405765
51631079424
3633186865152
73629761536
460392544
21228312068096
51585134592
712956096
10302562238464
31716968235008
57610092544
765647872
174153220096
406748430336
725554176
25940642
210454822912
837214912
1795625344
3913508716544
64717107200
161331888
1748642168832
1569415757824
24537157632
335892640
10329123717120
26800837099520
50842124288
223778496
8471741202432
66359631872
70185779200
218473381888
1310473856
846916160
1046867072
46253334528
289521074176
11016278016
254970880
395805130752
4381718528
9031107584
3169591754752
75917623296
22030454784
74746241024
133562952
31302471680
387879296
2160774
14533983232
35979997184
174600464
220316
141904936960
298421780480
529087872
7608392
99023626240
1002327680
3099204096
1284961792
4203272
51547912
17215510
8035272704
12120845312
18887970
1209383
5999767552
58960456
225210688
216507301888
2105382272
1613916672
1493220608
32505752
1518469888
64775904
19145194
27185600
745809536
435535136
1551146112
1962759
102006
964600448
5742899
14588514
4350266368
79468000
259848656
127047416
161140
1115786112
6478527
8964579
3707126
69765712
1006098
3432297005056
60390522880
126975264
2185779216384
3142534823936
2597137920
767352960
22131429605376
58577586749440
389832376320
5396066816
13920839401472
99150921728
391381876736
276088061952
1752215808
4100352512
2817248256
1540902617088
3667611615232
17182316544
262633808
2465089978368
5832407040
4904749568
20784632299520
115484082176
210740166656
119836262400
1072354176
290704261120
1679828736
1620136064
5886833664
33957867520
22089789440
58361700352
56544024
518112
17989580800
59556388
50077524
389558730752
1249141376
1252800384
916546816
27577998
9626057728
11330812
50103192
13046487
2120879744
41871536
649417664
2879313
9816710
4035732
124757704
5709755
54597365760
2923828084736
117019992064
666644480
34079229607936
554486202368
153520192
18204416016384
34655877201920
22690299904
853128064
8610110464
12826983424
666000064
42241244
105588400128
1341800960
1536973824
3391588925440
31247491072
294830880
1089349156864
2285844037632
4702641152
217257504
15604380598272
24268236652544
96767655936
335015520
18429589323776
6634897408
55364534272
91522793472
251046176
35771664
437467968
252329132032
693908078592
14650252288
146434384
391816544256
4579517952
1187034112
1862329696256
4559902208
363711616
3647335936
311322400
14201636864
546818432
1780379
13993181184
34884722688
3776202
333695
137583214592
362003628032
2096635520
27093616
287620923392
839592192
399246976
1626200832
1545994
9590832
3237233
5690650112
22129954816
113843016
820384
12011087872
14
947597184
188246573056
421329024
147992608
988334592
2504425
55691520
53794740
58454844
6191038
91298
525499040
423925536
3134083
80285
570395008
1437743
12260343
5957950464
114574144
6779786
58586256
367776
-33250144
4858897
4877579
6444654
3420605
1010372
4657299587072
62683525120
321580224
2636913311744
1585388584960
17884663808
49992504
16290069610496
29509822709760
89363169280
3953746432
41826547400704
160979861504
390073483264
139045601280
786997824
2345827840
1414059520
1007311912960
3539170492416
9667642368
367158528
2767767470080
4190884608
20085573632
16251387641856
14765435904
77146570752
297308094464
2877692928
579928784896
1555997312
2763472896
6227326976
22293508096
11220271104
32606683136
29278530
1661744
21189918720
29230712
88642968
223863422976
126685936
1550780672
1138147840
3764072
17164353536
2455584
49734352
12762596
473396544
13934253
260526400
902976
331797
5528659
1505632
2418335
3100541976576
76266577920
513453088
1545691594752
4671206326272
7253946368
175066048
-2346072408064
28109101334528
2757957888
445597504
12523652775936
27404236800
2696000512
62133379072
139043840
758655616
43937488
1340935766016
4611898867712
2303954176
227621648
2954211622912
3341115648
10691616768
4441097895936
19028658176
17008742400
13472629760
375204480
413657432064
1869840512
2002328576
1300069632
4703708160
12452860928
11018842112
79753024
3138337
18789580800
8788332
145554096
432691281920
287440096
3015009280
948528320
11024971
1852853376
25612226
25887726
76619296
872256000
42042232
919346304
1759369
4157687
2100380
42615552
4284475
1705396404224
1813976580096
5056949248
83940720
5813226176512
18762420224
7264462848
25787730231296
18871640064
14294452224
67564216320
750062656
92065431552
1170618368
16438225920
7833183232
150134784
2261879808
3751379712
15004487
8949594
14002077
1177182464
61384800
2932344
706381283328
4157985783808
6227567104
170221808
1225319645184
489119072
1258338688
9465747210240
38065586176
113821786112
77619576832
819737344
1025952645120
3147137536
8014205952
-190416112
74260725760
677867072
6344219648
5600811
48793056
67875504
139162352
63787268
575080
2879146164224
857639360
17498533888
15697582080
87075135488
4772532736
19979014
9218997248
512285147136
75551984
227160
4567283531776
18158014464
251132688
1791858966528
7680216268800
22088900608
3328576
13773708288
41432682496
392280320
5537151
42518577152
281978432
151279968
202035904512
12783954944
1661139
497274978304
746513629184
1167665408
57863
1134287519744
5189036146688
24217210880
121795120
1806921105408
21387073536
1856486016
35744251904
175689008
250437264
46180848
22378549248
136951816192
1218504704
30647902
34714591232
344893280
1762072576
113986281472
3784450048
6632856064
7643946496
34581268
3335688960
48792500
127775
459651168
2773251584
2344570
256
28973160448
43170209792
527601728
5797442
37794160640
10277566
943249088
195624048
1224827
5693493
4066322
997369536
1152777216
8650039
0
1005478592
2895816
18428580
5088218624
16277161
39686780
53964836
2227217
215162048
8035785
2988885
4556644
55414596
104055088
317035264
55816
8648
63597352
405744
636156
1377074432
2306338
3454868
19924972
185844
155133888
149685
321967
70463
17456706
178432
279846387712
7353148928
14424444
252058697728
820510916608
1086369664
217896
738365734912
6505018949632
8327506432
112935288
3559534886912
1307628672
13095213056
50205880320
252042480
76151264
151390848
192129400832
517841092608
1779926784
1299388
235608670208
475501824
532382336
2212485922816
1177140480
30945316864
10032345088
221085120
81452875776
283458016
1475459328
535394080
6087307264
642610176
6578608128
3677376
47375
2119497216
49896
3422590
21531846656
32340536
979647104
366521248
2519373
1111654272
972431
4807670
1596047
33962544
5575951
137466240
1362929
1703120
604762
4970974
327600
439442964480
16542836736
36542696
89423118336
440864178176
721632512
39348
1970564104192
5503023316992
420296224
3346143
1000801435648
28717398016
512699296
44478689280
339117664
39485852
167873168
180555644928
381500882944
697184064
37622732
173700186112
670113024
1247056640
2447410462720
2052582912
1106261888
172285056
86072224
12107941888
642760256
945019712
262280768
808233728
1782668800
5675649536
3517585
27359
2852465664
508632
5276453
20163713024
16771382
393406592
116242544
3974883
1733951616
2236520
423482
4681415
9929283
4294398
161734832
873212
558996
109366
551398
223638
320734887936
448890404864
-10
32802906
176996483072
96627784
1594574464
2784856113152
1349765120
5592279040
676399808
206408224
376525750272
4
3177709056
294228672
2588998400
187007824
3146247424
6623821
8393043
5512487
97375800
2918881
465206
172736217088
7872646656
29594878
222730649600
462027653120
2877943552
6912
1193282633728
3234501754880
1088229632
483593088
3834127581184
2260880896
58644484096
18889062400
87764376
586408896
1026313792
433748344832
282618560512
986053760
29013466
59114020864
1716877312
1872074752
1209443024896
7816995840
576991936
2463873024
52086068
23182983168
116786280
613104128
1634549248
1000088064
2257553664
1906379904
1114945
74368
3191003648
4197787
11692325
52004376576
187489616
271474528
53639132
616288
904773056
3256703
17189116
1891294
56469396
2422772
79783736
453846
94574
569495
3476806
9696
-9901309952
613472600064
1845051392
36741628
411507163136
806379584
1716337536
2885346656256
15594376192
47560175616
1216734848
85391632
444269953024
431941664
43
235824192
31541161984
219821488
2156134144
7037278
15483850
3948190
60584108
11148753
45264
204847038464
205416300544
703427520
4494181
236798541824
1067921280
1395143936
3528736899072
4653177344
24294637568
2710889472
316700096
200783626240
848383616
2882638848
493449120
19645968384
144589312
1908554880
7089556
10164806
6717746
84101888
10653572
1236400
257029046272
1216904064
553029440
888062912
53577207808
777559744
6497715
139012177920
225889328
887768320
113149528
11133678592
314991360
-28775
1101602176
60012756992
2135415586816
70071042048
791918272
15491410165760
758397730816
721432384
13974661758976
26898006540288
426286776320
10853050368
77084246016
164026482688
2359514368
12944673
279249682432
724859776
4907035648
1923474522112
36578033664
154385696
714722770944
1438842617856
13713271808
315775040
3928774148096
21389903921152
185217990656
750790784
13774546272256
19099461632
189859037184
146930925568
213479904
368769248
1871238144
299508105216
802474557440
2729714176
59342564
945877549056
4117703936
404320256
2173470900224
6183052800
13376103424
14212796416
218049264
14577121280
328195808
4229279
12382843904
29510451200
131848832
2417436
153365708800
177654513664
1051881856
34982280
180999749632
443910560
1976198272
1229279744
5785631
7026625
10791480
7099813888
19693709312
80913936
2007114
4973219840
33628536
44113704
166253215744
1568257024
-10729564
911766848
-20605
1757784960
3556772
60529644
36920104
-83
364989216
905723008
2768923
224696
378579616
5283194
1588980
3852982272
22914748
19992356
82540096
511775
374213056
2066343
10405513
1104228
1
1013168
3218599837696
82709274624
193491200
304287612928
6962352226304
11331980288
755843456
14290331369472
18333296492544
119353540608
3137342720
17340023439360
3608475392
587734908928
130230108160
207659648
868221440
2720876032
1376935739392
890896187392
5644885504
687097664
2103648190464
16995364864
31450439680
13231112323072
-80020960
46075944960
20959684608
741729408
258725363712
3425427712
1992384768
4925070848
1947340032
9180310528
24142209024
518766784
1489001
12035399680
40010264
154506672
207088697344
8251883520
7222387712
1584650752
13837686
2714177024
166090464
20941518
104481976
2634184448
6836849
569298048
1166147
6431855
13802246
27141938
2234042
2898095243264
26665164800
131379280
2195634257920
994264743936
15201894400
357228096
4242020237312
37873596235776
151454253056
7854841856
12348366520320
78278082560
31100989440
101988548608
1729081344
2839240960
1046264064
635021164544
2770920013824
3009677824
71527040
1959918567424
2644024320
13576046592
3200822018048
150216671232
21484859392
1798979328
718213632
234689642496
9590020096
643003008
4142196992
4131215360
4954459648
37297401856
46715788
1071744
8003792384
14415441
312343136
194246705152
1216590976
2793830400
625956544
4562853
12798680064
41728360
178442976
21296610
2431976960
29204238
631912192
2920217
8305754
3464543
36507464
1643068
-114424143872
3596966952960
26697940992
90517736
2467975659520
4038941184
59354714112
15600381329408
219026980864
862856740864
160132956160
3401594624
1064935882752
20788574208
6351309312
20389982208
134044303360
5976656896
19558795264
32059076
64336148
111640000
3447250176
82326360
4351898
2650886373376
77516406784
205466016
1075252822016
4844250202112
29740824576
168757136
10483553796096
12737676574720
43012501504
305239008
12736854491136
36243439616
128899612672
258753200128
252806240
4685358592
74087576
833294827520
2701024034816
20233302016
54315688
1809988059136
5104450560
7061210112
12894274060288
92265619456
7657753088
36175732736
1034769536
328870330368
1125059968
2801966336
1659249792
476444640
17143895040
27609460736
156009808
1797595
12171888640
26150458
17714736
126451048448
269928416
387633952
606817792
5520551
12688024576
21611306
52801544
26708996
11412012
17289314
584289600
850167
25283662
8566446
60159736
494646
780600934400
2913834893312
36137971712
97299896
1421979942912
8007639040
14789339136
15069604741120
196749475840
127159664640
20482553856
1491765888
1813204172800
3749489664
17088753664
5573136384
96806641664
14747947008
7445512192
33658488
461281152
99558128
941019904
6136363
3971915
366127054848
1351788134400
6990850560
37527348
1794449473536
8448691712
5415614976
18400839467008
14460575744
42665115648
66885779456
329025344
879062351872
1404491904
8988572672
8925851648
49292615680
1421518720
9553285120
18738920
79307944
92456128
2469746688
19833614
7855930
1921523777536
814451520
13918464000
11138621440
-629683904
13670767616
126836424
496067641344
5781374976
4980156416
5520013824
49313959936
1979321344
4354413
1372459904
477205233664
4803471872
8078342
303953870848
325117640704
2407812608
240840
2442855710720
5288683896832
12162861056
39257676
1970628198400
16207370240
3325014784
27420442624
102698496
258989744
372572576
230298910720
201220030464
60700400
5122652
308162920448
951470272
66270252
3002321862656
9373493248
25860694016
3836474624
79314856
92181487616
97203992
327694656
2536711936
1815745664
1197779840
1658196608
41111676
380512
1199710464
2762819
21719236
59185930240
128862464
256057888
422897344
3782724
873860480
7155856
11989947
14895276
196872976
5550337
220406848
388709
2399483
740700
19417866
459264
234957373440
472694063104
254697760
15091137
324167401472
33291856
9717027840
2760349581312
25655066624
54003769344
17421393920
129549600
607358877696
503041536
1714330880
1828392704
16812311552
307018496
1379429248
36961948
18917102
18948904
421610912
23207318
500924
368813178880
396026249216
338989696
37410380
260809031680
674422528
1412745472
3604537933824
2227439104
4622935040
7977124864
19848520
39021088768
226322192
786352896
273928608
13592044544
127035176
1852571008
185295
5226091
1149845
58150940
450030
175308
17749424128
1766611456
4432499712
148377168
9106406400
620936832
2804125
325459607552
95570182144
356755456
279991456
267406671872
886712576
894631104
2091336335360
11934798848
1561926656
124041150464
303407392
292046405632
123657760
3267513856
1042246784
4972759552
265050240
925850112
2553050
9629262
10221394
97205992
15107402
3119121
290576662528
75565312
41072764
2899192320
16005156864
495522272
12011261
355879649280
1722976512
1810158592
1164259200
10670832640
972531840
9201697
1122549888
969181248
1914987479040
39105499136
373743232
1152497876992
1299864354816
10502984704
62107380
4991191351296
7503243378688
17149473792
1040008064
15052982714368
100199391232
97598963712
119283875840
122772552
703499520
113152296
761824870400
1839196667904
272206528
86516240
1244497707008
8759345152
8326018560
7269915295744
13235753984
39089504256
48424263680
414328128
314995408896
1128260992
2337210368
1040418560
11426292736
8166820864
20622237696
57225300
1694170
9866788864
19763004
188159216
92073164800
583296064
76852536
2580910336
12297187
5874964992
10359798
236048288
20538824
5521822
8015973
631464512
2697465
6513511
3608901
36120912
1187657
1205096939520
1317756469248
20349501440
229032816
423409811456
7216887296
20930824192
1568833273856
11271801856
27069161472
324540923904
113979240
897114832896
1959515904
4459707904
8002127360
2556173824
2150761984
12010888192
15159911
8193314
139391120
106389816
53168316
1224102
465545592832
4131578970112
20731836416
50609804
1130832723968
2377225216
27391588352
11545365970944
252441231360
308332396544
85913305088
74791088
1640299495424
8731283456
18060347392
4415024128
77101776896
2204732416
10543689728
72982448
115096440
143591456
529775616
28951596
1857243
1504585973760
1800327808
-220763264
6660268544
325712314368
17966731264
117630984
1061209112576
1165908377600
12463664128
51867216
1500769288192
4356051968
16326920192
15229890068480
62294806528
1122776252416
57131593728
567319040
840547631104
5370981376
219
3759187200
263094353920
3283536384
3171161856
70585576
84261456
30986574
881508992
27427104
861923
2085288411136
8934697984
10971502592
6062057472
20825841664
2144324096
219625104
1083027488768
2525679616
7956529152
392192320
53516357632
3203564032
33559228
3504398848
1457185536
277353693184
305208950784
2046459392
247298944
43524513792
3714423552
5783966720
1551824584704
7832664576
28153102336
40180072448
210029856
219823947776
608908864
262696592
1218080256
12557976576
24483080
872896000
1600873
7736029
51070832
409938976
3294756
156480
419254075392
1213142656
2272224768
2535534592
14639099904
369443936
64395100
287125864448
2371540736
353351552
791005632
6535827968
3966629632
4041519
1653972224
283514077184
343413952
2758263552
670348800
27489626112
2078431360
8438909
1315330048
476276864
137485451264
642344222720
1905444736
107750240
1990066438144
6578674176
2235976448
10998946725888
29042282496
63896383488
667857408
181438048
521387278336
799955008
3025492480
628802048
21808697344
239795696
3408896768
14744305
31025596
61795812
1102191744
47525916
891422
902060834816
796345088
1842436992
10652850176
8221565952
1694185472
5543785
527280308224
1249740544
3165240832
6382614016
-30
3682338560
40762936
5573225984
1172919156736
40122104
3345720576
2204580608
131610443776
2445745152
13305419
3795372800
410975648
83607633920
186318816
4564261376
651824576
43721998336
2607303680
10596107
425875648
62819624
874447488
1497276612608
696260864
1134514816
1422884864
10277022720
521636672
26558534
2695096320
4398040064
4666622976
1272921088
1646720256
