1943450
12425
4586520
85941
24592
71001
619004
23440
2201490
2
77
1571918
241707
4909398
28369
11167551
263582
72
1300574
387620
142345
415
730221
34988516
40
2418268
7
351
52344
3873466
46112
25506820
3918976
169176400
197852
51705960
573823
10390
190462
224427
17879
46697
408167
14637
1467811
1
21343
234052
4510
1065051
4
2818
491451
42134
2394411
803698
436931
21039
88
931600
260763
30820824
34
23460
1286842
1
6695
238
20781
2187
81795
6820
347750
73
4
18658818
928358
44876000
2174933
67524320
507077
1392
241854
4539616
764353
19048424
73852
60
42918
5061005
1212981760
1409045
5875
1494345
27785
2494
469187
3114076
66703
38
2171705
77718904
3020
717875
2401809
5
10794
26116
7460
13
34278512
21
2808
280
2022268
3054293
4627375
40598196
4083095
249096512
1489771
346604096
2758150
30590
16840652
6279057
57949424
29642
2479940
59444
7558
2307895040
100182000
3289431808
14537339
871843392
22390492
122125
3930417
1193959936
1431490
91581952
2447561
6108
12799241
96503416
5216764928
108470728
508018
13874552
56293
3324
4764680
12471858
302685
2177
16755
13839
172796
5100
774931
4
2078
402253
30403
2167805
453694
25242828
15062
83
1163487
197543
20945736
15
16222
948661
4
7092
141
2823
235623
36363
1371027
217421
24858150
8566
123
1283175
112480
17779558
76
4491
451974
6
2391
553
15352
6736
59721
771227
38550360
4336
7
19596772
594858
40094024
5372472
218885344
216339
1295
42157
3528745
264231
66983500
24244
120
83396
25815132
1381078528
669942
10673
23873260
838354
2014
13649096
5062487
30927
43
3153743
161936672
3440
251627
31311676
72
25392
7407
1163823
2
2146
234
29
773829
21893
1991037
3618411
258672608
14436
104
2210
140595
477213
27031468
7790
7
4238
20448232
753270400
77380
414
120431
1838
1445
262309
196274
81449
8
34775488
690175680
616161536
32240289792
4626998
83047
929815
71898968
21829474
367626368
299060
5657
725455
476878912
21397729280
17621192
136890
98425472
711295
44600
132274072
153653056
1173480
696
5086963
758464
19403880
73791
269
139931
74773192
3288376320
1733124
3996
25404568
991321
4393
16423015
29027968
61601
68
1441785
86006456
31126
498
673892864
13187478
281073
499638240
28837616
13044090
3636
155919
1022376
62941
1392
235573
30681
100330
1724682
171487408
11457
1289141
7586
34033940
33
15078
446
117676
41
47
2268
5587650
2842268
28732852
8037754
102965968
1526322
128043728
1916667
9256
4391078
25310718
14406925
188801120
2260859
50627164
2342688
15737
28302314
6685496
236751744
1795990
206969840
909204
13516
6588554240
138874816
11936380928
55212068
1009166528
33691784
254941
3804038
697507712
6087393
-37184504
8412904
32954
36169864
170126208
9911791616
109755728
856922
177687296
2726455
13524
71453992
133885120
672388
25093
3166175744
83823256
2606001664
15413071
1011937280
10363694
175120
6884645
467866848
2871398
240207344
7663319
9271
6884452
64688464
4055501568
90799288
787191
1265040
22929
7673
956815
1110236
273587
16060
16771880960
46817361920
3879395840
133101568000
4231882752
797343
72004616
14568386560
47401632
3273708544
93131328
581229
276330496
3113332992
116986380288
570951104
13919008
2072075008
50051240
39731
913464000
2204081152
11686348
98566
510744000
5721529
127343904
2240249
62336
72014032
320391712
33051369472
502240032
494581
175785920
5285609
13957
54762696
437069024
567505
14994
13660430
535554112
17034176
123776
6183941120
170389568
617724
3698668032
8185169920
80124096
429128
1734741
-53813
384183
6043
2517216
209663
831612
2163
194840
16752
770407
437296
19229194
6079
236
977060
84460
12733967
72
5077
481983
16
3383
342
44969
-275
170325
233417
17777850
1084
8
12504510
326234
36266580
6713951
335512928
167315
1130
49322
2171099
987014
25717182
20211
248
80029
16484564
890622848
776651
7719
19609964
225109
586
3390272
29172256
69877
18
1622066
37098352
2231
201970
23316844
45
25624
1562
1011589
3
12697
69
3
24107
6645
14149
321408
6706380
1941
17
10695103
491841
33493346
6926231
396141376
168423
1791
25647
2157733
1189215
72550536
15872
367
51803
32725430
1613663360
565142
15340
23175726
351429
5226
10574171
13060256
75215
36
1276602
75738448
5540
97626
12977662
152
22353
5468
539276
10
18044
1572
10
7220271
118605
1842794
3541929
142310288
33301
59
1847
271097
727210
38054120
3748
5
16175
18937444
1048888256
171533
1251
10993451
368770
2110
2850257
20681050
692
12
35838768
1328560384
991099520
58730811392
21714834
97200
672981
28128860
7598968
1083055104
340777
5240
901966
698941312
41989144576
19789224
121680
70386464
11471093
21387
362753056
214661792
1530912
998
5190958
1626114
15789115
24553
240
112801
77793552
7029894144
2355868
8036
65647056
1329043
3044
20206962
15071123
123952
103
1446228
180233760
62187
213
890511360
23246984
187044
1057537216
2290040832
14736920
7194
12137998
19946524
100883
1022
11329992
46422
38864
2512102
279111296
3754
6272405
685905
29681776
115
74923
1401
238
16698
667
6
5071942
-5629584
391986688
16307783680
947887
5679
42338
7527037
7736029
246155392
22879
208
138489
240770480
12702374912
1684571
12817
111098048
3245842
15320
97133264
179017520
581337
126
118206
247340
41812028
2111
6
28233
69636360
1214090752
330108
1659
43059820
567964
5264
17339258
36573944
20744
16
1976322
159924304
8948
61
272881952
8493417
97272
246893984
1330452992
3330921
666
174442
4236
19277
570
125031
19167
95617
30981818
2142415488
2027945088
96751271936
14283455
95465
47281528
38148042752
1435005353984
587523072
4687674
22664855552
907218368
1774886
20647028736
16861346816
88913424
22530
68164080
17300518
980250624
458381
3297
1375429
1681924864
75186798592
29091546
469958
370711168
17113436
57736
642399104
692715840
3530200
1194
11352437
1396127744
562117
12966
14541167616
391569888
1863555
18413748224
22206420992
247948352
107107
72836640
75595280
952210
31662
91344576
940427
1041792
109706
44800800
2904138240
1727384
32727
23961168
614326
1140
20833420
29470936
124544
68
8422419
470875008
102890
132
3195432448
93443352
407315
1274540288
2421977856
3719031
7564
7258508
19927720
243342
1174
14332023
92619
159041
62144624
1936838
2962
136899808
155534272
675223
159
168059184
648810176
13299201
217686
-37782608
3078758
3165439
456004
28619
38437
38107
142671200
15378
14626966
480855
22953
70298
6102
20
614
958263
67512160
5856905
249934496
3470351
112348848
5636849
27270
19885670
2550500
162604272
1753723
161550880
3429709
7767
5978583040
257423584
1346038528
34127800
2334180608
12332538
432474
2850587
419347296
4788403
379296512
8366727
26302
19613096
243849936
12112483328
199975856
1670508
68250992
1468592
21758
16262690
19862878
1016892
34888
28431870
10634984
227992960
1983121
76582696
2613275
5350
3555836160
207658368
3883844608
28398480
1619723392
26857444
419664
10898791
462716864
6250916
247293728
12159599
26812
14087177
73721000
8963050496
166534656
2423740
31661812
1106699
7106
88314176
100116664
559873
17082
2526872320
133228080
4323397632
6144786
994271488
47776048
106380
7905141
399732672
7928193
335900320
6489821
21276
9334128
84596504
7525194752
277937568
851040
79163384
1135709
1876
33678340
139778208
942364
20436
26494724096
356749803520
4844462592
200374157312
16697380864
38618760
141659392
26145816576
36478624
10357796864
261976768
509883
332756288
3608747520
202458447872
3682416128
24729372
2470092544
40431588
239819
703232256
594438656
14370098
142740
255594592
12712255
619101760
1887669
38456
146855008
815056128
4297133056
630955520
2368254
235592864
949921
40199
87249120
342558912
702040
12345
22991842
914109056
27796396
241524
5859022336
270395200
1286884
6604659200
4444575744
73850472
777112
38230824
96141304
1007523
11894
70589088
110687
192196
6778993664
160006684672
2281772288
269920960512
6448663552
24075150
99525808
8659575808
56867404
2454391296
3949718
527540
91432112
1257908992
21096681472
2086014848
21190990
358328224
20767808
38176
554949568
850997952
4058202
58250
417065472
1430904
182915968
3051300
27783
37848072
156921232
4989639168
265662016
1502638
316135744
2437759
13186
49410580
69049872
2453369
3860
18958038
430026720
6880974
34311
2814068480
80303624
363261
2098250496
3324809472
14482466
561360
643901
1560732
264947
5609
800758
89362
480197
15671934976
349782999040
7931569152
644174118912
8505280000
6574572
33893795840
51797102592
17418351017984
111378546688
571155328
163190489088
2286959104
6416177
135804272640
97922048000
1821404800
22642104
6705635840
51053032
4998437888
136189664
497522
951611648
5098902528
277106098176
8523655168
52101596
784061760
75267584
123707
1566823936
2016303104
6899946
103047
94546736
4514366976
166889216
221172
16629610496
3255167232
4344290
66433359872
7598682624
1278219008
2427733
143822944
1558583552
7550427
119426
473811104
2118080
8300961
59995748
340952928
8546027520
194666912
874014
346182400
4898584
5637
91122488
398169280
651412
27137
19267026
3416548608
24859118
135814
19275466752
451935168
970431
7365841408
6588503040
38102720
1589224
67020740
269724160
724998
8324
168051648
158774
1201178
1124948480
21885110
28909
377997248
1044180032
4182593
26409
829012224
6547678208
27156588
1245060
2142578560
18309378
83609808
885782
204366
355880
231861
17557
6020
78258
575299
11099699
1367
1
16375721
146090
22118748
5304454
413270464
113310
5664
33022
1149112
930406
107909248
13628
255
57720
27944380
1466788992
314562
49088
15567352
397081
4924
11154304
26895078
32511
80
2787563
48128396
6939
97336
11986639
135
32908
9984
475712
6
355
1431
5
3003430
55737
3632940
3291236
248357856
25728
186
4227
306438
1112124
12448828
3879
19
19954
15519308
343128672
93018
761
6274880
421084
676
2228565
19062860
62903
4
14541360
879560896
660798080
26595434496
12390159
52163
691858
92429176
14649069
654244800
388968
3392
861601
531320960
31315896320
12214547
135719
160188096
8066070
34074
151959216
299496832
1677048
323
2502730
814478
43851320
9629
163
169101
127365168
2435056128
1632991
35108
51577920
1474201
137
27249566
32488116
101021
27
1695179
52415648
34255
155
1311696256
33548096
151439
740542848
1304733184
2567716
1439
4138566
3268606
39447
809
11195091
50150
43151
2006019
275900256
3499
9230571
188681
20992198
67
125467
6345
373
11457
360
31
7540523
159503
4138747
3086498
334865696
36740
120
4493
368895
1149957
37435668
5669
18
8939
39044208
1087370496
140052
3729
13467649
291272
1542
9424224
9845056
78840
8
20359482
1198389120
379735104
53589438464
8924976
198500
150802
73258624
22297920
868128768
357247
4449
124635
924370816
30720913408
19449044
198352
238099680
7544915
32760
220661856
67064512
920263
1022
2363455
1106605
109907016
4870
248
71817
38006784
3329177088
2545852
25028
71376312
3071753
2868
30548624
103395256
334494
84
1458714
81336992
77030
786
435513792
22942896
184116
927319552
1451108736
5762240
4830
8544675
12821872
61548
1672
7222444
65054
141082
2623217
162116128
7744
6906782
211028
12182397
128
128606
12696
511
5501
672
64
6557597
291446752
915344960
27213688832
2845189
14165
143462
14816748
18358634
918379904
23452
138
134383
810046592
24580956160
3929133
7311
284428032
7241006
16263
204288032
538771840
189709
336
459446
1191487
55813512
194
18
45156
114531552
3758235904
501212
1593
17907604
1045436
2538
38454716
44526320
69104
18
3028037
254843568
19050
38
198425744
15976068
52781
964641920
1437565184
2029243
1071
5524822
12675230
22753
584
10470081
67750
61237
44349092
3992035072
2705090304
162233679872
34403236
203604
40037212
20803903488
2336289718272
963288640
11976387
30481274880
389963904
6902419
13430095872
21355589632
134803152
44068
52062384
8855002
798728000
166026
3840
3433268
2821735936
219149303808
54039264
577035
172107840
18082042
41629
641232000
1773080832
6785802
1664
58022500
248900992
1194189
39513
15617888256
493049920
2883699
13857124352
26172448768
145723776
134946
72409080
89530368
2029488
137362
118133088
795215
1007320
42294
98953536
4177142272
779822
14040
65485148
1479495
4832
7398624
118384352
80148
67
9454652
578094976
227631
1919
4032062976
72205104
146839
198232336
8718103552
19735724
6032
20836050
26870920
275576
16834
41058748
61613
301929
114358256
5977899
10078
56683164
200448960
987751
932
288139872
51190128
6441165
802035
251604160
4076526
9610605
3060149
26853
120229
-8674
234245712
5262
21978000
924393
37180
266808
16489
866
129
12634943
960099968
573273088
61070929920
3199233
28962
25050302
8796275712
1243609038848
142054656
3212544
15765089280
542047232
269709
10611795968
17907038208
32204312
3560
5713836
12032110
276919424
16727
321
334028
1026206848
12694651904
506193
24608
314157312
7682895
59124
150201696
284735232
847979
299
36847524
1461089408
113259
756
5275843584
212524928
2275661
4461868544
18502180864
65308928
14795
79439936
161521152
339448
49658
29138920
796287
1601792
29759
30288532
2320435456
281926
984
5354093
765047
7006
18085584
36442596
81930
3
11124916
146544512
23496
25
778495168
68473136
453750
363670720
1182522240
1701798
2618
7700590
33829572
104632
402
17598642
137919
163874
72243344
2458302
3908
24598576
136529456
152634
58
231771312
413129952
2698274
205652
471649472
4874933
6930118
59437
16837
52502
39233
1331479936
2305116672
88191557632
11716834
183992
213852160
99951878144
5672157577216
1032217728
12771262
57382850560
2028906112
2698964
28059371520
50080817152
579328576
81652
3808339456
192880934912
47284296
507824
1225544564736
37581406208
353330368
900608622592
1572731092992
7357110272
6740621
10382300160
8195446784
34325264
1614401
11266105344
46278212
203368256
1159955
994908928
72684937216
15611071
327600
384789760
15128149
43802
645129984
693733248
1814723
1512
184317264
5704364544
755954
3302
23935197184
1839832192
3722056
14094120960
41414221824
426903296
118008
220967440
268086192
434220
0
273498400
993585
1105304
787191808
36752480
138288
514258112
1529952896
9811726
2520
7105950208
4912406528
47467780
5845431
-74182144
51318404
249551904
34356788
600030
919944
445036
10371292
529572288
83357
1504
1152332416
62672632
377105
1282661760
1021346560
10485327
12060
7123585
51208800
68988
3640
14236930
92619
83664
179194208
10644880
28387
36057344
346720768
225289
625
840775744
979405184
15246590
365753
1741377152
9860276
5558825
20296034
70950
69094
49399
7528886
66896560
502851
6933
71106288
545072
312149
131929168
2598021
4808339
3614159
35697
14941744
1590315
108662
1312
17659922
10162388
64586496
1260748
66332712
2631144
12930
6288888320
48870584
4355749888
36179268
1796406272
8458280
181968
7475616
738553152
4604887
471411232
5587963
87876
21065144
161215520
11520314368
236248720
1882504
144611360
2016427
9806
34856060
110090016
537630
14956
396211584
60773108
4099134208
26607644
752896640
15510823
415880
5304408
199341152
3301372
305557568
4463647
23759
14276692
90039872
7022259200
208071328
579743
56297532
490833
1029
18426100
102709184
471182
18360
21229455360
279713873920
4131227648
88065900544
9573354496
32936980
66252248
25103009792
66946016
3380587008
280243264
254120
139165680
1684980608
121345474560
2858578944
18946040
1964628992
30401612
148398
1215499136
999038976
13338776
25584
147913040
7090124
163210848
8684616
21004
112199048
430070720
20326672384
657674432
4736509
831912256
5033675
31056
215906448
154560688
702040
3198
14137853
499966144
19188036
9766
6518873088
187085712
774932
2726445056
2326108928
68097968
52128
69082168
86904544
1048213
3083
52876388
354795
310985
3591485440
129523856
3284074496
5945687
17232768
38706640
199035
10700909
498258656
4101840
324586112
4939048
10504
8691387
74898720
5014511616
88488560
558728
88689520
3202456
5427
27926680
73756792
631403
19928
20072228864
393095544832
3646255360
442225491968
2581264640
42943388
207561936
9741841408
126942800
7853218816
189753488
1201401
177103456
309870976
196396908544
4631883776
59095468
1988363136
47505120
-34541
1371749632
4497933824
8903680
92688
455065952
6244173
197806784
12063067
26812
78754504
535446848
32463933440
324821632
4204095
314773120
6909682
11788
195805392
150747488
1102411
40687
18041322
1037813952
22478496
51955
12144236544
101959032
285710
3437226240
8646381568
38461472
1508497
21670032
78563680
609970
18914
66726244
158542
284484
16183303168
541778444288
5441630208
157868277760
6076691456
132503528
132702680
19909681152
142092336
390088448
142457536
531900
410691808
4665179136
73661939712
3976692992
12978362
1025980800
33834312
173442
589257024
2277759744
1713855
436169
401222336
7981287
342535456
6562884
21276
77610248
130615216
11796192256
490342240
2595672
167563904
3710678
7503
104832176
286005312
3769458
7968
13430425
769241216
17782056
147832
1399975808
228840208
439040
1260604800
8584475136
16059708
1470712
39405664
32787618
300689
21186
41639680
174160
1088102
26689150976
337685446656
11394959360
12503773184
18237976576
159003200
33457846272
323033038848
15870021599232
616344256512
1449345792
127670747136
1857810816
22737620
139259510784
320251789312
2767056896
34425584
26384109568
35830836
10359985152
262867232
509884
1117358592
19930931200
453823823872
14464929792
48438976
3950735872
90594048
650575
2807757056
5271814656
57480392
308649
218788064
26954835968
313894112
1019767
139814436864
6138573824
16375601
175132442624
130128642048
1998882944
19764792
517780384
2469501952
6945361
175820
829113280
1919088
6275457
147377536
800143360
4060763648
633223552
2368255
599402432
855730
40198
173422912
335712832
702040
12345
39915316
1714495232
50150560
153991
13414403072
672115776
557174
10002242560
33125048320
511290528
4964859
170674736
374738080
7505981
15321
163740256
317911
1561496
639118336
25060564
130867
48426304
1251573888
5586676
26860
2198667776
8183440384
86306304
229617
4917123072
16827580
63225540
33694152
97101
481370
-65974
6703978496
739571531776
6286237696
326639681536
15145385984
21798214
26851801088
115801686016
5516079136768
217396379648
4175591168
72898723840
2182558720
9602367
81257037824
82732367872
409322944
7118068
8677260288
57058648
2495476480
3952522
527540
238328128
1740199680
210980978688
8086422016
64843856
1804012032
44930288
134553
521773248
2383304960
17989184
422902
92185552
6464188416
193155888
579368
52338458624
1084504576
6668456
11078474752
81125711872
769154048
17672858
309667424
597629184
5936203
69727
414601984
344177
9605274
37693636
155147936
4883075072
263706304
1502638
131639968
2430147
13185
77199584
69428672
2453370
3860
16727765
693233664
22033852
166655
4411384320
181659744
497862
3272776704
6316300288
56122068
3743941
53869320
45094336
646749
15388
40918892
121401
1249160
280173120
9974698
16105
300102240
714380352
481585
30781
1141567872
4242374656
30696356
234701
629868096
894827
77179928
846554
64149
184421
177856
352883867648
7842273792
642720595968
8483721216
6574579
48863748096
200311390208
32351056822272
737876770816
6376277504
185316524032
-1590585728
24384880
205047595008
313904726016
1374232576
24737880
6545319936
962553839616
56613969920
16316438
2674700582912
176753803264
118420512
4504710283264
10166007234560
155302330368
565445632
72252932096
189405609984
751272448
19847986
82778554368
153741344
611800384
953581632
5043483648
272941809664
8540683264
52101584
2169202688
75190528
123708
1053448640
1986050304
6899948
103047
215330832
13705669632
454795840
713529
108651675648
7496671232
14721244
226399240192
454491930624
712571520
3787052
1368028544
4847837184
1143661
353942
901269248
3552006
14220387
5625029120
38031496
1134491
3367601152
6111681024
73634616
366275
10501142528
47161692160
979123072
4152683
54132318208
369689056
888918208
106319336
2574237
1825398
3536024
19411256
3436340224
24364952
135813
22224334848
451623936
970431
6048155648
6455369216
38102728
1589224
108336960
68114120
516266
8324
46301800
284667
1201179
1398209792
56749812
32964
378949184
1048164608
15558232
87354
3870698240
19046875136
118723592
660965
4373485568
60386256
0
98993288
228897
220017
602476
172194848
426821792
869249
31075
277292992
576118
2601847
1092208000
9056469
23420648
29804642
154267
3721192
129778
3230885
4355089
265800464
28630
155
5037
852492
1545209
36994184
1657
19
24439
26248206
565248576
107723
799
11049946
594074
959
5381368
14482344
109135
10
27118652
852200704
405396608
47650119680
14282726
79023
415931
13200372
23503894
628283392
235818
6912
506684
1085886208
29742088192
9950466
377043
143593712
1346685
133536
29732116
437816992
4064231
2880
1780904
1084411
84213848
6822
236
250892
89994680
4396974080
610181
22535
14208126
1939332
6268
11095990
145259424
170468
120
2991247
213832096
37820
406
506409024
27970400
155199
718690304
1460049152
7618388
3132
3169657
6497400
80579
1096
11335573
41936
58453
4018115
85102520
5080
4408221
692946
11508220
103
148478
11303
167
11245
832
33
18200292
180442416
599077120
20179075072
3246439
17959
97158
8276404
11835366
665244544
107111
444
392865
694741760
27516018688
1271379
21025
164035056
7930365
12934
222625616
356436512
265716
85
499163
692161
39336936
2410
0
32610
76008640
3117586432
207613
1902
45374028
451123
3429
22646890
37126040
310942
10
2717945
98125496
15700
51
766967616
23909212
137159
377717024
1019288192
670161
970
2626396
2650000
65388
737
5781560
23131
36851
34030120
2152393728
782433152
69114322944
47551540
78974
118556768
37746114560
1353629696000
455299040
2816851
34700677120
1617181952
4017898
28764098560
20125380608
263576096
38135
58852512
14655295
510658560
230054
3393
1767837
1904913408
91556413440
16763099
413945
302542784
29552640
170369
655066304
756268672
6708193
1619
29364444
1420075776
463872
2608
22803806208
808728192
4157027
20336154624
23486676992
26832788
39527
80482624
157612352
308203
25850
79593040
1303604
185791
122583
92625632
4805061120
1247744
38800
46975752
1615492
2756
35765988
9459366
0
91
6932735
66378640
73908
660
5212811776
100031936
202968
2723205376
2927043840
6792474
1159
424338
45520808
197234
981
27194100
139454
146535
74623704
1704689
8268
36582248
145209648
280417
142
235891712
852867840
4812532
24832
334452576
3453840
2929964
13657309
31441
48909
24524
241763648
5070
7846999
336704
11159
245809
6839
569
17
12691610
218638400
1033240000
37689806848
2040334
35919
157707
12230016
6259075
401790848
128789
387
6757
509040896
22931808256
3578773
25392
103565848
509113
38782
146256064
538146112
1263767
400
362638
1143922
37698360
5579
18
14966
109759728
5003197440
387364
1124
35573548
774722
5664
26464634
39131128
157680
40
3317130
100243384
9753
37
627868352
13936400
610632
695212992
1544223872
7808434
1180
7565440
8862388
26376
1165
12442403
63381
68978
20145660
822962048
1845493760
86945611776
35881908
159255
96514256
61631127552
2587102806016
961206784
36813640
38007926784
1014446208
1912885
10254307328
35505553408
208053184
91139
73335992
22448516
865243008
356000
4449
3790218
777379200
137777479680
32829082
470224
197317472
12629565
71700
441484256
1292879616
2825943
2100
52747932
3784455936
202478
8184
17181081600
578966976
4575840
14551496704
40938369024
92360328
136458
165921632
400619552
1001624
91914
206824352
255087
674856
71939
37195204
3349769728
2542997
25028
70341872
3076842
2868
15231904
102914464
334494
84
11149262
187611808
95560
1083
2947584000
240689984
375707
2303755264
6158548992
24679562
15808
39491908
35671760
647792
12607
45377160
72448
872908
104907272
5264029
11228
110902616
166229104
676070
308
449667872
1417735808
22812618
288750
970044160
2766725
11847188
16320550
63946
108100
98826
160109360
7744
15010996
436509
30880
112680
14384
1050
22
6655889
1035333568
1996189696
68353794048
13743350
18786
35411968
40741277696
1311735676928
251920448
2655106
21421922304
770094592
2349535
23571609600
20169046016
98990640
14064
14804320
18532354
917268096
23231
138
668286
1837836544
219824226304
6872891
18078
168211840
15342349
18096
560208000
908813760
2646407
1344
38284900
2506733312
196439
452
16154871808
546160832
1783391
18689900544
44641058816
133152712
29085
183659968
153059360
464948
23156
79273128
897804
483416
44788
114487032
3761122048
502093
1593
17348488
1044362
2538
10792525
44478736
69104
18
5862039
113781408
25827
35
2120321664
79815136
435032
1287590656
3879677952
13096620
3688
10632226
17322922
164338
1280
16464976
0
582664
144523888
2318420
3982
41484444
74534192
827940
36
691633216
503010592
3869320
177360
538211968
3381085
7532635
18835396
18029
56449
29164
3972907264
2643214336
168844673024
34526288
203604
244146240
403312738304
9944178884608
2500807424
30313068
112094363648
4022006784
-141180
37573304320
98831679488
414538848
216650
7885629440
244652097536
50571384
478375
787344982016
45929476096
232157440
1013764718592
2654010343424
7205073408
10289162
19949250560
13524839424
142957824
8894181
19849881600
-7131009
138938128
3368536
2817068032
31453964288
53952272
300875
171745632
18019528
41630
76556752
457372864
1473534
1664
90671720
3139486208
3195066
22230
84321837056
1614519040
5453529
34107957248
120927485952
518479488
152250
653618816
603249664
3735480
240210
474357472
3093282
3828161
1658889984
51726556
99584
975886528
2019622400
5495655
16616
14784884736
30584330240
86479712
6281521
10671729664
74353920
88157224
121986840
1137280
1955624
587369
9485410
579057472
226724
1617
4034990848
72779184
146839
1594208768
8757191680
32286726
6032
18828060
26919632
275575
16834
17875728
470063
301929
347111968
5416299
15219
256388624
915282240
2940977
696
1131743616
2822974464
1370559
373822
2416328448
2309216
19803732
24539736
65423
242420
28486
79143744
136813776
915420
17078
99731424
683120
447035
423223552
8730218
7711103
3070440
83184
17489460
530240
62511
707
968083840
570785408
61159145472
3152097
28962
72816104
75744788480
2653324574720
744509952
1376775
59588853760
2665473280
5543590
12466569216
66463948800
140096528
15603
3981431296
277504327680
4228247
64148
986433519616
19533295616
216003152
564338032640
553087598592
8096633856
1342222
6970704384
14453511168
57460224
1586034
13495457792
85360624
69585912
335185
1010570624
12843740160
491625
24608
312519552
7630580
59124
370662080
281711904
847980
299
33325664
3775582208
455105
1246
61745922048
2385873920
7035757
5766710272
34092756992
162605840
17186
144423568
617262720
1959896
249120
270359776
520811
3655451
818081984
19530638
76979
479172128
457316096
7104916
468
7160741888
13078610944
51130968
3468274
9155881984
65700700
130197736
32666864
412028
1490512
503740
11092871
145838736
22858
25
777300864
68357112
453750
194189952
1187389824
1701797
2618
7892372
33573820
104632
402
12754468
65122
163874
54992156
2625794
2987
167437088
160498720
340964
50
896573760
1219763200
9128028
825210
1424494848
8584505
2827255
11240292
19497
123883
59171
36071328
74334896
128981
2743
973515
111820
417768
122360152
1651978
5444097
2202740
33446
213888848
100093812736
5681094590464
1031609920
12771246
58185945088
2036827904
2698964
17800964096
50413760512
579328640
81652
6065899008
272248913920
149649424
553144
4534205677568
142719385600
42359140
3352332337152
3530445815808
13044834304
4102848
39117094912
76705292288
117220120
6103038
26078101504
153878304
71070768
135725203456
121017496
15954780
148485881856
284821028864
4616521728
462680
454732316672
630295625728
5590247936
352739936
610203271168
10546025472
62525972480
17808443392
33834608
26880764
37436432
185416672
13093255168
759767
10224
24157515776
1854333568
3722056
25986037760
40373960704
426601856
118008
132638736
268627200
434219
0
294434752
473696
1105303
1519097600
97250160
290304
3651283456
7239732736
10394277
5192
18083901440
10597673984
22702066
6662990
9460755456
94399680
456059104
280183840
263832
854694
1170943
335145536
749064064
8777824
24815
441263936
2007561
6792111
12216764416
39172984
36421344
64813208
581038
179068128
10492954
28387
313832736
346781856
225289
625
385497600
990583680
15246594
365753
790577216
3823617
5558823
-6638034
15637
69094
93576
132172152
216650496
553920
42024
199623776
260022
388170
739190144
7122002
7477168
5075866
73076
17608536
212849
160718
121564
5260997
85842
3047667712
84353752
3605175552
23916488
1395578496
50832888
261188
5558633
557074176
3055488
466504288
5125114
2473
13809016
145670384
5353455616
102287688
1685536
84109312
2183017
4504
35678600
84001400
286861
12728
10457055232
237077413888
6688159744
363388207104
1229057280
14903205
62387900
12444867584
55883900
3048171008
92918440
280224
251451344
2973428480
167000653824
2448318464
92277152
1675338240
20546476
142324
823984576
1141712768
20815500
162329
1096015360
3529224
639718976
9991375
87876
26929256
556973248
22168088576
826159744
1916720
403588032
1765481
16626
148475568
377113472
1612890
44868
31827128
1043561856
11550991
139352
3757219328
87824928
956270
2890985984
4334121472
16595336
681280
6791360
206102544
661692
10592
21098426
283409
731618
2521048064
214783590400
4742886400
58380435456
3816317952
5794168
88283960
12763032576
145763424
26895488
154749136
54998
134771504
3009619456
102944112640
5137567744
57525500
1072311616
26520420
216902
367512704
991279680
4752796
102925
561453056
2297837
253217424
5389994
34820
18528370
220318976
6939744256
625629248
6542534
267959888
6892281
8430
37535108
405903264
761773
43188
2340583
808824192
13108506
71780
2485559040
127476952
991442
2386001664
4482616320
3427711
217979
41426692
53876364
141330
2579
44979000
369183
134458
17311819776
731039531008
7662813184
862792056832
9879064576
39273264
38130814976
432298524672
11838887559168
300112576512
260002784
170216357888
3244521472
4322758
79496200192
115312549888
1772637952
2153975
8127823872
-5198476
4235902720
137704192
525100
661278016
1236343552
588135530496
11122040832
22735250
6906578944
63548264
311967
1506652672
6221378560
7548922
547128
215950304
4924621312
170723136
1092744
207297445888
4834408960
8551521
41883058176
31650367488
233135040
11627160
417643936
1762770304
14394672
91638
502093440
2183156
2732620
92105368
232600160
29553729536
594926848
2751524
229733888
6323019
53172
217458352
284380928
1775939
32050
39255888
6294581248
34440448
249952
19087755264
279414976
554064
13103651840
30054342656
54977440
2696999
111842976
154793696
1965436
9497
156102704
325068
1246867
433750720
10268398
14653
412311616
517549824
7113097
66951
2074140416
6136913920
69146304
578105
3859700224
14482189
15363471
24317512
130206
1851964
134269
15620866048
164674928640
5064936448
259371515904
1414088320
17660994
94420928
10465635328
92658608
6511112704
96655304
58960
102805504
1038833216
213531885568
2423946496
6335066
1054760704
15507003
124852
587637568
892120832
14347116
337896
500830432
4161989
323916640
4852714
10503
48427212
256547552
24825583616
158112048
1340113
105618784
4850084
22448
98839656
201258208
1030428
18054
20739458
709150592
16608546
81983
4293974528
58402360
1100627
1720092416
8565256192
58051060
620822
25327472
54959396
15921
11301
39568064
379864
533341
29902360576
1200403775488
5895329792
290632040448
4108135936
14831850
22352738304
199592083456
8217516048384
648507097088
1130669696
472607719424
3184207104
33054504
118612164608
108191727616
1646692992
25696748
9694482432
127681944
1007110400
166404192
1201402
608024128
14380999680
468883472384
17880205312
115200904
4716779520
125781688
639540
3410937344
4570471424
2030487
395720
149465120
15425193984
349813888
-76549
252802793472
2923244544
6957106
110463475712
412930670592
2386684160
15200725
794501376
2733587200
9954973
22522
324765408
1087860
1178683
70263920
566715520
13800599552
659832768
4204097
315499328
6976070
13141
197687568
149675344
1314275
10709
58811248
2187549696
23240902
727384
22786707456
661109760
683676
9194368000
12729771008
320260032
8971366
124384336
495954368
2439880
30064
105626904
567712
1154629
1371265536
51501516
101103
325861024
524339744
2957396
73303
3269838336
11731798016
30211566
287577
3101359360
25827168
118518992
34073692
254792
397428
370024
1742181120
1012029784064
14755232768
288225787904
8385346048
7549562
30921299968
262460784640
4083843596288
246940893184
6917692928
135981539328
2084443392
20218264
64637243392
142205714432
167234464
10548718
19974184960
85547432
3161525248
154044848
531900
448133312
11901442048
1004302106624
8048504832
49998608
1929351552
102132112
218820
1366269440
3899969536
617662
204937
130621840
8514923008
340185504
2759918
50214109184
2689503744
7391890
32266117120
345299222528
235103728
55675536
304316000
406865216
2316255
210477
586810240
1603181
8671781
34608220
128471224
11460515840
498782016
2595672
462949056
4351246
7503
83138856
379740480
3769457
7967
23902020
2605551872
31469500
212760
28532504576
267696752
1843960
4894681088
14144710656
61869420
22400416
61501488
163706480
739840
21050
72959640
629328
414032
461489728
1475566
27720
220915376
1368587136
3630530
108180
1822973440
3309413888
35142400
1105548
2746066688
52642284
38930332
25592312
158131
671445
136112
343424466944
12926146560
1617970200576
21817483264
159003232
94243897344
753596104704
54543744237568
1214496112640
742899968
469274984448
14138504192
35444692
271731392512
662430154752
8378586112
90167192
11437242368
1422176550912
48835903488
55274872
5546365681664
145539710976
309422016
8256767393792
11416878710784
20946857984
809587136
50214961152
58732720128
1650537600
9803423
186298843136
254268576
1007592128
916989440
19930836992
467705921536
14618557440
11367620
6682280960
121844752
650574
3939672320
7754795008
57480392
308649
397979392
88266801152
776682688
587592
1004044025856
22950164480
24916960
465065836544
1141021081600
5936642560
52562884
1209855232
4950565888
4292769
342619
2230716416
3214227
8680037
16204502016
5432676
675136
1717877248
15014284288
84622448
572176
72409169920
241438375936
659443264
47245336
105932324864
420571488
1195808640
295634592
2093414
6146709
7093807
39837444
1670612992
50377492
153991
13475458048
670536256
557174
10050306048
33452382208
511290496
4964859
172706512
373210176
7505981
15321
147714368
317911
1561496
2335365120
89982056
45670
820508224
3009766400
409043
107440
1106082560
10241612800
38374552
3943740
10572070912
81579712
369007776
70448144
841024
643569
551726
486862144
1531450624
4426729
534
549021760
2317727
780748
809760000
9321699
40338912
36873188
209642
501693022208
6290019840
328644755456
7721400320
35476268
93958569984
237285343232
18802918031360
384984973312
1497031936
268627361792
8972434432
10236968
105781600256
526451343360
3861749504
6218280
20287582208
1552075063296
10175787008
100766776
6471269482496
111951028224
753470592
392894939136
5992232255488
31874043904
1552461056
62303993856
102541492224
233554400
4415051
101389680640
21546066
293634080
399547360
1755922816
212356317184
9006429184
64843872
3772925696
4746011
134553
1544064256
1433343104
17989174
2079
156101488
8780209152
321156800
5371322
299140284416
1429705472
19752720
94027743232
120078458880
1674360064
58069804
741564672
3848493056
13275169
77152
163226784
202727
8861412
2443350272
47356844
469421
4926293504
14131336192
28984520
44828
27901874176
50442141696
623556864
22583730
60846915584
131689072
743775872
299209440
3622904
3840583
671161
16470866
692588160
50179704
174568
11315324928
353588736
732231
3671068928
7395747840
55175200
1493615
73218104
155249472
764970
11591
67133408
339151
833321
1970297472
20974298
102294
325743616
1983723776
4626203
47010
3472903680
18558709760
44264528
5003081
6421706752
684797
72412648
96579344
488503
645878
266189
29370618
156142512
371484
12376
146357312
554558
5127581
767836224
21722664
61930460
8778616
49019
48058605568
194540535808
32126749638656
728603295744
6376276992
183199203328
-1635714304
24384888
205533904896
305935384576
1374232832
24737876
44972007424
2531867754496
91227586560
108651744
18388199931904
452660822016
3420917760
10138916225024
27921448173568
9142292480
1448294400
66329706496
181216968704
2763308032
5859110
225573928960
306957280
1654461056
808981954560
39573561344
70925440
1242417725440
1893637816320
24076326912
12604245
1094832095232
8681569124352
156423094272
4478106624
3616207011840
8789901312
112841015296
64700547072
243461216
285813088
318846432
215880240
13564981248
451901920
713529
108732792832
7432547328
14721254
225965539328
457135325184
712571392
3787053
1359338240
4866564096
1143658
353942
1219773952
3552007
14220388
18825801728
557494400
3754484
7230479872
18140104704
357206720
1263550
95472066560
327772995584
887788480
54655588
190847909888
458570656
1495779200
782639488
3961492
9712834
17962676
3727769344
5527247872
46827020
250203
5487530496
23251586
7057526
33765005312
239644528
671910144
494755008
1878522
1387344256
56804844
54708
373336160
1046285312
8865606
41797
3777999872
19148611584
35188932
1341540
4835607040
17144670
66742844
68062992
228898
220017
46206
652488832
1451983616
7701919
76662
471715232
825494
1209787
1512238848
37523828
17250958
9822236
424671
204558528
687965
2841308
1787658
9902070
9064531
177344864
613276992
38049349632
2144295
14284
85131
11461019
17931088
489327776
8468
60
64113
251086944
20021610496
3422162
8851
121785224
4438798
15792
68703960
150541792
1260025
208
360066
475723
34320712
2173
19
29857
50036168
3103931904
290505
2271
45459188
869499
5498
16268523
62602192
327408
2
1091428
90190344
17594
70
178471072
15990912
32208
434214944
660624768
3917854
436
4618170
16184700
28789
1306
9015380
39051
56044
33981764
2082451456
1576322304
97722843136
16745182
68376
34317712
24519673856
396745441280
568315008
16159902
22700435456
836451584
1206141
16436242432
33132064768
45501776
45480
36393432
13616733
734291264
72718
3205
2558054
568466432
78211497984
10851547
614812
565433920
12259838
564120
119637336
555238272
2634856
10800
42130604
2181006592
1045184
4649
18892777472
737495936
680745
16071380992
16951945216
197244704
81600
37358876
145178496
1912351
5530
133746272
1015798
2020780
89425
29600040
3894853632
577449
15044
11973329
1501007
3647
42312248
99896944
1202761
120
8767724
533142688
138891
616
2828282624
76048464
198655
1424667648
4683144192
22716274
19085
29075178
19716336
14927
5264
21576134
134522
81146
42865728
2635882
58564
63322516
105887952
2304147
96
209745728
522181216
1104085
25010
934962176
1507460
1545281
5128571
17379
152512
107609
118841392
5977
28867136
343068
7140
138697
14976
678
27
9962877
286800800
2156839424
27967684608
717331
15540
18100492
23297583104
684978864128
188937280
830474
17079654400
436265408
2413573
15485718528
30608140288
207675616
9359
8463303
169383
831204224
75832
144
383122
1060697856
73853362176
5362711
42195
514578624
4736731
31876
436102208
215922160
4989630
170
41751208
975041088
145554
530
12928762880
497987136
1396746
12947111936
12617595904
721920
1444
60017216
145137984
621167
36448
150893440
419616
1193220
19088
24989098
3114292480
378835
108
56283032
674130
817
12084622
66851480
128589
28
7374341
94071168
43966
139
1951519488
40655496
322326
3321670656
1832782080
3980494
264
16160153
25259922
172374
1628
9250093
8617
159354
85508560
2713324
3440
6637124
154818080
689085
32
261344656
551815872
8523331
150478
356305472
1345912
947817
3825350
684
34538
14882
2060148736
1501889024
57761382400
18324014
118492
105824408
124247277568
7226422984704
598160512
7423649
67443892224
1319842176
8035798
97900478464
127349915648
278985536
99534
3581127168
184371822592
51244476
1702350
1749476704256
35946135552
68304256
418825797632
1979429683200
10139674624
5176160
13146878976
21577011200
52061208
2079157
12894457856
33490914
124282312
2461909
2517357824
93170532352
26490140
186240
453064416
19127428
0
545228096
859304256
1090800
1619
106515544
2497648896
1897371
33930
92296085504
2860324096
16014772
55880654848
152985993216
14283335
152279
316866208
577054336
1463508
16693
315902816
721164
671474
1015685696
32705740
265020
955246976
2687700224
7992076
2519
5393319936
26587336704
70452336
2429993
10216516608
104331816
6447582
133133816
488464
346038
671132
4454676
104400208
120175
918
2721004288
99841272
506031
2717762048
4200565504
23806092
13230
304798
45185384
374776
1958
34889472
139454
264216
273137472
11473795
19308
113569920
301384128
726552
1100
1106926976
1200119936
18540090
492920
2747526400
5624022
5668145
33258980
41075
53594
25769
6098089
61315800
291579
2327
83337720
34610
279340
391191296
1880160
5138794
3330542
19024
17676594
462144
5480
450
3365671
626695040
3730028544
70066921472
4661172
77868
19221436
52154535936
1332933558272
414392704
792147
37128552448
622644800
993795
15618628608
15335910400
151383968
4079
12002824
13150401
415050368
14031
387
791019
2189554176
82803703808
17288788
28850
402733504
21914408
93072
517482176
199814864
2176441
340
26791882
913261184
121987
560
29253568512
497160192
13134579
17937037312
25805441024
112361192
31639
96591000
119409680
257645
10670
177909664
464082
336910
38489
63619092
3631545856
384970
1124
19990278
786852
11328
39952716
38925816
310920
40
4619023
456480480
37245
280
919324544
68419496
451356
3722160640
741297536
17866660
2840
22063198
28617256
314056
4559
23735552
55432
309780
89714832
2743998
3585
74727824
204242768
432750
110
349656256
499794656
5566792
295526
259166208
3966165
2505109
10476047
38602
84436
28090
822816704
1851180544
87059103744
41748108
159255
187270432
192836157440
10990479474688
1448788096
90907904
101588803584
852044160
4409485
46658314240
117709930496
163481088
177540
7913807872
202144055296
24567290
193577
741654528000
82136891392
2893302528
819127975936
2656316162048
7282113536
3155123
28096188416
38946934784
18601382
492255
35032514560
14260191
224640064
785737
780089344
120071446528
32854260
93119
461156672
6507674
71700
447102016
1527464960
985416
2100
136074592
6361171456
731887
21258
104007008256
3689601792
20125196
7360419840
107100848128
277015840
262500
96020880
231332336
3004873
153036
565695744
2012127
2024568
1174133248
60336028
649688
1583818240
2096654848
4999280
3432
10350649344
28857909248
72592576
7648340
17288194048
20271020
44240772
30731028
815416
882392
823852
11051539
180020624
94590
1084
2973395968
241217056
375708
2286737920
6095285760
24679564
15807
39423348
35211976
647792
12606
14128613
72448
872907
344442880
14932424
181192
162932336
272709120
1054896
784
1918956032
2228203264
3821001
683628
1639753600
27119504
8775508
21305254
70344
95799
236094
91904136
53686604
2016516
6328
122604992
159388
2044678
521064960
3060557
632998
4869883
47182
14524854
924288
69980
428
1034981120
1232997888
121242525696
6950897
18786
88170592
150883532800
2181170855936
512933664
4111392
61535932416
1199405952
3826843
52720435200
92668837888
24759636
32695
5966091264
170761453568
13933143
60180
881242275840
50196168704
213517568
1293649838080
1693058334720
8398404608
1411320
11599533056
34898538496
123148816
752341
10258200576
46587492
84783944
531132
1846129792
219180302336
6833695
2783
535802112
10927755
18096
608786048
1984625664
2646407
1344
108811240
4215742208
514847
2126
78516363264
3111143168
245829
37783240704
203392761856
283136640
56250
492355104
860791872
596100
68880
293350272
2773751
2330656
910482048
6702980
163896
1463070848
1702549504
11362449
1568
14342973440
12049107968
37835548
1346231
13496045568
138779616
71713032
228804624
313524
1009192
617124
8606302
619839232
25609
35
4552084480
79708112
435031
2280969984
3873032960
13096618
3688
24146522
17741468
116392
1280
18460334
100242
582664
355662720
8003749
15892
238283408
353128256
588090
50
2202007808
1033612224
7971916
757232
764761344
9003776
6230549
30393156
41844
32783
132214
16255379
121726144
98641
8167
84969952
218344
1034828
745533952
2770115
4422416
4612243
43594
463940992
404588789760
9977950371840
2496499968
27728644
94763089920
1594087808
-141181
53024956416
82486362112
414538656
216649
23899916288
644358602752
314449728
293589
4060346580992
166976897024
332593088
5222497779712
5901228441600
67080822784
19284484
31858995200
154878394368
281529472
16450820
71144382464
243336208
390325472
70981140480
7183729664
30454040
310131032064
297475702784
2060125184
433300
731767767040
617841950720
6907112960
59629172
956832415744
9500351488
7813489664
17695178752
93582016
69497320
162341376
210913312
2843458816
2094040
22230
85112766464
1643152896
2165952
87947706368
121081282560
455252288
52080
305112608
716255744
3735481
240210
225142224
3064836
3828164
4309309952
191916288
1394177
2941826048
5675907072
4988570
7980
71132119040
87293313024
393533376
7919856
68985765888
43653352
304740032
342296960
920580
3227199
1145760
209779536
877472128
11992400
845600
552858496
8783382
7706173
15826419712
39313616
195887888
42244420
1425648
348777408
6694978
15219
353065120
410320480
34440
696
637655488
1834715520
1370560
373821
1953938176
5337695
19803720
33896836
58293
177016
85458
103796800
248477888
488040
28518
171629504
567840
1315816
-187877472
4368182
6545192
2062637
68281
80390232
381922
856826
117850
2233921
42270
72670432
74136117248
2653311991808
447970528
1376775
59903324160
863287552
5543590
43360419840
52047540224
140096560
32258
6077935616
164732108800
-8532859
293580
1762029076480
63589900288
741565376
1293686145024
4321281835008
11741420544
1337179
14011617280
10718154752
76723520
2820770
25277274112
148491040
215348672
142890631168
3958666752
8357041
45952131072
105796624384
503134464
148122
599945379840
399842082816
3541202432
351720704
377435291648
8153259008
29560035328
6337928704
38867960
123078544
27769656
33256916
3795064832
190568
1246
61721939968
1222756352
7035758
23121039360
75873132544
162605776
8567
141910976
137579952
1959896
74272
270116224
700251
5710779
2691758592
107312056
351759
1533696512
1950345984
9189158
6296
25611001856
41000321024
198413824
1301985
25373931520
149346560
340240768
69212264
201611
997407
414119
501921792
910377088
4384271
180260
958600576
5976446
3194292
5381155840
28853670
53069012
77141712
500868
53315628
3908749
6246
112284912
283928544
263626
70
577723584
2139583232
2949121
85227
737632256
5517171
1870546
6723878
40299
34211
19444
27705074
196859184
203248
13396
202297088
1168308
0
873866112
4688514
5233541
6004876
58876
37748032
155891
584411
47051
2219676
9689373696
377930383360
133949584
553144
3011398074368
148594671616
42359128
3870489837568
9902633254912
13044832256
4102847
39154597888
77712613376
189506176
3046345
45595000832
343293792
42880444
329404841984
7597198848
38009408
309755510784
97242972160
3459743232
1768066
2745371983872
3642874920960
23713832960
440110720
3045460279296
782315200
9830567936
43030355968
119396176
186259040
125861200
103978377216
170941693952
277726880
27877524
65422839808
371710944
1897559168
764136521728
3504278528
8131464192
2279179264
115111144
2536089344
124882160
290304
1562480384
5907523584
13185604
5192
713476096
42773131264
22702082
6662986
20036313088
114741728
456058784
262199984
958940
300024
1785907
1466824704
1736441344
4660548
221016
1348286592
10701503
16387885
9938418688
93957472
29102348
48823848
819372
705363136
869078
2202336
1140947
43096704
131119512
217360192
344023
12379
112053808
260022
716620
116212424
8025609
15815693
7550142
34580
65368632
126953
6344
214345
2555520
91530
974256576
382247239680
2357779968
203978457088
4386115584
15590192
145639136
7968525312
53884400
2531030528
98763712
98123
288121888
1476270336
145545674752
1177406336
9289323
467946048
18847130
105406
663019648
868283648
3614273
90300
253137936
2251284
223173040
6832879
9948
50757580
457646208
32883562496
302741696
1969500
148795168
1957257
13511
130819024
71699536
323283
9027
11756358
469798304
18835838
56110
1275161984
56464136
281601
2409351680
-516953504
6271376
377816
14248968
40894992
182660
7003
51080048
181427
267877
14614715392
876349358080
13802031104
642726100992
12713472000
22890510
30951960576
102302056448
20005661966336
278095429632
1108119936
171277877248
4061601024
5996044
179126517760
264994717696
820063424
16526425
13372488704
63199084
5404706816
84381656
259163
478250304
13169636352
490184245248
12635293696
71405776
2304781056
100403552
147836
1809561856
4127985152
13168986
365664
239994080
12678689792
197209632
1750058
226825158656
3743006464
9807356
100205797376
166000246784
333688768
15167341
704782784
1871961216
7569928
118620
532320576
3772678
27505090
98924200
614283264
22312071168
691667904
10167532
329325056
6463777
7605
79567776
294088736
858037
14064
46401384
2838754048
43077764
238843
7371102720
580501568
1122175
7569648640
45659914240
150269168
5000412
58262796
265739920
2276203
29476
178553856
666686
916836
944225536
1686707
45740
16253368
39951400
6950409
23410
2294995200
5242999808
74829408
343186
2683308544
41619204
75625856
23797596
112602
336388
344678
10079301632
274550063104
8091012096
87122845696
8827278336
108056352
21065844736
128962011136
3401174745088
207796436992
1278730368
57350246400
4343549440
6060782
60913741824
245813444608
1154216192
13052044
16175527936
71997296
2580440320
93202656
239731
155978496
4843753984
566167535616
8525745664
36253656
2754240256
41793836
80519
1552543744
1782977408
4248622
118104
128055528
7919149568
180436144
630720
58812092416
2367111168
9116356
31724670976
50245758976
44560448
1096142
205118992
1625598208
-79170
121797
352225504
4603862
13381620
32091216
270022944
7891566080
288013568
1388539
386762432
2697201
27357
26684516
435411648
695489
42042
19516844
2742891520
43402972
78840
19384782848
238143680
545370
7377554944
15705177088
98005904
0
53166948
257382880
187751
15699
30164774
407492
467831
208209584
4377010
60826
323406336
689824128
2382433
32710
1166476032
5954899968
6633900
575706
1517696768
44106068
46452032
20375094
263886
343941
145582
704793280512
13300461568
347150647296
12761877504
12376058
44043362304
949284372480
40628901642240
133955715072
2841444864
200180793344
7866871808
12380696
326026264576
1030816006144
1772638208
6461918
114964864
541697015808
40246374400
349757696
4891771666432
104278540288
552360768
1593683738624
4145826234368
124551217152
1139672192
100306313216
198127255552
547353216
5498566
119630364672
1339622272
463374336
910344192
7774281728
306930417664
22852171776
81773800
2226160896
46811408
222296
1591131648
5998945280
9956062
1852143
481230016
59194441728
1887231872
1230720
502216327168
4449178624
13006545
242362777600
586177708032
7558873088
3991111
1201687168
2551522816
1141776
190102
1247909120
2183156
3745957
11908419584
136449600
6902
5474168832
7737333248
17042
315404
2656318720
237773832192
1483157504
17010248
50132299776
744929856
1670439040
864635392
1447553
140821
7440443
21841540
2610014464
42180588
105960
16434871296
757624000
6923618
10954864640
12989544448
215487040
1797654
147693728
162521216
654704
6991
108636808
1064385
494240
2324034560
43890116
10995
1250683264
2628643840
1612016
31544
3872273408
19091216384
168624320
2560009
9112846336
83503576
328462176
143263344
215532
550137
673776
233940272
658308928
3987085
984
349648768
0
780749
744571776
6001725
2768522
13022802
18740
15654722560
665624379392
3240590336
587276484608
11949718528
44336056
42952929280
191111364608
9286414499840
151104995328
1990458880
86343892992
3455531264
29338154
28774948864
65529143296
1872647808
15050385
19250444288
41092964
4520634368
94973272
188832
663764352
8076736000
576231964672
7907741696
7094317
5010990080
28148368
202983
2755801856
4120523008
19566270
337896
207313728
7521167360
262699616
447587
67294629888
649371904
13991757
103837638656
119734280192
248531296
24473612
110979408
1348531456
1787687
415912
794328064
3334233
10559962
47196736
92875816
27516315648
671348672
1018888
109336848
4902732
19203
95117200
203265680
1170594
19313
18869424
2467739648
30532404
106871
15706074112
165887744
3439799
12945811456
8971196416
58912824
2224873
85228000
256398960
213786
18234
211520624
273984
1355811
115566760
11544050
86796
435662880
1044053696
216328
161892
1476961
4599600128
106550264
461928
2894791424
4858504
81918720
22717368
97353
455312
240344
449194917888
5822611456
303291924480
4126199808
26902222
131962355712
823090544640
5459003572224
623227764736
3078398208
285975412736
13635744768
100970104
507520483328
1070785363968
691014400
29728988
22256390144
56121802752
40933642240
27060532
16022333554688
122080935936
4117182720
3714990211072
9334506389504
130200551424
1338848896
65071718400
248671469568
1689278464
34253240
89752436736
1139747584
2084730624
1143120640
10173388800
349765500928
14768592896
34012532
4704225792
127196712
767092
2867605248
4482657280
13819859
395720
668591680
45712240640
588008384
4364305
431725740032
14095489024
4603925
384511049728
933577752576
3320468992
87996544
2897501696
2876879616
17079164
1000554
1887501312
7737486
3099151
6866063872
132157248
608607
7382580736
19942404096
81565816
4455001
40200855552
143386509312
347462944
19002462
164355112960
266635392
3265455104
1035470592
3531948
5539939
3726902
30375592
2800510208
18974646
311736
12301472768
767801984
1485289
19416258560
20163842048
84481072
3987544
101199176
495121248
1219940
37828
104781888
898319
916836
2660206336
39455868
83040
736060800
1340997248
5169286
148500
11580669952
25556670464
38192276
2755620
10522735616
145218400
296859616
108455888
450802
794856
319371
138211920
413840640
5611486
33439
643675264
1353489
8555435
2142182272
15864424
15801912
38215156
124577
1010264965120
14777146368
285421862912
7191959552
108044896
47654871040
823716872192
20592124231680
472726274048
365102176
365004259328
5115900928
34683744
211369246720
432834904064
503296480
105695520
8969644032
1099024498688
6849321984
108113576
7945616621568
202768744448
595424256
6073616957440
18046651465728
68727808000
163609248
55312080896
83108347904
476710528
29245000
117906563072
697090496
1518676736
295576960
1816297856
282391838720
14870165504
74405856
4829402624
56102076
68219
2139887360
3265695488
4240572
236208
764321792
9958161408
816671936
265429
409645744128
6563431936
19037354
67835117568
572979871744
344416672
12282826
601696576
3400144384
4632510
432339
847761728
5887538
24106908
10894253056
200536496
297923
3474332160
7609802752
56541892
1860270
43140689920
43308335104
429254272
20520488
72316174336
677139328
1177278336
360843328
2430123
5619115
4722329
16386463
2010869504
57935172
297864
27368908800
239634576
683849
10404337664
10921493504
196011824
233305
118184192
163360640
188923
27603
118458264
672696
593071
1730525056
16346738
70500
598078336
1666378624
22616748
570081
3711459328
5809282560
74821776
1319175
-2004020224
101139616
99450144
-5944743
474393
674541
190940
107744768
596855104
3699202
83847
494266368
3355573
3438349
2144769536
20937064
44414440
5060338
230039
66934972416
820221706240
23492330258432
1008833134592
3277137920
354969026560
5303666176
40536060
296311881728
512731447296
1772639360
7771629
65423052800
5015575986176
87730577408
91081392
40472466685952
1183574261760
2129564288
22361963233280
55081420455936
14446721024
10943332352
182597910528
278328016896
1446629376
22035064
226600714240
527639488
1953479296
1375595003904
22744504320
136425808
554591911936
4042619092992
13551010816
46033516
615881375744
10276357275648
4045936384
2474914304
4250301890560
16811738112
63269126144
66487549952
207204848
383365952
266360144
589402304
53567459328
1241952896
1160321
690744524800
3288357376
31021476
309235777536
834565570560
7319761408
25114112
973534912
7047745536
1126399
313420
3073511680
8275777
8191561
53285466112
802988224
1012703
30312019968
58710155264
139784320
1504306
169617129472
1039302066176
3657888256
11024832
487150452736
-82737752
132302928
1120991872
1262313
836585
20567332
4718624768
7103004672
51265284
509308
6597765632
24236888
27257474
70055510016
360278144
386347200
308364544
877426
1140001280
15687373
127364
1053269760
5031737344
29970944
264951
9886917632
17010653184
908011904
394998
6015549952
33292278
81197840
88071552
188271
930111
823083
247858032
262799040
6439156
44608
383711360
2200992
9368986
9994753024
31956692
56145680
102565976
311411
230692720
597958
1694590
1374111
7577777
85070651392
672247316480
22243224584192
753028956160
3476042496
270210924544
5037172736
17472102
205229686784
599573790720
1245809024
5260012
73931792384
2154643324928
46781964288
175353824
20670865997824
246393798656
1548103936
10887419133952
19678470602752
196889067520
4952985088
78589476864
157210247168
618377792
7380831
42892263424
357509600
643063744
623552102400
5985462272
10773092
336496164864
1103062499328
631735168
54666600
1804200968192
6095523807232
21750517760
1868613888
2728745500672
12149111808
64413548544
66883457024
123365112
299849408
100667016
194160336
22838990848
138752976
7464043
49747189760
4697139200
13699477
199937851392
27410475008
1761071232
44997904
379526816
3861177344
4745874
154790
1365602176
2565429
3798394
14080562176
302455104
-46980
6981658624
27234908160
22526220
4665011
107692736512
377060360192
1002819584
15679818
129821827072
400796576
22249212
319441280
11199084
759985
1123444
1461271424
4448223744
13853023
1829764
3412111104
6888734
59488636
14512317440
402859040
34899776
430703200
3552898
1431035264
35988300
30378
117607672
1036681664
5438575
128064
4695853056
18564872192
24102876
1960564
3770785792
9856128
40291112
58402736
85524
645879
412129
233766720
1435495808
953939
46467
522470592
1680017
9507048
3881443328
57676720
25664456
15978393
181718
213954608
-44709
1168295
1506256
13779300
29765816320
3800588615680
85562122240
375838656
27710069932032
425829072896
2306100736
7770842595328
10614303883264
125122789376
1114641152
160393166848
179481346048
1210951424
34861200
218138116096
151268576
1295857536
3217619681280
17848203264
112470944
1017024479232
2339552886784
10563194880
48597344
6080038961152
15658451468288
314945077248
688452800
26581888139264
12523611136
87855390720
91691925504
329330496
603932352
2128588288
701421584384
279374331904
1314085760
97264424
889307725824
1405929472
6131204096
1814635610112
38201987072
65157529600
49255604224
590714624
34133022720
709024256
1632627
6291506688
32434683904
146445216
547583
182404268032
293879873536
-224951520
19713750
84614455296
464697984
1181094784
839067968
3014371
8505200
19700042
5487353344
17224894464
35505784
1895140
11426201600
33004830
113505128
171404886016
7450759
682325632
190697280
3796849
2162944512
9710103
24394470
17072294
16657330
203167776
3432563456
1145672
53688
1002532096
627863
2201308
1522418432
8744149
17250968
4117612
140558
414613728
1311924
150583
1419616
7693081
735747
15131656
657862400
1528249600
46449696768
741008
38104
24849698
21653925888
893012803584
68093840
3002537
19651092480
545550208
7522582
15326244864
12951032832
32365052
4169
13986203
16612682
301042368
62239
107
497541
1209766912
84872773632
18101994
11280
622324352
4812800
3760
339262880
478764384
2182719
208
42624924
1214361984
85022
935
12297616384
37144544
1107479
15604303872
29556389888
108121544
377
85153008
100018856
356160
13537
96388688
2331760
227097
36779
54792864
2174160384
268010
2584
4211654
816937
755
18683920
20628294
208904
10
5723295
215727712
19094
60
2011028992
32723742
596610
1977726976
2149065728
5013702
251
13739491
15547968
107454
1210
26420272
75637
56044
22738460
2691875
10620
52022204
187867952
1044521
35
442086816
797125248
4628518
460928
450441568
8014659
13560239
2071562
39650
42572
27954
1005177856
1516716288
151343988736
12755516
73542
36354692
175685894144
8893593812992
1780902784
17118458
59216134144
2318270976
4710464
18888622080
176465182720
124848408
45480
6192954368
207761670144
28049628
1366660
814424719360
38942093312
148020000
506887372800
-208955588608
50715275264
609169
8027063808
21447323648
9300733
4583226
30273314816
154347776
129112384
2934776
2855580928
125078700032
14553492
1472640
610974656
5699733
129436
504231776
1371050240
8001315
3600
53840216
4102929408
1617158
8791
121134972928
2990758912
773350
39260119040
53890613248
252989168
181229
195160576
130738632
332310
14079
290436480
1210829
2181996
781231552
43561632
109996
693828864
1275887616
18713446
7488
6729773568
6159298560
126849648
8286724
12560962560
31817644
839296064
171197856
250602
441195
2668562
5018447
633762368
31864
1358
3554496768
89926736
106384
2419585536
496486624
13927762
5641
33911264
41057688
108426
6318
31653114
88512
164919
141976320
12078240
20904
236067664
514337408
2159244
864
2577638912
1926956672
11116414
80830
2170450944
7085775
5681840
16164172
23077
182064
285665
94792160
97484928
261531
7818
56998240
281805
316050
754039936
1197289
3437822
8253171
61473
12901147
231572
27336
112
604928000
-303936128
19823980544
10788850
5624
54570204
158068817920
-206215249920
526809760
808080
62821548032
1370612992
7240721
17312538624
96343252992
186234080
3048
2111942784
161760067584
18480122
39216
1493592047616
54485626880
103627552
706281799680
1084737454080
7439452160
80425
6037763072
12015299584
4889291
642389
9785252864
74313984
161198384
410339
1274763520
36212854784
8863406
46136
433408992
31670556
45086
409767424
1055752448
1599557
110
104721008
4028295680
244569
839
33343008768
2248403200
669395
29744369664
473863072
396561504
4368
119477632
481943648
1926301
7181
379897600
1931932
3579661
379162816
41389600
73073
516960416
1192093568
2513100
336
8398977536
7991778304
28955256
1091916
17826529280
20471746
126481416
84588360
515924
823790
990720
5948824
4898978
25118
57
1852313344
117099872
167989
1600122880
3543171328
18346304
1955
13803832
19979052
34338
2036
30932372
14664
80468
234001936
12405033
2451
93703600
290032640
1005240
0
818580992
2521921792
974688
77591
1597223680
1686724
20796090
7231483
51058
9488
74304
32754918
90342264
0
10460
28211238
74512
216863
382029952
4672067
3863995
3340799
23450
212127712
69058019328
12489533161472
2823319552
17309402
42161680384
2403657472
5551543
14630522880
81288462336
875449536
76060
15827417088
766319788032
215838080
874752
7481526845440
203913953280
2034551808
2606740013056
6752737689600
25961383936
1161212
26097328128
43702972416
50243072
5053920
34246744064
603685824
599237824
155572879360
6613642752
3107985
76698427392
177730977792
1581457408
147704
759019864064
1391837446144
22233657344
126351792
14856142848
3672123904
16364040192
3703395840
131128200
33557652
82995384
158381504
-1329261824
246991
15432
88728698880
2492445696
6738187
45721653248
126061486080
11134251
96528
230821648
936012608
1520070
100480
109989024
374166
2718649
1359456000
229584272
95733
452498016
6032033280
11739335
1452
58118565888
83737640960
2961505
1320749
41042649088
72888608
76137088
152265200
2209312
1038114
313104
849496064
100100032
2020314
13229
1153441408
5622050
10743592
17876176896
61597404
15458772
21848248
201931
253562672
3858729
40711
275577344
398129952
1577934
313
1133918464
3435749120
47214608
89776
2076322688
14966380
21015290
27858656
75948
0
53438
186147968
281028160
197954
19695
276412576
617600
879216
1292812032
12967781
1189137
5276673
31772
63675420
0
865115
184311
2412583
37594
602531456
3733908224
71174037504
5398880
31080
45612964
150280617984
2136377393152
-8516112
9811367
107068342272
1707032704
4164721
37431021568
50510897152
234149616
12319
2027652864
212195753984
17023112
80196
1315964977152
38103973888
624709632
557455835136
2065561550848
12676407296
1863259
9332889600
23774128128
137263088
11644673
12963923968
73423128
150660912
755297
3832772096
63835873280
7434532
13768
399217856
17159908
83664
535596800
692994368
7027078
220
151206752
3908528640
423200
1680
96147701760
3732553216
4123392
75459739648
36926480384
113174904
24428
281864032
221989872
3886492
51190
278601184
628626
4941332
592875200
16587882
240162
945835584
1889784320
10983594
2130
3702882560
10592896
70266272
7587840
12274728960
25748482
270123168
46630084
679698
1164839
484612
1251277
195307152
41646
120
1099825408
62171548
1345584
2804042496
4674291200
13997797
2360
22050584
27921696
205408
3890
23101170
46553
47072
288470592
7027483
41612
103110272
205891440
1639791
180
1598601088
1564930304
16330913
948479
2901907968
18054146
31066426
12879119
93462
111288
252258
55579748
12642648
337571
15444
63901760
292560
1339328
273336256
4875105
1744670
3179577
22656
301541184
191905185792
11321486606336
978297664
14303338
101164687360
3572066560
4283822
35548020736
106973462528
417750080
122704
24340695040
29682909184
229222080
1749504
6599062585344
102635683840
1878385664
1959759970304
4242489212928
15858125824
3972712
47365844992
55717093376
142720560
2036289
86046367744
171463168
483059200
158902648832
4719359488
2982161
230032080896
211989626880
889285760
72408
544448315392
603302592512
1827966208
1068551744
1131509972992
5631575040
1593111552
15957741568
114846848
15915263
159087792
142057168
3167325184
673629
35840
88408506368
3184263424
26705326
27769073664
183427710976
339838048
134520
600476544
237181760
2783318
102482
493008128
762941
6563440
1432324224
74664960
69227
1132388864
2655711744
85246016
2376
21296945152
66951888896
298444544
2476462
70476472320
329234336
485404768
210026496
1195451
3989053
2396800
1227773056
1843794432
2544706
527936
1625826944
2570034
30841280
9459684352
5477834
83369320
68140208
413412
21570692
7451512
19248
146954288
537660992
-17898
1272
2730519808
2557926144
77551720
563164
1180504576
22107808
108426032
20306002
127844
252112
47255
259842080
297343648
644208
44816
249561584
1096961
233603
2304764928
8926894
15469200
5642188
82068
91208752
238544
252112
164298
2138779
57554
68227600
112388767744
6382644363264
300470784
1474911
61378711552
3370901760
1923730
24398815232
32212121600
610455808
36540
8625350656
273508696064
76479624
69108
2745090703360
71226138624
796665280
603491860480
9121989394432
7061274112
7619980
49717362688
21360889856
151076912
4828034
66728710144
152016512
339697696
74803642368
1611337984
1406517
-31599415296
98794283008
275411488
132468
839403569152
2142690869248
1385791360
50135520
1299360251904
18970363904
9670862848
18414120960
38480408
72249384
59139256
186734464
2368988672
1117065
1064
75185635328
5353569792
9765376
84430585856
134420570112
122341896
4134
374967168
857279872
1143820
43400
160777728
1187008
3677127
2938825216
194117248
29951
1690042368
1359065216
14856776
2352
40656138240
81619042304
50188408
5127809
50571001856
143210560
466664832
191103760
304396
1616587
1204511
875676800
475279520
3873038
88901
1222565888
8450354
13835132
5707592192
5269574
105074360
95143208
922566
184962784
4210835
12690
71633976
117999000
39206
237
1160834944
869166656
7094997
302537
3420113664
5828389
69758048
19249598
15810
114200
65356
87135072
210874016
421362
17024
73569160
938928
3495986
2276794624
1996983
4355924
8002813
61686
35903696
472116
401544
213966
1617308
24275818496
398063173632
286678464
1533598
6777284329472
106951278592
228960064
3244126371840
5342094163968
26466510848
34240980
85516296192
33746804736
687169408
8649290
40766091264
29143306
433370944
218972389376
12850313216
5884989
199810859008
1335599824896
1504744192
803520
3840137756672
2657355563008
10619073536
2237808896
2589860036608
52837105664
9100788736
47349948416
204211984
256562400
57987760
106412179456
197650841600
564919616
13631852
95240986624
1468827392
1275142016
532915585024
6124884992
4521646080
6268331008
55015988
9101970432
125010000
9131
2775328256
10891215872
15764924
34808
23909416960
57660084224
29944760
33092450
103481417728
38780240
304795776
310977440
1322595
-432828
2571094
310333120
5830694912
12806049
766878
5037649408
1061669
7829709
38580584448
190729696
101359960
128350800
1107360
526202656
6823684
13325478
1605930
152537568
190398064
196499440
2964920
180562
174290592
184841
3309279
2592673024
8213120
6545194
4917667
74475
167543360
397546
1480608
266705
3209855
93080
8581029376
338804211712
55801960
108852
827204698112
91875016704
529822336
1032595963904
6234904723456
14466378752
1183716
3708520960
42481508352
170345024
1535708
27636062208
118830608
766515968
250909835264
4738434048
24576076
146720751616
221253337088
428793504
70649
1281826750464
2295097458688
7793736704
34627800
1259775328256
8392556032
61661270016
12989838336
28408314
70364448
20210052
69960318976
162396504064
619080832
19721416
80852189184
259601840
864822528
218074644480
7298415104
1445128448
4979625984
85114696
597987200
101827696
357981
1249200384
1507996160
3610470
2712
34181691392
41470431232
224383920
5845590
24322764800
26788186
610984256
139207856
640920
907670
353591
931160960
2395754752
2038090
174240
2511881472
13556499
13677427
30014492672
87543784
200477312
146699280
407452
537760448
2717819
4818529
1103370
51233532
100056248
181114848
386650
15484
134343760
34337
1340880
584410048
2864663
5233539
5354739
32492
65350532
300380
1548054
360597
1086208
263238
463855845376
12965387264
17555098
163183476736
430233649152
220622656
131520
610608414720
3635106021376
23713843200
440111232
1194018471936
596346176
9830564864
765534464
147560576
186259104
93581936
121422340096
530498355200
2136432896
122651680
110964555776
87324536
174364832
1536030015488
15147085824
14888185856
6460063232
213192800
50752864256
110833720
106965352
98674272
1302343168
1751095424
-216609760
8108962
201104
2423616256
1320902
5890862
32313726976
49021940
29102390
91683664
587648
2471358464
6130129
30759126
3907243
67735960
1954682
187583968
101226
524896
85344
2366205
46367
7602832384
388663607296
1567534080
127806906368
18368049152
39951528
12746828800
21738162176
2293812953088
162557984768
2465752832
28241846272
3056490240
7609043
5204919808
60480499712
258620608
9727642
7176870400
38771908
5143105536
50581996
165672
838267904
5826169856
293944459264
5684614656
6984555
2116964224
75789856
373581
1066648128
1199718528
26560632
279347
183116656
5576834048
190190928
1147458
85526781952
1155881856
13516583
17604825088
77525336064
1696019712
16038027
441140512
745190016
7008540
70845
559181184
2495930
6747502
10002747
167410928
21762650112
421323136
1224369
83428912
3794290
10733
89092488
150072384
670065
14275
32786600
1457657216
37669660
28974
10234691584
421388672
2116017
2615972864
9297884160
184940384
3931520
80556872
323980288
1361197
9117
55599316
158828
476442
341187232
12002501
76862
208086144
530142496
3423345
75982
1281569408
2348175872
58588160
233285
1978198912
8603867
51532424
22464762
52300
91339
175959
967462813696
16602749952
458024419328
19946895360
43918384
87142047744
252655878144
77006356086784
1192824274944
3423946240
583906623488
4742800384
16372193
524670435328
699000356864
211564864
9601247
14150174720
1102996963328
22464260096
71388728
11149803257856
101035573248
1437696
7570566152192
16531478020096
102191874048
607522816
15296464896
101618212864
153811632
3544790
45688532992
849560000
525220288
512421056
10406876160
483831021568
12837128192
30748230
2889208576
35403112
195657
2481256192
4482665984
129263248
309407
516456832
27126962176
644860672
994439
445319086080
19160938496
19067388
197855117312
713571696640
1364135424
10124113
797878080
873803008
17203994
179805
1634348032
9170220
47472268
1302950656
114300440
3125880
2660612608
19385106432
49179932
657639
22101145600
48194265088
1605764352
17653178
-5260921344
417068928
696313088
415980704
10329039
7521848
4662567
34555012
800248000
63774188
125890
20931471360
88758608
1010285
4714203136
33061353472
30217914
0
80395912
255463728
773443
42727
70668464
1053501
972484
1873559680
23808498
21780
280673504
3494116864
12268920
104778
725242560
12763278336
220791696
482423
-171728768
27990152
70966040
67865856
240232
407084
959605
271129408
1121953408
4358254
21757
255058896
3516195
4456462
326955712
90843600
8017549
35307272
165969
623520251904
9133460480
276483178496
6169932288
256759760
103664852992
449562148864
59945806462976
370179571712
637358592
71208697856
3784513024
32399642
119371055104
725188411392
41855072
5485778
29405177856
1100143919104
24236670976
1188711296
13991897202688
158148673536
285470592
3091359858688
4320758857728
15102724096
119686624
34617659392
125247127552
57196484
2730278
57616781312
474563328
582402112
360492896
5470557696
263683932160
5469340160
40112804
1121327744
22807220
190164
766053696
1390078464
13368539
162159
272401504
7978153472
480310848
1016567
476594864128
4138486784
2150612
282389250048
166520487936
275121344
5668998
960211456
2415764736
6802925
79694
1106022400
9633352
21441488
5596627968
120811296
984120
3686450944
9414112256
45019844
653932
61688299520
50302484480
190895744
7991449
54490185728
471554208
2378024960
492684928
3157149
3667994
8384500
22579620
2000452096
35845700
285870
6296630784
130349360
4307367
6524805632
22850883584
-4
1287339
97695992
87110928
624936
14854
61340088
275142
1672714
915980096
34175792
297840
1082165888
1930402816
3769460
134976
6084172800
9574260736
20652710
964776
3578867968
65884612
59753036
69309648
226554
410523
599632
50980436
13591474
371485
67188
171134208
2064289
4888391
2449696000
18569964
10706586
48162912
169532
128993746944
760004345856
34502814466048
1031318142976
3376942080
316580003840
11219628032
86280744
198117179392
683927928832
754893056
5988653
108886843392
1177363546112
44225753088
158273376
21999250309120
876025741312
1485071872
25901511213056
54701861109760
194990211072
794817600
114715230208
326293815296
3430918144
5498566
262713327616
507633952
1853497600
1013610184704
37663526912
77421424
569717030912
1485310001152
31907500032
137849664
1126320308224
11431797850112
43879006208
1451770752
2136860262400
25029083136
22241978368
48503562240
452233248
236311680
315100672
458770432
38544572416
1185493504
1757615
732815491072
11557577728
39928200
325548736512
1122711764992
1774554240
129322320
1142089216
4634830848
13195517
379295
923817728
8553816
150232784
18854903808
591592448
241065
19217422336
37605351424
4385243
2638249
187720122368
581548769280
123903848
14272520
177093427200
240147216
394485152
914688000
5451699
14129965
13551449
4454051840
8737685504
33346966
1406129
4875550720
39296804
20869320
62511218688
341844000
463197312
784381312
2810088
1584740992
27613364
35376
1452618496
2005722240
8900137
112214
9909047296
14000390144
304500640
2461060
9403797504
121879880
84775656
126985856
541913
887841
349257
774860224
1094864640
3097596
313433
771374912
1394429
14227280
10575980544
37982676
68263136
93265832
76091
219928016
2594101
1016486
664955
19705122
1545980346368
6928157696
219869216768
7709017088
26277126
89157869568
736869810176
45565031219200
623034630144
2153126912
455470710784
6917274112
137516192
179085803520
333708525568
516632576
26926420
17655750656
1623827415040
34245443584
456830656
6834956009472
144398712832
8048687104
2430952013824
8566496821248
93494550528
8789919744
85276491776
249994428416
571545984
11224326
109540786176
226783168
930153984
419771968
16281690112
550122684416
21634244608
22941722
3612964096
7476462
290366
2599469312
1521819264
26433458
1310663
547331136
26794336256
558509312
490618
262741360640
7665197056
171569232
76683730944
505347506176
1178176640
22561968
987474304
2221119488
17911832
170339
2316777472
6881615
7876799
7926466560
135712512
2361943
3931686144
285232128
49090744
957529
38209986560
122307657728
744068160
9456472
48991449088
303867104
1580919936
455540864
155584
5547095
5851796
31107510
2757299712
60930600
50914
1798066176
836635840
1226048
8513500160
16014523392
102038552
1186892
114310952
162117248
1279416
18234
175482080
491544
1181520
1372881408
37836460
214722
863299584
2857537536
4279057
671520
9404815360
8086428672
58646192
1172339
14695136256
52132444
174523776
73192656
100764
645510
436545
117331440
596605120
3838249
65835
131859912
1474632
2889077
1609682944
4183527
2465380
64514224
120779
165650595840
806880608256
66262017245184
1281932394496
935142016
566792159232
6153392640
45110548
709772902400
499241287680
532516384
14825904
48995663872
3439646998528
128110354432
142777552
33558529835008
498927992832
6906555904
19198986158080
9227061952512
106403389440
2771125504
64466317312
344511152128
722802048
21457336
390656458752
2421694720
2441973504
1767867023360
61696483328
238585728
434539921408
1631798558720
-500716928
179848208
4203100766208
7362759884800
134812000256
1914984960
8246877749248
136594358272
58072391680
86330056704
209959264
467567488
190193600
649287040
57283043328
1188532736
1305600
578022408192
19566061568
81852296
667940945920
780299862016
1239078016
17717534
2026332928
4767049728
53677360
661407
3568864000
4987738
15908026
43073794048
678019328
826252
19400069120
26435489792
79304128
7425001
228079009792
253425238016
819799744
106111544
471890067456
876877952
55010176
2616807424
5699428
10661704
14420403
4802547200
11185990656
34158336
2908303
4804277248
19931572
82515352
98253283328
361042240
1397595392
48612448
5001842
1436929280
34338344
79604
1058478528
2382532352
4706945
227002
8495090688
31571277824
111762312
1242468
11930615808
78266632
199676384
223040768
289271
1582069
331062
555531264
882331136
5801906
29693
1721223552
1436034
2750510
5679002624
24219918
53432088
1674261
431756
176659632
1474791
430904
1913547
52102508
151447109632
770679635968
58414587707392
381030432768
637358976
440244994048
3020870912
19401600
260083220480
639740936192
1553017344
47777588
21511194624
2648157716480
133972271104
540385024
38341735088128
277964783616
1178713344
14064615948288
30860751405056
86876004352
2253810944
130914934784
649999351808
809493248
27149994
121130549248
445828544
210328144
476282978304
24075962368
-1080572
522467475456
1118444847104
2513242112
858372
3232350339072
3455441174528
74941186048
1013166720
7187220398080
35665920000
113088446464
62710972416
103389328
72929560
280221664
347306016
22655090688
608498816
1465996
303892234240
2474385664
6783426
166120554496
431564980224
275121472
11337991
2243372544
1687278208
4834517
79694
2703432704
8896803
21441482
19047137280
360913920
513299
10659468288
46595514368
25011046
5420549
180778074112
344035196928
726833920
44295344
209546297344
99397360
3593889280
776531328
2946215
15098504
18889318
1587120128
9350161408
9304517
444000
3288066304
80971576
7983012
39522058240
98946648
858856192
226671808
2092962
1034567296
26360148
295380
926965760
2597193984
7538921
762893
8506697728
20133285888
105968112
2202792
5051286528
32584566
19873610
81575288
113346
674540
561184
513037728
2007210496
313415
73296
258459040
25197672
4410732
2086595840
56738256
109362072
11116106
177438
176637696
363500
423599
617650
11874924
94761091072
4946232606720
28980887552
455407008
12404675051520
863244517376
2889356800
13321711386624
59704038391808
194990309376
3899347200
126219919360
894502830080
2247398400
85709984
99644293120
558375232
3890513920
4924716351488
90887733248
243216352
770158886912
6367441584128
17726390272
236313776
17757873635328
47284989460480
216377655296
1554967040
11800903942144
19862235136
94503387136
236145836032
559999872
1681967360
1299298304
652339052544
497152884736
4933369344
116714448
539530035200
3250184448
10799459328
3902301798400
38920179712
7812462592
37728493568
144085328
18466250752
905481088
952160
4064586752
46024884224
36027192
2716650
226647080960
650564141056
454814848
69019472
173461143552
1661080960
1777032704
2739113472
1427518
13630360
8189637
20723589120
21547280384
338742560
424032
5633237504
18138764
65442004
209542873088
138854512
289590816
2725439232
4529465
2486440704
22721638
19124226
43276920
133505120
1167961728
3149031168
4867802
313433
1672128000
1086317
14227282
6706349056
20484830
152067024
35637892
979936
614944064
1747818
1320102
5352928
23518472
244984
34156871680
2695895973888
40086892544
306107648
17641867575296
424760999936
4305376768
4676989747200
39837134487552
140499730432
8213583872
35426127872
354242985984
4620392448
5294627
159348899840
648303744
868996096
2089268936704
66776100864
230748288
774472204288
1267806633984
12794450944
73502416
7731576045568
8599341367296
39251787776
2341923840
5587362381824
67085422592
82176319488
93591060480
24355732
418703808
242434240
284125298688
784915562496
48683952
154076272
762112180224
1425684736
1259390336
2288470982656
12599781376
58849144832
13185355776
175982624
6463362560
417245632
1145774
10014072832
32386207744
4044341
326936
169061564416
293258395648
499460384
6351341
127930286080
398116448
857747328
274084032
2458613
7018143
7450108
9184677888
14011428864
25524750
3531917
7174450176
38792256
98883984
75536236544
130053944
1276361344
862232320
4091061
2672297472
35821256
28053800
5372992
197493568
660551936
489811520
1063725
59411
795898112
2023262
-125424
3171834368
20287846
69317784
20311062
114534
235590400
915375
1347510
591959
27481816
296228
2576459235328
68201926656
31565010
1228549128192
2543473655808
18344343552
7294653
13830705905664
17711975366656
159950045184
8985831424
7007014748160
64115269632
227144728576
79775072256
663010304
-22186760
1389702272
757514371072
2074212302848
17728174080
32421492
2021907628032
847326208
2043735552
6271225823232
29042184192
17124093952
26077282304
740884032
462862712832
1070111808
2064651904
706722752
28970295296
5833128448
7842973696
39414424
479370
16946487296
19012332
13083406
102998564864
235964416
1939502976
125677944
2327509
9202988032
44282308
14232044
21636408
144268032
14951574
362751232
1717020
238214
1933238
11958552
4040341
597739584
1690432512
72726839296
5990518
49536
64416204
303292678144
5428265091072
268675680
3536152
27404566528
2539315200
4586979
36833357824
61632315392
63605584
30840
3413981952
130396815360
6104869
51360
1054793400320
61447065600
143828528
1316139040768
1057149878272
8323738112
732671
8400838656
16789859328
75924816
4090673
14259334144
9276666
21261068
973250
1291057792
95307489280
11525021
12528
265931328
14583196
38556
407354496
452728576
7672472
510
127311552
4913250304
275396
1559
27706249216
1361036416
1137096
51508187136
21073244160
869041088
6477
139196576
269331776
1319879
30160
93521504
770640
3494920
928038528
53686064
341016
486602336
2041252096
3721018
1042
5035683840
15487139840
74884120
2098625
6635786240
81731528
90341632
70237032
283957
333502
422531
4833937
188778608
10266
0
2282711040
61650428
265355
1512504960
1811567616
18215712
3510
3481667
9865470
195954
1160
16207777
107290
134420
144240128
6449895
6084
46853348
268557600
349439
164
1137115904
1652939520
9083884
143629
1165640448
6976946
36676628
16373374
73510
21284
13175
51306984
83927056
439564
2735
61715352
48320
292921
183559792
408355
1937822
939313
13180
299039872
98320531456
9347435331584
1779360640
48629
85592612864
697444864
6441652
52878807040
61763346432
357236160
12840
9616697344
608278282240
457589088
1973415
5387075452928
149517713408
142918528
7255294476288
3971976790016
5992724480
5059330
21698523136
47383482368
284755744
-448533
71961501696
74052824
196228000
55135784960
4599827456
10143794
76897067008
153425051648
4128823552
138995
1004154257408
1032657108992
11819324416
618598144
1063587676160
1001405824
47233617920
9899823104
44174304
24446952
418473408
172512000
6612449792
1061898
15392
105178857472
3901200896
678833
16761183232
46353993728
449608000
145440
195813776
682883584
1321921
91698
325884352
763749
2698962
423406016
144144560
124096
2631855872
3718791680
-4730
1207
19898482688
78606467072
180261424
3414670
13163868160
40915928
309904896
270429056
71619
2406653
3377403
898475072
693166976
20263680
238680
720232448
2254748
8947745
4912967168
33370184
223330336
27310604
892920
179454848
6089667
34144
202416000
610799040
159278
304
29651044
1595547264
3313763
400536
2514702848
13087372
31762200
54554312
210814
248964
0
87228496
113905392
979082
7956
232798736
231890
601798
1661191936
4489680
17654996
0
63780
44286540
257199
363623
54913
2188546
108272
-5199411
64464568320
4490973413376
887688384
745920
6564121088
1295715584
2457468
36904493056
39459094528
11948704
26060
17312292864
297361473536
7964780
64885
2280991227904
58295713792
890609088
1224009187328
3615245729792
845179264
248489
36764430336
30570979328
55298240
22320
35450843136
144557536
774489984
123716247552
3575874560
14481443
94984699904
252243689472
817194624
31582
298656464896
462354808832
9170233344
75247600
1056466862080
13097713664
9293879296
13286988800
56237908
58454116
46072960
107975816
2593833728
622588
654
17514422272
1284642688
6889397
80177758208
66188689408
32659480
23976
94118176
274879360
1214699
13608
264662432
942076
5006486
1555909632
9038300
148590
-375379520
4517324288
4161365
2664
31040182272
22017554432
21346300
407472
19475263488
69950216
529872960
103648376
24665
966876
714630
529841952
733216640
0
4647
1088236672
2962131
8615820
7125730304
8685791
42844920
42916396
124151
300433824
3074525
19842
123561744
213972016
748880
24
704020096
1282364928
24475832
49814
1221660800
5744404
7798773
19929292
81583
115240
58700
73220840
379307392
163487
10691
73484896
238755
523304
660308288
2895263
5995489
1280976
17735
18511918
13404
477036
510450
188200
26610272256
855458643968
129840944
4814665
2942721589248
33390921728
1123639296
2057645719552
14627117203456
24296345600
5806681
18504161280
44929298432
227072944
18697732
34685603840
214473680
53046492
426269868032
7545512960
55515384
462365556736
366533607424
2184754176
527880
626982518784
6819314401280
13715410944
228707360
4983839784960
5455863296
8104534016
53419261952
100925992
362253440
142543088
48688783360
224518848512
95522800
37424832
67807969280
713048576
701997056
669590945792
8174574080
4347041792
854414912
48081780
892395904
225343008
194700
3678523392
3773661696
80647280
2352
33867497472
80962306048
168094832
5024305
109445939200
181817072
488687264
149943776
1521040
2652938
4245531
2649552128
5578002944
8799192
169937
1999745792
5089793
23912610
20055150592
156699632
74873152
84464512
2846258
241127568
639720
2703822
2618021
119243200
180211168
138953680
259511
68376
53626020
1492853
395112
1887248896
3135608
10744350
3797589
172542
79389368
136704
389828
271399
6441180
152196
132128456
75074682880
4679912652800
1785268608
1868415
26351575040
1510717440
4045888
42395332608
142203568128
100365144
4492
20072122368
185584959488
54163884
72660
4348233646080
278074130432
514950304
1115910569984
1994515021824
8156199424
1541699
24912924672
42585305088
343310816
27223742
49917845504
179387280
288359872
40872181760
5624212480
49942296
114703237120
214486777856
2642610688
62420
685757104128
1864281751552
1214429440
521077216
688098705408
4809088000
10602187776
5342520320
51298516
87534232
157093120
53364448
2641041152
690447
1512
85144264704
3036903424
23685984
17301387264
64119312384
720858304
23976
377637504
463100384
562751
51282
404095968
1137078
1802085
983947264
54110640
158592
2464009984
5511765504
18305996
2856
74525032448
63199354880
117052432
2779860
35374870528
71745000
428288672
119938432
1503920
728240
3042509
432468800
447982304
459501
92568
1058788416
3828433
5736754
2050664960
99136272
83766200
49505720
430601
123965648
4833969
16324
255605472
314686848
622380
65
2533182208
1104529152
6854144
902074
3556665344
1680767
7787064
10284462
43236
109235
254255
100792928
240250528
351720
30648
286230272
607662
64704
1911923072
5011088
9119469
7361622
21528
39237448
470572
174752
494890
2010553
20224753664
638737842176
328852288
5074363
4150819553280
199971373056
1176547456
2878549262336
4415504777216
25452886016
9388550
25202972672
50773614592
154067040
-627120
37280047104
145653488
244468320
302822359040
17734320128
52705320
471941054464
784574971904
937403648
1087207
3252362674176
5745777049600
22990217216
322341280
5695721701376
8175882752
111712198656
28878016512
159491008
293789632
142233472
107090632704
124177932288
1377723904
12530858
86304464896
89891744
2754908160
830854201344
29471606784
17109176320
5046627840
42558080
2775851008
47664744
269472
1834657920
1556183040
55173876
4704
27427663872
67443277824
154316992
8075511
26326999040
543514816
794318016
213569072
2776384
2137308
6912675
2054729728
2644474880
8372762
104111
1696414208
16228366
7788662
68974108672
120000072
348658112
139534720
5345393
462339936
3099051
14976408
4793604
66254432
109422056
252775440
1776040
44022
209952448
2013824
1652140
3520890112
12678633
12101379
7618385
68186
221731008
1286208
1128467
1345938
17911664
42790
15287680000
389767757824
159337136
133552
4401555046400
97430020096
253430544
1476821909504
5435367096320
6038741504
2841801
38014464000
67633266688
107358480
314288
56204267520
117229144
1724685824
388152786944
16838433792
25219594
73443049472
351632031744
572762368
144759
2798747385856
3466071113728
17029629952
62511632
4627119996928
7545618432
10231820288
40037744640
120090080
31256446
183829584
56050044928
140146196480
210314784
9597039
105390161920
495308544
3494034944
600788041728
6493873664
10918400000
2456532736
45491656
3497741312
181414208
280992
-127175488
5236211712
24753014
1119
38338519040
74912317440
65002208
2083201
71323836416
155382368
523184480
117909128
111724
3971914
1391521
4509236224
1879986176
-10080
125503
2714490880
5714085
11438052
25676439552
53321520
227019824
207575584
4245490
197124912
3008735
15116185
3059615
57183524
185503360
273061216
438252
34848
215011152
221759
1165328
1354539264
2770447
15102571
390492
14050
42638184
291167
2612611
883179
2651571
553236
744323678208
10276226048
10490397
809997041664
576135430144
7008609792
219645
2787498000384
9027300884480
8107232768
677999936
2732954484736
-700494912
7360498176
43100839936
40798476
403400096
746538368
230521257984
497340940288
4177060096
33676644
404833599488
607089792
5413526528
3058683609088
4543597056
12314993664
7037614592
42419992
56856850432
187374400
513124928
762456896
509040608
1856894848
5959385088
41512912
0
5044615680
5867683
36727568
41125707776
213368128
44211528
218875856
317160
1977499776
4801900
9251015
4035720
27143498
1085076
216008176
683480
131784
1538244
8240331
211266
307009290240
9716413440
7862399
109683564544
169281355776
423674272
117180
1623257776128
3730813747200
36444880896
288911392
2839843700736
5381268480
14556158976
10466399232
343658816
200962544
38630412
114823626752
237380206592
275630208
22825460
324989353984
764725760
258222480
1091882188800
11194634240
8151231488
6954670592
49389796
58961694720
196925168
97526888
565416128
3343069952
1694846336
4028908032
618408
81312
2963210240
9959498
521478
10855563264
104689816
300324416
16306139
2151593
1120977664
696563
6096093
3866941
36908436
632532
133033984
902604
180546
275250
-2248
870096
146114822144
343052910592
618771136
34118400
229835276288
1242338560
2284989184
2395505688576
29489833984
23910907904
23284832256
52632104
152239357952
733794624
3974917888
2238524160
7464583680
82037000
2134889088
168630
2700219
32320564
98884032
3718655
228330
1027562799104
1909780608
573778690048
8728953856
55402784
60054196224
167933411328
68042100834304
1150564827136
628611904
408622858240
5633158144
15218083
203061493760
186925645824
1161230848
13816315
9016079360
888674320384
21489199104
377130336
8758597517312
134831554560
2984091648
3412402896896
4320987185152
97139040256
587203136
49770618880
16714362880
288458784
13704530
57017782272
85932584
214933376
698999744
1942006656
495069331456
8205178880
11541828
3181272320
48220792
76575
775234048
3090939392
1522896
325080
332039328
21717434368
779669056
2637966
332187828224
6779011072
34743028
29209577472
458450927616
2470139904
28158010
235684832
3529039616
15858503
181197
346101408
2990599
6576400
4357925888
206352864
143219
1740254976
16544780288
20802222
723983
20871393280
56632078336
1131144064
15361967
76176048128
103226776
828280640
36673760
1754233
1232687
2391468
20312166
936819200
28285588
257914
21519337472
235698736
1196500
5821837312
3377529856
121509344
185264
79187832
222624480
2528560
10032
87136528
267734
2434148
1577532800
27275298
30912
376318272
1428592768
1945622
108399
2903928576
6473003008
134233744
318449
1162677504
39707036
57076888
33975876
256596
0
101341
120396536
535948768
1361197
17745
353741888
1429453
991549
-45760780
11605251
1343037
6807339
94907
133335941120
152165056512
18983889666048
698550255616
5087103488
-10672466944
7967178752
23632810
358325747712
713525821440
5171024384
38814800
31991439360
2873434308608
89122455552
94088904
45827397517312
357496061952
6085173760
13419678793728
28881023139840
242605621248
341733088
39164657664
181525626880
662509184
6481235
258470871040
739894336
2974833408
1070701477888
19019055104
62716620
617727524864
631863640064
3005902848
66201020
1864970272768
7131061288960
68981448704
306510496
3608778375168
38597300224
269367984128
26001895424
256177712
109473264
456230336
495859072
31145291776
65355980
1938961
467491848192
14264836096
32954988
150326706176
134753779712
9910766592
113160280
868756288
2108700160
20121164
813078
1655412608
4990175
15559747
14088515584
550651200
0
9131710464
12907063296
117182672
559242
105646292992
332351406080
4300998656
12759064
343882956800
157919328
5843579904
1174499072
3112755
3385965
5000690
3851588096
9121021952
19942988
558213
1968480512
3127798
148490272
16865661952
1775232256
1012742080
181168864
6982811
1055646720
30277700
122784
259094880
1151517056
1651933
42192
7707360256
15486185472
12630686
4485331
6606138368
50010536
72276192
158415632
490416
920542
396879
275007328
1971756800
14868856
54048
504317632
6197306
12973143
5225316352
20021416
37858824
24573396
748158
146108256
2071105
6682114
975234
51872308
50770206720
916941963264
31830162014208
386607611904
1629260416
252797927424
7919257088
11875428
37763915776
533163311104
484118080
62873944
78524973056
1764958666752
53235884032
1762190
24193531904000
497001201664
2062767488
4556115148800
7890193088512
19429634048
4733512704
152055300096
226698100736
146448192
16752477
161503150080
511255424
559805312
1002159538176
18537037824
10853010
314987511808
711755038720
707680320
77569056
819556057088
4837195382784
7590568960
209715328
1836716654592
7368174592
60232884224
26058921984
110173528
302406080
157986752
170344000
34217185280
598382272
4151999
330358325248
6423951872
24975186
247138041856
174290108416
2018108928
19462008
578520448
2706750208
287364
203969
1454789888
5179035
21748800
22111498240
394712672
513299
12363129856
25529724928
94236480
4129281
82895749120
318137139200
164462080
0
43808583680
642465728
1522345856
-111936672
5170583
11003985
23434532
1390771456
7296135168
11338206
663120
1990214016
7634148
9503914
53071048704
453572736
396143424
1198882176
7999269
1728344320
20008848
114715
803406656
1065884544
5030164
68766
6985473024
6323590656
18346050
1714763
187556848
19666150
225352752
120092056
580239
1886241
270206
652501376
1741547136
1053149
66591
818056576
1481302
3215653
1637555840
38939576
10706576
87380320
363603
219510368
694952
793079
5064576
44723192
46918709248
2426679590912
158022418432
176187904
29131758632960
777970057216
106228608
16699227111424
3058715066368
151887790080
2822461696
143173173248
694900490240
546347136
35401040
400922902528
523734112
2531780096
2031185559552
31609769984
45390844
786136760320
2888119615488
22184077312
234532992
9677819609088
23741480304640
289647001600
3776534272
15361062731776
194274017280
238059274240
191720177664
307247744
649215680
757598016
269772341248
936147615744
12698060800
69624576
540394586112
6279926784
315448736
3780000088064
54250872832
3746556416
48637775872
370800512
23587536896
1160459776
0
1477726720
9178435584
30900794
238981
67193671680
799842172928
787920192
24805466
209095294976
948033472
1220297216
1281637632
8017207
10527738
19928614
4348917760
22116198400
37561748
318240
10478866432
8216416
65441988
93948272640
539718016
1314086784
1341593984
17356080
3639235328
36919444
47099896
24714600
73086344
-9772576
2863188480
6062743
267210
1144809856
1938920
6266032
5693892608
39954704
19461332
78917304
76091
285209696
401801
1632953
648120
46136460
2648420
26816843776
884007501824
45323409948672
397878165504
1086632320
235431706624
9090677760
57185772
208230367232
273758732288
766688320
58050684
40705089536
3632453648384
71925309440
9751115
21192838742016
457603416064
165926784
11925146566656
27686776864768
140240306176
2432252160
140966215680
494520238080
1098545920
30115216
244237221888
1214292480
2543824384
710805749760
23734202368
12192380
330908270592
1256044756992
10313765888
92988624
688744103936
7690567286784
49342259200
485486720
8041310715904
24332255232
20184315904
38963761152
156677392
181855808
394660480
181188864
39438385152
1060120384
363199
83147571200
9805897728
20616046
267113824256
487242203136
2020082176
102121648
631651584
2225705472
20341962
142956
2109334784
8562221
14942593
17704820736
466445888
2939640
19156094976
24969918464
49074144
4998718
218008780800
293339725824
1293448960
16863654
314809188352
480521568
1969199488
2210637056
2418337
11094196
12353842
2320804352
8422625280
18479532
615679
4941458944
4915437
304584928
75491942400
20883120
22188456
652057856
2988139
573167360
14047706
24591
756015488
2051724288
22148
76404
3548210432
-4769731584
45611660
814439
5607533056
9914735
295380000
43809844
417672
597549
584287
563823616
166775168
545579
110472
1384022272
801783
5104506
4533094400
25191022
4688427
91996080
319249
195386720
1008554
4778288
1044649
16484648
106213785600
296630157312
140089999360
990800640
20177185931264
1097516646400
3491276800
18199196205056
60308689256448
167456243712
5221913600
209282220032
424155381760
5156918784
22588942
268271763456
1470287360
5266164736
2319402663936
56117284864
328589952
3002577190912
5316098916352
1903348736
128649296
10040165531648
45358008762368
158931419136
2490899456
2337769521152
110222802944
158694080512
224724107264
1321077632
3990654720
2316854784
829613277184
1548797083648
4178857728
112598784
1234840190976
588189504
618966080
5522227462144
30712096768
240835117056
96472440832
290387360
11411158016
178513568
435083
14607346688
35338661888
161435328
3244080
166900531200
269913784320
2552553216
23978592
263819427840
763668288
1908964608
1063951616
7921632
10573505
6073041
9304602624
38648582144
76719928
118620
21576474624
7392146
32945192
333914079232
564243392
179201744
1730448384
5001841
4022329856
2486878
52405792
42567524
54849760
225000416
1325095040
5105109
0
2663695360
1301148
4088952
5959062528
20538306
33960016
68147504
431756
556077824
3060155
10341712
3460895
50858628
2055360
30725283840
3171967827968
33103851520
55100832
24538077200384
368315858944
3546664448
20796697214976
20155648180224
1386535808
798954496
88544722944
370935300096
391933504
18968480
227055370240
1346269440
438794784
521038626816
56479035392
6284270
2433592590336
4354740584448
807319
279231840
7994851459072
17470725292032
40920653824
1125792640
16324143087616
330367795200
31767226368
112110796800
187639664
1087496448
623105792
569964953600
990388813824
1253617152
132779344
262635372544
3695416576
4339520512
5054311956480
4129302528
44258385920
15809794048
113826288
14166564864
512651104
562500
13601067008
64703959040
188472848
6987072
186366705664
320971014144
559276224
5769001
547673767936
1067616448
1522346112
300142624
1398242
19505964
6931363
11002906624
16854577152
1984963
923040
12098539520
47672384
85765944
-838658048
353545856
355561632
1065706816
3177026
1645528576
8920274
43690352
43590712
246302624
189265888
618772288
1555214
114206
459571232
7628890
2714873
1717893888
59890384
117431824
55450544
118064
526098496
179579
11614236
14530242
22978210
1647402
1183672172544
80556556288
90781664
1373621846016
2165598715904
22207406080
230580384
20308547338240
36999520059392
246108061696
1872884224
25515693965312
46583308288
25956012032
118006333440
426525504
1176197376
302727776
1381407260672
6160677076992
12695658496
250633312
2141825269760
3023611392
0
21310463803392
76963856384
123438833664
42092445696
981540288
468915552256
1059261568
8233383936
579322624
2761900032
11142313984
48236257280
75123424
1112000
18736916480
23472964
109304720
175151857664
190370848
1635643904
54413732
5879620
11710336000
16586873
38463064
52662940
543536448
19581212
937735616
552870
2390237
473048
8566063
244835
2318044758016
23451475968
14170555
612577574912
874123689984
3740617216
47272044
9708614189056
21269783248896
552507015168
209736864
12477368631296
21282459648
19062568960
57990406144
75736136
711200576
50433172
704756121600
1160313569280
2716775424
135442128
512021069824
3784902144
9473310720
7197251600384
11618609152
9794480128
13096283136
246288112
113628348416
2415032832
1536777472
2496218368
15393948672
2241086720
7201480704
34214724
773954
6439370752
11048831
39986668
67647205376
215160576
793049664
1065528256
3982479
7568204288
12379454
73085904
9250499
462290400
32565668
228716656
788030
3365749
894320
11835298
137393
681712680960
1613813121024
9129637888
49831540
1360455008256
735471808
12359130112
5582933196800
56773525504
-648375168
45711233024
367431872
1406142251008
2716164096
4209136128
5945695744
11835717632
1068149120
1150695680
72394992
18419406
153912528
581877888
104738104
1343801
30608882
63091884032
3176933621760
303587008
3897433
41314938880
1168520192
1809622
42262724608
91024752640
493116352
23404
8546222080
655009841152
38879436
65460
4622104133632
144696213504
698427264
1141037203456
7701209808896
72333041664
1133388
41853079552
45264474112
51817784
1349213
64684642304
146717664
97045568
60481396736
838434944
4214977
26021480448
232578940928
1408216576
21240
656303587328
1015774773248
18807873536
124159088
937794011136
-1198
8285824512
6251106304
15495606
49034284
127749504
145898928
2901983744
707426
269
27565805568
2024756096
6570727
37736599552
11330390016
1044520064
40000
244125488
476071936
2920883
39528
166959760
1429631
6431239
2119123712
36480696
113672
2640009472
3548075520
30689882
999
13165172736
83626639360
206279872
1469569
12696430592
192660192
136684752
223497408
93205
151334
702431
540523712
1127478528
5774159
743288
1084065408
4061281
13757044
6538335744
65449932
31015718
30047282
618114
119508504
3076771
11075
132086928
292785664
698879
89
682895104
2478420480
30941998
160504
723783744
2754701
48241708
32253772
53229
25653
67822
96354480
160837392
123768
14265
120203952
506496
412692
776039360
8925015
3312266
4787067
34836
63034056
162450
850876
112585
3054471
14229370880
633968787456
190535120
1850309
4322118598656
116041244672
-177
4197082464256
11566548254720
26492397568
20665260
22104631296
64835903488
102440832
8066816
29926934528
267140496
134301120
724956348416
15503608832
17304782
368676798464
987569848320
379467008
260891
1020183314432
2967476633600
22091165696
21833292
2472546926592
6103117824
24241362944
22837760000
38451572
373508512
202139440
41374806016
226824290304
677850944
19990084
69879242752
887844224
316770400
1036463702016
19293315072
11004465152
5626221568
28715662
53670228
123118208
230975
2419945216
4902489088
33318334
3132
26582665216
64471478272
133742616
7182003
48352612352
470483968
208752368
193223296
899438
6787378
2071475
1482988928
2148333312
14455934
91000
2754671616
5535038
9700863
29841915904
134838192
238258592
810576576
1306216
795246272
2952479
1892339
12428839
223230096
35942072
122888712
489599
14364
162834224
940967
83631
2774712576
1181265
16431630
6
121632
123529448
269676
230169
1621152
15945005
446460
10646514688
335862366208
42587448
0
4504343805952
29354962944
377739424
1133166460928
4535850369024
4384485888
607158
32587407360
60895109120
868021
816841
6311872512
32899728
168758752
251464810496
12136282112
10780778
112150872064
172825329664
125134312
99300
2525635018752
3394456780800
7337167872
227222256
1652826046464
2286416128
13769493504
24726536192
136940976
36464832
28309368
30495318016
22669869056
123739872
11648179
92522528768
-6
681291008
604960194560
3076411904
1072045888
7468248064
12334674
3164536064
14303840
111279
2896113152
1354766720
8322735
719
38985015296
57652264960
232520400
1065605
41357918208
182907152
107963000
370222112
72761
2682317
290510
1895616640
405671072
2861037
337916
1680736768
2193475
18315640
12616947712
27505018
44244488
40939220
916632
349277472
103350
6716920
1287540
9
100422552
187061936
291528
14671
78172208
365814
108020
764536704
1018704
7443400
6858752
42411
65853780
431
193319
275894
0
14137
801929035776
12983680000
28083516
223275417600
313471926272
70068320
37202
3317852012544
2482929139712
9609244672
1154875776
3263097733120
4413941760
16893505536
51981463552
625963
126578552
29075680
211669942272
327190839296
496918240
4964999
220185509888
678764608
544086464
1286381895680
10511001600
165137104
23694196736
84621128
83177930752
72724608
1804167424
458498016
6497762816
2244096512
642118080
3441960
127623
1050944768
2032559
7902237
23912943616
91748272
105648032
32150426
1307580
1190225792
253872
10681435
714240
25121004
6550500
103789992
41328
228280
21813
3492721
30810
7681965568
549941805056
95016176
381399
4496802971648
136792899584
56192000
1931099766784
8725438398464
7088480256
8634785
47182389248
63599796224
80868008
5549296
24232597504
111322832
206553168
215153737728
6470637568
96763368
167712915456
615938523136
3844247040
198600
2793797582848
6268655763456
12710521856
598345088
3878776733696
13366977536
20473554944
33878851584
176166592
70964920
250776944
105142665216
188398764032
132998192
6680076
82966478848
410360960
1883908480
938875551744
5609637376
12188535808
5673485312
23926522
766678208
127407200
488880
2427276288
6572313600
4796454
719
46210023424
30193905664
140687984
6153842
36043710464
252540064
216250208
226845296
1769019
1685598
2137897
1939974912
4301929984
5051574
260597
630761600
5369273
2689057
19899004928
179700048
182060144
365101056
345256
809001344
4101597
5131059
3549394
54228152
8428123
432247232
1455517
10066
53985720
210570
8195357
907541696
5373497
27309008
15205501
20304
195956496
32540
953765
297987
5382002
154819
290334244864
8163884544
75762392
537621659648
682853924864
29979200
488807
3609552224256
4279149527040
20079783936
2115522304
6751836962816
3119206656
32658737152
26982352896
64284664
231816976
181271488
204296355840
-75152801792
1051681600
11982179
522395877376
123764376
1629556352
4933493456896
9673368576
25025773568
25640103936
60620848
129029013504
273004160
614475776
441199712
9002654720
215876000
6203704832
4192494
76145
2051179648
281935360
7225121
81756569600
13243869
256476704
52914688
1766147
2496457472
12096896
17647834
10269604
12254802
12335518
241937552
2135680
345740
5317439
4321924
4111839
426969202688
10739791872
944577
87908786176
454542262272
876244864
210840
1851725447168
3842634940416
8344486912
262497536
3497174237184
39891517440
31397873664
12276661248
54713044
233910496
48358060
260586782720
153278513152
885299776
51305040
305223172096
147311056
1409012224
1506473672704
11881687040
13927337984
3133448448
74847344
122921009152
274734144
1687849344
170001568
10319221760
2979547904
1955795456
5971344
192927
2348919808
1885485
40786464
16351518720
166722240
476629696
1503146
728820
2153094912
398640
4611521
3352668
67236264
9797282
26277908
480360
1636798
1070402
1686001
3265761
248529223680
1024447545344
2138928896
150818768
360496365568
28413724
1080930048
5004371951616
467994848
11029263360
2766061568
30966620
191677775872
1633635712
850609472
136539104
12739239936
94253920
982832192
7782170
16777422
3117659
38059228
4926453
169680
72234565632
318101127168
1665475328
14464476
159047368704
113128464
387384032
974866481152
3346315776
12372054016
9155934208
40048932
127132942336
1356213888
1349999232
206305664
6954370560
271195008
1031466880
37080788
4508659
2039598
35405992
1513235
596372
221968711680
93585704
870597632
1979715840
1097399296
198922880
2664144
35833372672
221422059520
34398504222720
763104919552
3244361984
120779776000
4128127232
41285856
49199394816
621569245184
1146657152
72618720
19519008768
2625678082048
54097158144
110171328
30726451888128
487213694976
1537988480
21424064430080
18086325387264
85070405632
538803840
27911286784
102448152576
649149440
12636719
163694100480
1626673664
684782656
949701640192
9999360000
31659406
361287843840
598287187968
2560428288
292962528
1389010878464
12023941300224
11056807936
989679424
5612918276096
11873681408
15440387072
20223760384
98955056
1509284
85097656
258017344
24406679552
603932928
632184
180228407296
3811319040
2282059
60669202432
712756035584
497860480
33278068
891937536
3814755072
5041555
406221
1678830208
2761656
10229876
9041134592
501510688
1117334
6186415616
16890557440
31715564
417848
119768506368
261716377600
1978708480
24639852
86316769280
290707584
453573248
690718080
5053224
84482
5893741
1048806144
3852602880
9979413
237829
1652663680
17788744
17483988
-3258409984
213703968
11
194773584
663641
1174450560
41173804
127104
591104640
1507775616
2034924
157074
3584101888
12312222720
141599376
561792
4007924224
2066176
6007705
46675672
336792
616344
544078
305313120
1067292736
0
95132
1194966912
3335391
6993587
3339099648
11473267
6779781
7475548
189611
133267792
537200
4818142
293167
474028
39064035328
1095449182208
104416264192
99567760
45591547609088
393092071424
2419610880
7665500028928
37892042784768
513210679296
254243520
239944237056
423486259200
982196736
104376176
237863337984
167841680
1273379584
3607891017728
40944746496
13749158
976878895104
5449711616000
6303247360
113540864
15174940491776
25458624167936
19134021632
36449772
6713717030912
42582712320
41821958144
200106557440
512355488
160968032
1395570304
279204593664
1072686694400
5599900160
3666987
-98739904512
3393742848
11351577600
2761217277952
14120811520
-9311
47524155392
90806720
30833729536
749421376
1800900
12836239360
3842828032
38709368
2708784
183577346048
433140498432
1615021312
89438616
404306591744
114753944
1742692096
1636738816
13731658
43631676
3095661
6620691456
18383235072
47641804
1035996
11512729600
15853161
380571168
87705927680
339381568
482775104
550075008
20948432
3389465600
3620485
6844963
17013192
182603744
928158528
1363290752
12950299
29244
1927824384
4200886
2126058
6101913600
15921813
896547
43656788
0
385370848
909028
2632682
1822842
17243010
864384
67920560128
3470703722496
49450098688
460391744
16782332002304
100641251328
712955328
1150947033088
31955240353792
75661312000
506398112
50931671040
340495237120
522473760
16924228
30783520768
799480192
1350737152
3151646425088
47907782656
927643
1420246646784
2204730916864
1141517568
61936972
3815879213056
28088727502848
6968779264
114575944
6498417115136
7008614400
66616852480
138335830016
446772800
604812416
125198032
401723392000
289521074176
1435434880
118079912
342064431104
807875968
7105691648
1044881014784
12860917760
12398657536
18800443392
213952864
25617389568
369541632
2160773
8352100864
35853602816
174600288
545111
127003582464
260977360896
1140319360
7608383
90089406464
578494080
2410511616
1971996928
11349828
30472058
3066540
3879594752
11778256896
17385492
1209383
10720656384
39217340
207871456
136703082496
684048704
1210437888
2530124288
2677001
1549568000
11424178
19005964
87105936
951913024
212721312
1126438912
1249872
61762
734505408
3615888
12156124
6843063296
69048504
173970112
37726220
428310
303250240
2084859
4589884
1928185
47277248
4726841
3112506753024
41063374848
157912320
1284257218560
3461271257088
3987944704
458254336
14932746698752
79450788069376
784471621632
6635655168
14083759800320
121492258816
261325668352
191813435392
1698842496
3373497344
880647552
626707202048
2642144395264
11463380992
112657832
1450117824512
2511969536
2408116736
12190729895936
105649930240
227648143360
90027900928
1107993600
550111608832
1994803456
1620134912
2980145408
42789548032
10290648064
53468250112
85553584
704304
13037458432
53190644
100155112
339921141760
2804628992
1252800384
1893218304
4414741
7721139200
25140038
37791188
42602368
1995705856
42468952
636191360
5851212
7738988
4730832
9863870
2459964
40963846144
2143098241024
39324131328
666644736
31605502509056
491054071808
186235552
20884005847040
33012131561472
45380579328
562121344
142597963776
64594915328
564728064
35843456
271290400768
568997376
990757248
3040994131968
11358288896
294830880
2297259360256
1368659984384
4525342208
266525600
8138872848384
26734531444736
62215888896
297534656
24697582387200
49981534208
48562044928
161992245248
504499968
181855680
789320960
212655063040
693907554304
4197764096
108898840
196638867456
4877600768
1187033856
3813281103872
9441015808
1832515712
22062784512
520362336
20029071360
429840736
1780380
8511230976
27634110464
22376272
356147
236505497600
402437701632
1505756288
15194865
282189594624
265799392
409302016
1502629120
11694828
9733540
8512137
9752451072
23839191040
71163664
0
14979837952
77452752
710697856
174897692672
19346696
202803808
156486528
3629305
1651152896
21416614
58454844
13660550
326146656
590567424
537916928
2558832
75527
882876672
3207137
12260351
-45013268
25581068
13559561
64183288
379223
904019648
2116046
6075458
3631848
39124516
778689
2949753339904
73143255040
207819808
2358488596480
1131209555968
17884669952
84298368
14028691734528
23395211149312
86972391424
2633940480
21731448193024
28135710720
255826542592
277147156480
536678176
752790272
950022976
1480369897472
2927579627520
9667641344
296447744
1687293788160
7773306880
17148307456
13023913705472
65807745024
159519211520
197750276096
1235885184
278202089472
2376280576
2763475200
6452809728
12921822208
14926104576
31046680576
58557076
1540351
13284887552
17381880
82946208
190426087424
759908992
1163085568
486448704
10961921
9771550720
13357096
27757252
23185062
955658816
11589638
499244736
3471264
266280
8357603
30145288
2740479
2833682268160
80357072896
513453344
1433033768960
4708510990336
6400132608
175066080
4262076088320
29058186346496
5515911168
717205952
17143070457856
50109579264
-1288880256
39954219008
555698112
692998912
963898496
596066893824
4031081611264
975349440
227621792
1855913066496
4785324544
10691615744
11568316153856
8319122944
9465410560
40744304640
196491744
472045748224
1634205184
2240149248
2413433344
7832130560
12729541632
3069931520
79753040
3138338
8743279616
72956896
145554192
9599582208
124357984
2013124608
1695608064
5773694
16825871360
26551868
27361266
73151128
216492960
8487906
351331424
1374549
2771793
1395227
8872053
4444166
2007389962240
1349421629440
5056946688
27973460
2195681050624
3391364352
2448019456
7991003185152
26509690880
31418630144
33966024704
365439552
1295831138304
50395672
14114361344
1903434752
19687929856
3220662272
10433485824
22642208
23860446
12383311
230868928
33567792
979936
652917145600
3646937628672
10681848832
102775352
1256548204544
6261526016
1133840384
6958399619072
4708593664
76610961408
6573724160
103597584
635104591872
1785241728
6916807680
13724047360
24728348672
2032111488
7722089984
8441221
19165116
105313592
384199168
1588225
1688858
901856362496
874514176
9113259008
1196466944
10032517120
1207393792
26822112
6132492800
503792205824
90213984
227160
3642825375744
44937936896
169477744
462518943744
6413924958208
21876051968
2219924
34288275456
38528970752
306548736
3986977
22122602496
73689376
195152816
191748620288
10562893824
2721521
204699385856
610856992768
1415741952
20750
2862729396224
4161216708608
44766687232
114390264
2466886975488
3876043264
1237648896
38500679680
4223742
149735776
30537102
60033478656
136951799808
453335520
30647912
55167385600
211
1762072704
878335098880
216938400
6632858624
1267901696
160783
2851624192
47355064
157645
3806258176
5061370368
13787655
1192
23285151744
46275493888
435166144
4348081
39488114688
20014836
707436608
116604760
669474
3410852
249909
1241801472
1146648064
8650042
0
1218250496
8889989
13795706
28320294912
8577352
14376743
77267496
1658449
861025856
3799583
2988882
1874598
65434896
26897472
150802160
288792
29511
105645088
112074
1465431
1252900864
4506929
3052823
2726282
114672
83818408
995540
269587
625200
4444937
100623
275962789888
8088189440
37811764
278232498176
849925898240
708529792
217896
4001214234624
6697686925312
8811681792
112935248
1976570740736
6169636352
10128596992
16305262592
569632832
55133524
120237136
212065157120
371094454272
1779927296
-140473
606861131776
1287659648
1114903680
899105292288
2747260416
21031372800
18760382464
65759396
122945765376
214672016
1453426304
1142161536
395591872
339884832
6308313088
14114100
47375
2894725120
5767105
20918060
78815002624
98938240
645753472
227862272
2351554
1338860544
1242444
5875763
1199857
143683760
6649453
70489304
317212
1277340
2702043
13379528
78080
463937503232
7841722368
5281960
186969735168
532751712256
176785616
0
1609297035264
4588414959616
1620584192
19089532
1235082280960
3915071232
1963981184
11618910208
3
8
-4
172299468800
380339814400
85945280
21949062
363658084352
318478240
1160005504
2416886153216
2220561920
2201001472
1334194816
50403840
48093716480
182644352
206465744
142654064
726726336
2399671296
4318850560
341291
0
2865117952
647619
5444202
7462182912
5819510
295054816
58740260
2933645
905144064
872659
3769738
3055016
89006080
3349374
94953448
89823
289980
324036
5046915
296877
75051679744
320943128576
377636192
16287052
361924001792
431268064
2057456256
4650459725824
915779264
3575894016
5007733760
19906628
253870850048
151293536
3095605504
19590308
2210030080
143
3746218752
3289330
11505308
8907814
26398052
10811163
0
312612093952
15182327808
35419632
338845958144
299973017600
2733873152
11982
3728433479680
2741018558464
1187238272
313925504
3324854403072
14135110656
38811254784
13842085888
282984512
603171328
54810428
273568317440
228304699392
1098872320
29843348
329998598144
695255872
1006141248
2362869809152
7573336064
2613200384
21111998464
75841728
13398441984
885671360
424231520
280488224
3003065344
1183082240
1870659072
984814
78299
1634155648
4301738
9834425
35592155136
168254304
384163552
298895424
487296
1454430464
8362874
4705703
5066240
51823460
1510627
27265636
404243
93839
1077959
1105041
86235
537053036544
381652533248
1845051648
36922396
377022840832
4853319680
2403077632
2145280327680
3567426048
31486351360
8734291968
147351360
258619506688
749407680
12698080
361728800
-2260771
181717648
808505216
9447090
9604449
6380926
99185248
5505834
257535
107589509120
177895063552
814173504
5280481
209942822912
294230464
1531481600
2050102657024
-21862122
15686097920
4536706560
30057804
169847013376
273318336
2901567232
79057784
5387826176
330459520
1043738432
2697358
6714905
1284482
47427964
3918911
1361167
214243770368
207299488
217649616
1127347072
2283190784
270978624
2668877
97890664448
882865792
1018382848
396115392
4405384192
154733248
1452208
269436000
60432732160
2126321811456
42900152320
694413504
11272196194304
716509282304
1308289792
14214773080064
19174113935360
320268042240
8160532992
59801133056
265343172608
181891696
10355742
204392759296
116726144
1367094400
1712383066112
28823351296
126258992
505853902848
1599679234048
11529664512
225720992
6011611512832
15767534829568
121769132032
600632960
9469801005056
26311960576
3847429
61644898304
116393000
276577344
208923312
316864757760
802474360832
902351616
37646120
638550081536
2457078528
431185472
788931018752
5470964224
13694121984
10079873024
149916528
12987475968
327173248
3171959
14398367744
20073281536
18779522
39015
166317539328
170652499968
719140160
26236694
205488242688
517129568
1479924736
791229568
508453
6830131
3770638
1893558272
22185125888
30978716
622344
14578258944
0
13542004
116258316288
1026385216
10729246
196004272
181090
2932746752
1016905
5896266
6132919
23541730
421144576
1168289792
574958
67324
1033971904
2525546
2076536
5413081600
1857033
21466136
34477560
200196
470956384
695352
2245991
1984881
5893404
902656
3391992889344
60617351168
26689414
1177733038080
6489585483776
576737280
252057440
17779480592384
28144589340672
93379411968
2090922240
22888329510912
25127571456
437313994752
83407069184
671327424
178132016
3406521
1284990435328
236105089024
1180881792
92346544
1025988886528
31818844160
15743334400
5297844781056
8219610112
965808512
115197960192
206211088
295324581888
1971493376
2052070144
1282162944
12432893952
7664380928
16638312448
389075104
397512
18691368960
64443080
57079852
132960780288
3432912896
4535531520
909383872
1570888
8508087296
173972768
8215280
138155824
5237108736
15245895
770348864
1308384
6310849
1261661
11928661
3280008
2014181326848
25814257664
47186664
894017339392
1071204007936
5561022976
-718805
7378812010496
35793745739776
115345252352
2629384704
13615312666624
16206901248
-4287454720
83962904576
66561064
2863601408
549420160
1011354632192
2895117811712
933805056
31317338
1069102137344
3001276160
3449655808
14709163032576
54604570624
20736161792
-240335952
1155703040
164901109760
1378142336
643004160
9224390656
45817409536
8165810176
27399581696
31143838
274295
3747799552
1
197044032
41061056512
967430912
2618504704
926147648
892320
4023573504
24540096
133832288
3078243
510866688
-3
339121376
964665
8305750
2216815
17862124
176425
552755331072
2388811317248
12971128832
-500756
954250297344
1044865408
49462247424
12610769518592
118691192832
648325562368
52086378496
481066592
1015296557056
6632181248
4763479040
98500792
104734572544
1180653568
15471596544
49404716
100982896
15760084
560672192
-3131258
3572520
1904007708672
65735294976
193068528
1095758053376
4335567896576
22305615872
126567968
7703228317696
12193904984064
32247361536
42861920
6745371967488
7425083392
96674725888
169312894976
249809856
6282402816
259747696
715454152704
2445807452160
4197766144
39055196
644642635776
202507904
5295907840
4055453663232
31534096384
5743315456
23737221120
1963992832
163064594432
2384988928
2801966592
3207509760
16830419968
7721176064
26201946112
117007360
604587
18132439040
0
54276232
245338963968
2923706880
405043264
507748672
12457929
8590580736
47103004
24693594
0
486790720
3273541
739437184
7452628
31105320
1207976
117512624
2400596
680532836352
3098788757504
28668628992
72974944
1832471101440
18328702976
7040068608
20533903097856
72531599360
95369846784
69793390592
85618992
2493414113280
4401847808
25442643968
5338511360
68133253120
24572547072
10873866240
20079816
397839616
23729974
1563075840
43847728
1895949
882234294272
536560336896
4612338176
30434070
1262352465920
246591520
5112100352
15089749983232
32230479872
26440921088
108508971008
31789924
535749722112
949401728
3201775104
10767150080
17094775808
3473604352
6783579648
3940156
59481004
95320112
502311104
7178243
4566414
1519451635712
1048830336
10160749568
6061793280
15843465216
1314888576
12257617
827256668160
1142317568
4660956160
638683968
66447618048
2689238528
6958903
1439572224
509414801408
6070872064
60773736
212836581376
169995255808
1878771968
194046
1935036252160
4353974075392
9765678080
88155512
4345675644928
30089379840
1400159360
21636202496
125172920
199794752
66871244
115174293504
260977082368
-131
815808
355723870208
815613248
60
2375407370240
1852403456
1014477632
2021324672
26605392
73205399552
326897056
327694784
392786688
4991306752
1943819776
1153375488
32913684
285384
2379909120
2787877
2116751
14018535424
34783712
118728464
78981272
1892802
1405668992
3750089
9542780
6042755
182069520
1367273
131224904
675288
1457717
256950
11789150
414876
287711821824
457705521152
249638288
9539154
261317115904
883106688
6002209792
2518842605568
16839172096
17238644736
25898268672
180602640
181275131904
345889568
957893120
39063760
16326113280
577996480
2024577408
1045878
11268333
9884320
58358552
6296434
462095
198739656704
457948725248
292620672
10797497
85819842560
252257936
1194433920
2302256087040
1925947264
8874872832
2617825536
4585880
131894190080
510732576
786352448
113196960
5561346560
746222272
1161484672
1536911
5226089
16923644
66312428
4688533
22983
90575642624
150178064
3693748992
49187256
6567248896
489212256
5494456
123293515776
54379970560
235510912
188645536
148103069696
2869321472
897240704
1111746674688
10016086016
3455060480
37067546624
178966144
217623085056
78454952
1733815808
1478061568
6806366208
53131848
1041195264
3992136
7543487
5872169
323939168
9750564
730403
405578907648
2180666368
38478728
145054928
9417143296
310559136
597466
89142157312
362766976
1508465152
367404736
6287515136
184529456
1485020
186310016
240132912
1992586166272
24928602112
280307520
1478327795712
1567315591168
1281073024
62535896
10091932680192
8633025822720
39327924224
642055872
12567922606080
27563632640
115686178816
89645760512
184615712
611307584
72174896
652324634624
1161537650688
236904640
55881556
2413471727616
1837156224
3407481344
6927849357312
7216370176
29317140480
34837336064
221526880
190788943872
1202835968
2342072064
1643291776
146
7796534272
16140945408
42918964
975
10740616192
4297553
133601016
13361242112
20331914
126147000
471886816
3913180
2971503872
11552308
94340248
1977460
2009161
14893836
603818240
627375
2014268
0
15733898
60703
235172200448
1627346173952
16174296064
72199720
2175409979392
5632033280
5189162496
5651608633344
64322138112
36643041280
4782
437526912
564009107456
4325364736
4937669120
2788079616
13529908224
1645529344
9564973056
17008996
6526937
46051944
104883056
9425334
856848
622684012544
3938161786880
12132911104
87539176
427852333056
76732312
17846798336
5649338466304
3128374784
309842640896
78028963840
299354304
420158930944
305370560
13966613504
391714080
176701521920
1700825344
7712592896
11728333
115096440
124318512
160759216
11617758
1117571
835404693504
256132304
6477743104
2465980416
60637343744
2230848000
24220996
1014400483328
694964191232
11799114752
51867204
277827878912
244012496
18097491968
5760456065024
23249166336
1499678507008
8128110080
104103024
316376252416
1036093632
109
597979008
476594765824
652488832
11237803008
25925090
91840432
119618592
1450747648
53186180
389360
1917354246144
1762699904
10341049344
6048964096
85791096832
1319853696
40042148
481312374784
2183087872
7956535296
660413632
7445978112
10077871104
17984474
9865903104
62416144
136482881536
259105357824
446872256
197070016
286421286912
1324605824
197886800
1218677047296
7527730688
44851142656
4309497344
72111488
124594593792
749658240
5819382
1505588992
3811057664
280086816
300375008
19665528
5125044
36719
225145552
1940340
0
306193235968
691080320
1688194688
2196329472
20408090624
919260992
5237090
131678347264
33774984
209228448
232752784
2420474112
1139380096
145650
1467637632
162715893760
537021440
2821732608
1119290368
25521764352
1975828224
1925519
661632704
1160346752
1136432906240
726382870528
797703104
71568288
1429782921216
1588142848
2769980672
5270091071488
12985310208
54124007424
7000963584
93501432
175543386112
45905864
2758886144
1899568640
30127654912
1852456192
6120300032
21845360
23790010
6772524
374171968
19858454
939431
762110803968
492874240
3238304
11539469312
4355150848
941962560
4252015
922965770240
2003080704
5771716608
5528066560
31731568640
8876640256
61591780
1178309120
739853533184
830909696
2401685248
4371054080
12897520640
150465648
8910545
-110
411529504
111404376064
527163904
2969137920
2610089984
10021437440
455592160
1808598
1368481408
449816672
365239616
1129800007680
515593312
108060768
1994365440
2300332288
748582720
8454888
336407456
4395034112
6005126656
197254144
602390080
