1975592
11892
4617327
85941
24592
71193
619004
27832
2201490
37474
1341651
1618200
421312
5021144
28762
11444618
276166
448450
1342402
451039
620526
415
900503
34988516
928112
2944403
447887
1818540
52344
3420337
174170272
24830806
7828068
162362288
194568
51354632
598143
5862580
166560
1106920
17879
46672
408167
17988
1467811
23846
23690
234051
6975
1065051
4701
3864848
487171
48701
2313600
727990
3868070
20137
62537
602578
341857
30820824
175423
27851
1707577
28305
6695
664233
7811976
10822938
124776208
20811780
760854080
536928
16757598
9729329
1382474
44635128
2311685
75024912
520411
941924
421451
6060835
884090
6163270
151817
446047
48288
6923309
1238870016
1459595
3252231
1482004
27978
989666
3837644
3317002
57546664
168022
4374430
69500424
3264576
887727
2948508
451649
11757
26116
6236
10438
45029872
890473
17138256
2915677
1480915
3413889
6683104256
48817776
7470065
261093808
1039546
322353088
2657290
18788940
49534156800
8036051968
179153829888
24402350
1418043136
31539006
7047973888
3738510336
96361256
4160331264
18105890
797283968
23329914
143890768
7853770
1348702464
2435795
186166944
3752065
50394376
11921432
100411648
4609087488
96345392
401837504
13995659
57869
7376870
21689642
12297768
349315456
6621206
35515
15525
172796
6145
774931
3554
5334021
421106
30804
2248417
364469
26591384
15067
27675
381598
264546
20945738
139359
18274
1236849
22322
7092
502472
4014676
235236
29384
1405866
289486
25444966
9300
25308
1530605
151754
17779558
64828
6959
634545
7611
2391
360069
52935072
24053192
631924160
356398400
31643385856
3587061
13737496
9149809
724620
41378900
7303871
295768000
232374
733262
48794
5118666
627910
91512672
26958
120358
83971
18773936
1364408704
777620
5552188
23446094
817529
1888484
21952466
1693890
40325072
35951
3118096
48139304
4532073
337560
42441348
364709
25392
14518057
1633461
29169
2842
1523180
5257
2853501696
108386320
2149928448
6235267072
181022883840
13790182
130494432
10961762
256329664
1706348160
59880177664
6740194
20695652
33449494
23360352256
1004271566848
214484016
342027232
580288832
13035890
1173163136
246143024
547297472
103549149184
13993504
25319294
616417792
364904512
27395915776
6584353
40590328
1384051
94075400
27391130
643182912
465749
2665849
770489
493510656
20841943040
18059550
51800544
94345408
866381
17218524
80094080
147319920
213910432
534442
6713347
883397
6209383
151764
437194
167060
85874440
4138749440
2515739
11857590
25852194
1025451
5320095
10898545
41274316
197376576
188588
1717780
100886760
24841
169874
639614528
13346865
40387784
567973760
103700360
3666862080
1918827
533469
1010575
62386640
923157
1420547
27269064
60657540
3740900
136298784
4849017
6539044
120821624
44855112
885426
13695
2976471
135682
130545
41930
44955640
5775502
2627242496
37720044
5650679
127168352
1707112
127165592
2303765
9841057
4302602752
22429008
9731709
180021408
2060920
29251590
1126208
19010232
58673389568
12971730944
333897891840
2998159104
253995810816
2497728000
-795649280
11276953600
179748448
12186584064
55218656
992999936
34582736
93467984
4285279
1176937216
6735231
-73899272
9150390
47703656
39789256
190882592
9671940096
85109120
1046050432
179849360
2832389
7324110
117702408
172904976
364802816
24841450
10045866639360
184870207488
4428714737664
39961907200
1602183102464
36746907648
174329757696
4997577216
1029313462272
4472711168
323287449600
8057696768
18998968320
7345609728
200854339584
6551184080896
89829785600
470603726848
2269929216
27103724
3321167616
617623744
2793260288
461645021184
10984870912
28707608576
70497574912
4372339200
306006622208
4884375040
28273711104
67814568
25910786048
49496724
3974458880
102932048
473554112
318720800
3051717120
134510215168
253044000
12199825408
1909276160
47702608
42518660
976429184
2156316672
5180608000
100321856
699154880
6022019
91357200
3789323
34633052
99826352
438908960
42373816320
432019520
1300198656
232751168
6570874
9854744
101221696
631266560
-180730016
17147136
14792678
460474208
16473312
18324590
5921087488
169095024
-16853660
2491295488
7620878336
13260409856
436860544
2565513
214525
158753152
923250
5318519
159991280
288747168
4596907
188209
24857
820708
413808
20532908
5888
21337
1096559
114077
12733967
43683
6152
610561
9455
3383
266154
14931930
11767339
92427288
360198752
17476186112
7645567
33406036
10731954
505031
38729516
7615865
350627776
178537
391031
44037
3008437
1181063
21027818
23139
58521
76287
18726418
990482816
775385
1794425
13301338
267769
1218238
9465406
25716194
116235032
23522
2783161
92704040
942011
267496
32907670
349425
25624
10316148
1264152
18740
15590
1523367
24681
71962712
12787512
323962720
589172352
40565493760
4632844
15003859
19763566
577849
33530490
7957563
470142528
169505
500563
34772
2744632
968443
66056120
15876
143247
44822
36897040
1548055168
554987
1681374
25527372
393876
1717191
13343424
12570797
65346968
12169
3811590
58884896
2560399
143632
19172946
243633
22353
5140504
728270
10113
16074
708116
17932
7775804416
287259392
17793372160
14830379008
408861704192
29255144
215783712
17139720
1047837504
3871303424
88660623360
10743708
53629656
41521672
43564974080
617236660224
184199808
438338208
16334563328
735631744
2045869312
11956705280
27979747328
118241763328
8416322
58025608
1071928000
306981888
35296649216
15105896
64936580
1139184
56125324
7615446
1483258112
409235
1241434
954242
896312128
42684104704
20166568
37202096
379184064
12268415
14793537
324829728
195025456
1011217728
267848
6284322
1937449
22987092
27212
96378
231736
137064320
7134695936
3494458
10638858
58325076
910142
6733224
-2178673
21564976
220880880
56705
2043559
171489760
57904
162508
1329838720
26104802
34923212
1638386560
2017088896
7010132480
542964
14229683
16388672
94857408
2075916
15014698
57296100
55840988
2713483
187342656
19769276
4674510
202608560
41646384
374640
37345
47396580
82744
19200
1559870
37821
16824791040
226634399744
463228960768
46095006695424
4264477184
28804575232
119296696
9567910912
9611275264
1404835725312
74698488
164603360
430906304
90547789824
13482637393920
2028682752
8192602112
303020212224
7936062464
16914884608
135384547328
238423343104
721649664000
60079456
715462464
1376740864
73436708864
6466382
16889368
51798236
-9443165184
2417780850688
488087200
1693800704
20338219008
1414878208
5255698432
32072867840
80750985216
261497815040
33751528
4221148416
195091464192
8365064
127020776
863092211712
25268518912
51289866240
791173529600
918692691968
1878920921088
417127744
312155424
113397328
51658506240
1778866304
295382272
45822169088
63263363072
42922764
6906989568
1574806784
50737676288
16008503
39453800
38037868
25991184384
1551338569728
764850624
1426340864
16390146048
649436608
1849295104
12690618368
24500226048
-3013642240
5842836
103147216
14502192
925487168
634835
2626482
2125150
2360067072
97286782976
39930776
203904736
501404608
15642649
52994680
195651360
430158400
2899562752
322311
7341926
1427448576
610227
1353677
5001741312
410872064
2072156672
17482166272
20425302016
70552297472
20598110
54338652
46901184
670943808
12689690
94721968
418417600
783231360
111040
68106448
3161807616
2410524
13939266
34230564
220914
5447817
33591000
12445138
188706576
181993
11911027
537238464
128558
666369
1174492160
89923328
232333008
840756608
2217584128
10843208704
7206262
13973061
20947436
108994632
4554628
18313504
49459316
149126816
73832288
2534107
8350527
80027280
157697728
620254272
49719
244388416
518657408
3784999936
57974336
604621632
1011008832
4336312832
303337
22634612
21207654
37484612
126489784
5667457
4198839
535384128
16089218
61318
53724384
23556
195085
4209100800
69895880
6854875
266455792
3241413
56002764
5344025
13547560
62397169664
9656078336
344324669440
2191856128
106197901312
1862050944
2958878208
5781797376
327673504
872610688
27045080
2362074880
14646643
300655968
3818132
548774400
7661904
477982112
8349243
18366024
20799724
231516352
10500131840
185238848
1090501760
53084168
1229024
3699322
18171088
32210132
427532352
10094388
61272547328
18127880192
286224908288
2407457024
202443145216
3028483072
11260332032
8316549120
251971568
2930467584
23373818
1498568704
30253972
241116832
13145319
389846880
6089630
152802944
12564891
40546648
19306334
80633256
3263004928
175408320
534599328
35176868
1557932
10605667
59647000
102424944
1094546560
17500670
11484300050432
387658416128
7338135126016
44516265984
403346685952
57039642624
221835689984
11764228096
1168771776512
11180179456
348679208960
22903752704
5384786944
53179621376
327173406720
9942276767744
378096123904
1069273579520
192866451456
3603019264
8287265792
155632009216
165140447232
591397191680
10795977728
17883348992
492483149824
6012464128
4292624384
5713520128
4300603904
160232192
36307345408
65057200
11021202432
255303520
891067072
295257088
3268557568
214813179904
3156855296
36773507072
1908610560
40835156
148283168
1335692800
853401472
2774038272
73820784
451183424
12121806
636484544
755808
64958204
140204304
877135744
13974439936
853797248
3850441216
605466368
1474116
40309088
331860160
94470216
640695744
18766742
25267714
985916096
29381506
23463984
7011758080
263094160
95003280
3902247424
5154190848
34271873024
606286592
26248996
94337568
403864352
9879539
106116688
53133260
713391232
6391066525696
126727388921856
2058595991552
158409231958016
4389337563136
19983652356096
29116809216
20622964948992
83641606144
5545530490880
83197263872
-118529949696
315300446208
3291039137792
109770782539776
-2094633582592
13918659411968
1889624915968
27418267648
24073515008
810147053568
2320866738176
-235798331392
136922578944
232083095552
14493747200
498394398720
12520759296
29913022464
56087425024
550624886784
18769688657920
627206914048
2485819539456
370820808704
2468875264
2614125568
106453884928
578537259008
1087403327488
55057170432
8232425472
509582508032
21535471616
31954391040
9116052357120
57743040512
300218023936
2349309886464
5473254244352
1459252887552
487694958592
1456004608
3297673728
336597549056
5721757184
2080353920
48242163712
728722833408
16989375488
687951052800
6663362048
419785572352
17004437504
68584288256
35863293952
44508504064
11914774052864
138887528448
151577034752
186640498688
5483062272
8463679488
67848380416
178411978752
498229805056
15921156096
10390466560
50498756
6195779072
141376704
207246608
1092403584
8875947008
378971226112
8884072448
58667315200
2074431232
69468592
149181616
1897561856
3043215104
23689850880
288632064
116520560
7102625280
178738176
499715168
64797671424
3263150336
2205628672
81715576832
9665550336
439214604288
2724797440
258680512
798963456
4265361152
122598368
817901312
1589262976
3847689728
66634464
249143024
14359374848
297974784
2576108800
374955072
6006484
16955372
-124006
528979776
1384546048
32201384
33644248
4196170752
19140452
167834752
20183263232
373884992
980433536
21065400320
12984843264
22071033856
1548819840
130111376
86101192
624745664
5442415
134017992
139392272
1434465280
678771840
22193394
60379708
472826400
1148214528
694978432
39913056
1514658432
897988224
5456430080
564886144
2005001728
4172221696
24034410496
1509411
98833832
83032592
97255920
44478020
10083752
164106048
307208256
20363169792
4445802
8457278
17793646
236743
20959754
5237238
389763104
116474
289138
26854
2120516
859875
100010136
11466
159753
58624
24533568
1433183616
264775
1549138
13681908
334046
186208
18443082
26254800
110272288
16795
903299
32821784
2386891
136745
15631392
174303
32909
3860218
627073
12866
2228
593997
5042
5453197312
55876772
2040541440
10451417088
243748356096
57376640
112671088
6355760
1090448512
2041840640
73601761280
2968249
40432792
35731960
33117073408
738625716224
174566688
459093088
16503851008
618885568
2971088640
23185924096
13612042240
114549653504
3853329
32723704
155479696
1207147648
44345278464
8511627
46533708
701402
108130656
12679547
520149056
510541
1221651
915871
522299872
32440035328
12264341
43974436
235532064
8472594
26700804
94503168
339694016
1627792000
308962
4638331
1323028
58392988
22603
78284
252074
146475856
3158064896
2103780
11023871
63349948
1606689
3669581
46706932
36357480
209189776
75626
1459680
72538528
35998
82479
751756416
33345706
121962088
255937264
1359775360
4872760320
1619316
16694176
2517690
41198460
1185343
13987554
70927240
55015892
3740484
169700768
10699596
4126704
135492416
31368700
295188
93932
31643112
179641
8114
1310762
46370
4734650368
110177392
5795502080
10093964288
433826791424
61290688
202959152
17048680
940608512
1550103040
30693521408
11949106
35744000
21909558
34298916864
3300319035392
221023712
380401760
37340729344
750712320
1574563840
16037236736
45666238464
57630035968
16268952
5208989
1270346752
616822336
59759071232
16049180
35919172
302417
80495056
27925374
809369472
482832
1325668
122588
926998016
24946726912
19457508
46267140
260848336
9101643
40297312
186680544
26161216
892546496
247252
2832022
865808
107381720
8703
78424
34778
73383928
1574398080
2387476
2501338
65126940
2926553
2637938
29592266
115122104
331007872
51334
1749799
116843744
86464
149024
566843264
24116378
118878968
977702400
1467086848
4832890880
644412
12566752
14983792
61848432
383288
8550748
19791210
82405760
2332802
418396544
11559346
4713767
242650896
17865134
239069
96179
29925970
230846
4905
1152270
13051
41938956288
247677353984
881321836544
71482298335232
4724121088
52774776832
370712608
42888683520
34020024320
1192104034304
14589078
1272864512
582675968
1641879306240
23974830407680
6073021440
23355224064
325985173504
15533828096
23620243456
117882306560
296154365952
2656408436736
228367760
2717186048
3267101696
191474483200
12354609
45703096
47165184
190161862656
4745471197184
470385152
3069636096
46000173056
3859897856
9084339200
14414284800
124938829824
176673619968
51754716
5727108096
120417845248
29039290
147515280
1302283812864
36937936896
104409612288
425379168256
1595622162432
8522168795136
589589760
4410245632
4047728640
63137923072
1818741248
23980032000
95907758080
135556980736
34073064
4896928256
2189649152
120028037120
34166736
152282176
57228000
88996429824
2237224976384
249835200
4211838720
16185497600
1922622080
2557286400
27349714944
37264375808
124234514432
21089974
99369952
15875881
1366228608
269585
1886774
3863926
4222435072
232746811392
84442128
194786368
1036364608
21552654
63018100
96449224
1490572288
1941835008
992987
54787096
155623856
1098374
2287352
46511857664
485455584
3181433600
11485828096
21290600448
30909302784
56051696
180735936
138127152
765110784
-1438955
114271744
207671488
681409728
42753
87701344
6507160576
908845
6278682
52828376
1410848
7400667
3291803
121262736
192828320
66982
9391560
628156544
241206
941575
4170554624
74161208
405194336
3345544192
9378621440
8157374976
7456127
46198696
40655636
351436800
12034699
26639556
75866368
389170400
109335712
6699534
12611640
60519868
171188768
356963072
228074
551616128
74782464
5658773504
56218548
857899904
1553318912
3321973760
14489026
34904956
67513136
80144088
260546176
9063218
21548148
356060608
2825123
292111
43456536
1043434
31125
13778317312
1064984379392
2667934384128
42997035040768
17321738240
11064195072
21632047104
16030717968384
1347507065978880
95114067968
921998655488
32699483947008
34220965888
910960754688
19531604951040
36846444740608
-1154098397184
15353982976
26291722240
15889797120
577450409984
141935536
426062208
387882688
815648997376
182870932979712
15520607232
34478571520
773288689664
29093300224
33912057856
539918794752
1165004111872
1432398462976
792014208
29442537472
1276020785152
285291424
139703072
25726627610624
1035850743808
2354591301632
11767219486720
44184652218368
67336287551488
7904395264
102756818944
166105530368
763709423616
20276803584
257204535296
303678750720
1778940379136
70399000
109530710016
2400367935488
681469888
717292928
48241516544
2744323328
5624795648
8160327680
66468786176
292423139328
25369776
11172555776
611973988352
56358760
185489776
3043382788096
69580709888
419696476160
2823791837184
4462208352256
16181756952576
1801079040
11663184896
41956638720
96651714560
4004982272
34722410496
199967145984
68226064384
74508181504
4392148992
14511643648
167314391040
107932098560
96876732416
85948992
366332772352
165406703616
3259774009344
79165308928
404483440640
1700527865856
4299456774144
232870768
26909560832
33959071744
30337941504
5248913408
816597184
76458393600
25173538
106982664
186955184
172198625280
10011577155584
2619884032
5233750016
90498220032
2836694016
2733567744
44967845888
56806170624
139618385920
78018736
3247178752
59858604032
61681180
282469440
780170362880
12932392960
90973593600
840655831040
2107963604992
1784679628800
2084795648
4989641728
29754103808
69666840576
3426612480
19758696448
33765449728
57961164800
1769126
1167688704
83924557824
23669162
158101696
599374336
15959256
50482772
382753728
431315648
3655817984
814462
169802368
6225865728
570505
11952918
27433324544
2489037568
2382773504
20712667136
31863828480
393565175808
63855316
559329088
247332880
1302013056
84673640
200832544
1209458048
3573261824
892882816
41323916
163287632
472114240
1423678336
2584883968
1043317
7945539584
4088356352
56089792512
1292481920
6239934976
55700553728
74824851456
60101980
391649312
678974336
77621344
8217175
475640896
81454
516009
1855391360
81492496
370743200
2738216704
1089383168
6359033856
3764229
14438995
48835628
106143240
4109890
14501553
79722536
268141968
201056768
10543872
27372972
111496552
293043712
1160953344
415905
1342530048
1875323776
8179291648
97109440
2424386560
6900670464
4978119168
13040105
77086120
80528192
61570668
55622448
66159168
358204768
11633653
56555024
265042128
569114496
407120032
819525952
3311426816
1702461440
33296584
9201029
443888960
49966524
273074
44743675904
13885886464
180234600448
2615796224
288434552832
1101843584
10740832256
2060032000
166696256
3794390784
35411900
1702394368
15002986
209014032
8107969
788063232
6564762
507265440
4059317
34567504
22523578
156908720
10822425600
182619008
660288064
148743744
2071024
8155938
1466382
106684336
663121856
8811407
10969966182400
264034091008
6523317125120
67610304512
1146794147840
56590725120
89491701760
10661214208
1496696619008
7601645056
176488677376
10395185152
9794313216
16581656576
251147288576
12942803206144
263915896832
738575384576
161286307840
2952120576
10887736320
74076143616
179962118144
441177604096
5079569408
10308914176
612765532160
2729612288
27266809856
5921578496
13745534976
112661792
30538842112
84347592
2850898688
300849408
557872832
177584064
1986554112
130035302400
2798217984
36124016640
2320046336
28971934
100311184
497816224
1256997888
4881227776
87198544
292943648
10357783
52552184
9468684
30761436
129856056
437857600
22978369536
815411648
3273005568
779013568
2696603
21315286
54360884
19075506
534706080
22959740
17698888
662259200
18086206
41315084
7083651584
185764144
203019008
4662113280
1017090368
24162598912
838762944
21277274
87591440
338672512
10310754
28601760
169068624
532854528
12294199181312
84676984832
5680691412992
79970369536
1184283492352
101091516416
241693638656
18097885184
749037027328
5278145536
479217516544
5783933952
22720468992
46261395456
142355136512
11313566711808
288383467520
511656329216
110599258112
4652535808
13273698304
104109801472
199217463296
611266199552
8927630336
31161903104
487255638016
4211575808
372739899392
8353806336
15222874112
251912720
17478027264
121997304
7111930880
209317280
1130512768
164881312
449589056
216851120128
3617572096
3020220672
2057392000
48870204
89399776
910865472
4059282944
11191331840
100663728
393440128
6089782
147870000
12449976
40245792
72341296
428816576
30897156096
320757696
2178761984
434387488
7997374
21659132
254969872
264363872
745516800
28641610
16989304
931542592
18512342
64246456
12980121600
147013472
455906432
1817344512
7654820864
27650363392
845845632
51551448
110656896
375993024
8515907
10389411
213873424
368702912
32588097912832
625915918811136
7019802132480
354989985759232
5791271616512
17729270579200
388403888128
48054879125504
181839069184
9030491701248
271919185920
242354028544
552533098496
7990078865408
354901603385344
9738212343808
3845923012608
1668387307520
24234913792
89136291840
1931129389056
3892278722560
11471971942400
182716088320
1159098925056
11147314176
353698611200
22879905792
5664712704
65465057280
666562920448
42976717832192
1512505606144
5526791389184
247948902400
11576050688
26161854464
268046401536
700790996992
1003793219584
38463475712
16905360384
1219892871168
28865587200
45451579392
9155804921856
150270836736
432324182016
5136812343296
14198524346368
24226341847040
1662637834240
75754921984
15049357312
238693842944
7425359872
92082520064
434653102080
425681551360
17738817536
1823927828480
5862846976
784337797120
10993134592
78167769088
42055647232
202431037440
21361917427712
514177794048
630408871936
156338323456
6420208128
12654983168
94923079680
93573341184
1224557199360
33380765696
36503523328
64375184
11046902784
256136976
893025024
857234688
21362137088
582949797888
10599950336
148708671488
5133943808
155654400
429815936
2350592768
6916443136
27887099904
415497216
212391200
26444623872
307785888
918915136
126520172544
6498545152
11322345472
38750318592
118998319104
1711649587200
13450297344
549426112
2558035200
4561015296
71386912
47110288
3090451968
7345564672
140138176
861244736
14455989248
852643456
3836827648
609600192
1533427
40248444
275264288
91003680
646200448
18514920
51592140
2888774400
57232124
272046688
15547688960
755910400
1353948544
21568014336
24825833472
91455381504
4072654336
84366672
321043488
848361344
17238826
199877408
582911616
1332349568
680847488
25292620
87265800
533545376
1351468288
3205702912
79254752
2626915072
9104616448
10513040384
769769856
3045382656
-1907845120
27705489408
6070176
111169016
48336084
165651616
6412551847936
889773073891328
16654667874304
789758317953024
30400468484096
13153450590208
17464063688704
111895851827200
16446870737911808
162983774781440
135545074221056
124086529294336
3080662024192
10601762914304
180714473521152
343482895958016
464199729807360
23586192490496
20553243033600
83837665280
5527336124416
84185178112
-122750599168
759403184128
10867863191552
1031260906455040
19902624694272
51080612282368
4370552324096
158430609408
414504648704
3410406146048
9878949068800
12835613573120
433186537472
151221633024
4517169987584
329642016768
868363862016
59727551660032
2763890622464
15053625491456
63456438910976
150787678273536
568583943880704
1590377054208
306961383424
674686894080
2038533324800
70517743616
777871622144
1854289215488
5981191798784
54681247744
550104399872
18771265716224
631127801856
2526131781632
373762490368
2437708800
2805431808
80398155776
585006514176
1100474351616
55282171904
22507128832
2362130300928
75907457024
229494407168
19385349570560
626613878784
1955706830848
16422005637120
24932113186816
28042504175616
3569037082624
143293988864
252845703168
237199343616
15957405696
219476836352
557853179904
1026981363712
712980168704
6887636992
36019273728
445555867648
428743950336
3723064508416
77101408256
2264891916288
5494439149568
8831480365056
136192811008
4357416288256
14995025821696
24681088286720
1266234240
83946397696
314644135936
255345262592
693222768640
6723186176
419289399296
17082865664
69833654272
137460678656
209167679488
30459283111936
488742158336
3229193863168
149580333056
3264513024
24144580608
297264611328
486837551104
1728286031872
78036066304
19714977792
980632338432
22792953856
118940139520
8763570388992
180484964352
693188886528
6325772746752
13518485061632
19464466726912
1099869061120
50242281472
92482084864
443527430144
5617819648
77539287040
117792800768
437122138112
1095086464
8819502080
382531633152
8883232768
58486267904
2101909120
69274352
149058544
1497805440
3019098624
23501527040
288384256
243822720
25809457152
536335808
2966133760
107373527040
9442328576
16694691840
219744452608
468501233664
136255864832
34336028672
849003776
4807542784
10165542912
424945984
1984902272
2783748608
13306333184
5277372928
46147124
265721408
3642676480
7244166144
21330542592
301108064
37298647040
44969299968
867065921536
10848491520
21384101888
315379154944
95395667968
219655520
1619519744
2326376448
899280576
33699492
4212084480
18515078
166137200
20359561216
373739808
992217920
10854871040
12832381952
22180343808
1549800448
110170896
81486256
626839808
5108600
158731136
81800936
1420604544
1788071168
52095804
133508456
508318848
1384927744
9308118016
316389472
4685714432
20031033344
24949135360
2403685632
7386316288
6544014336
51255468032
14903994
254116832
1631569408
396406336
211155776
482191552
1694573952
36729872
344325248
1196966272
1897199104
829826368
8331105280
5700096000
4501985280
118473848
4068526592
114782672
6680495616
134225408
314365837312
3485641
103095000
14806871
987883072
1479045888
103936204800
14432340
18018700
25410592
26121969664
1018522435584
120086632
400150336
2809884416
412276928
2895048448
19058221056
25554581504
70023462912
10702276
45085940
39973008
738709760
48159338496
15777363
91012544
332008
18817272
18736596
772754048
298192
1326784
495134
1008696704
30125699072
8938779
43688488
167632016
1442272
19552690
128685200
444326592
929985728
288209
2430833
432415
56141736
13648
126553
262983
103203416
5027660288
623451
4846121
13868969
2150431
3898764
38911492
145056528
187765792
50420
3044322
212400320
38059
198249
652522560
26136768
45351592
450464128
1540775680
4678663680
486023
2948178
5961156
15754550
1247843
6792040
17170234
69794728
3274218
145608032
6227875
4998352
26274476
15315842
144911
156925
20658256
7119
7100
694697
12645
20068636672
317995188224
733387030528
35850414981120
621688640
16904805376
33988480
19936858112
35305144320
1315126116352
156028032
410706656
450279232
1195193270272
30141291954176
4010573312
20798124032
399846572032
9125396480
15108333568
189025419264
225739685888
1415705001984
47665400
1091331328
1070633088
42512551936
7038455
8409216
109442528
137742647296
4424890056704
596710720
4559949824
95939805184
2057950464
645777024
44928086016
79276777472
166004948992
9348371
1550339456
85105893376
26331250
47300968
1351624032256
31778295808
135571177472
1003171545088
801514258432
3255149789184
881573632
15933238272
15092466688
71120560128
600786112
6013087744
6668353024
92195962880
44096752
2093232640
3556723712
92426190848
21355902
107302920
54286444
43655991296
1652660764672
767978048
2301135616
13702012928
784549248
2553101312
17627148288
27398912000
146680086528
17960072
107080376
22694936
755157184
401475
2209917
3201324
1971013632
114613125120
24232146
144453120
158652016
32975664
112492008
736799552
723495168
1899369472
838965
28722882
1713073536
467489
1411524
22023735296
816814784
3187817472
9307587584
23828379648
58860380160
23521692
109756488
236769296
1033319936
12180694
181877552
470952640
130339944
200431
107919144
3380617984
1895415
8779375
89245872
1025374
8255891
31833424
58894656
413262080
34399
7296844
155374272
88157
363867
2690128128
103123704
330933184
207828512
2713306112
18755209216
3428270
35210956
66545132
5126675
3327195
69255424
94265616
82593952
146412544
1750169
8639539
71755608
146775136
503432768
105668
401995968
1295889664
1124188928
12724112
1004423872
706460864
2158460416
4263271
14720275
19032054
15481663
183502064
9203748
17267186
1043378176
9999928
79673
29161572
574537
34416
23944062976
278855680000
1206946103296
48940850348032
9527896064
10666635264
107863664
33997338624
23951470592
1112238325760
298569632
591362944
199829536
628160462848
43364242161664
4041486848
2581702912
239786655744
6211815936
21843124224
51072188416
326719307776
762219069440
170132384
942463104
1522304512
30836232192
11960394
35469612
115289840
70241378304
5563539259392
828619776
3727928064
27797178368
3030989568
5552475136
98430074880
63866028032
273541857280
39364928
1647211136
209554522112
22024376
91994632
1002586963968
37035937792
86076817408
846861697024
2584771821568
1269200322560
264626176
20622157824
17637916672
8215289856
2098598144
12520621056
92984238080
24142610432
5716368
4588277760
3388875776
191711150080
48549412
94423864
21097768
52690120704
2243481305088
1125278464
1575455360
48666136576
1056722624
4780599296
14819280896
51235319808
102583967744
30531476
80220504
27616182
804924288
480698
1335970
4350026
1045195584
148469972992
50671496
295899904
66399680
15826314
76356224
352645760
1486022912
4112113920
2115521
55004204
3423712000
255728
1380523
13941400576
657409856
2892448768
15091134464
41992503296
127432605696
59170784
120846392
364854368
447445632
25967324
82627088
437309952
296139424
35762
72619848
1595116800
2383587
2491351
64008208
2927127
2698276
29339902
114740480
328200608
51005
11643395
196007520
86762
249918
3493397760
273669536
526289856
4124768256
8647237632
21627443200
2400011
22587762
58205204
146638448
1973486
25331008
98282288
264185088
103758104
5544013
5103313
100500688
178424160
1016097216
138466
830793728
1285177472
4876191744
30672122
624913152
715888128
2574226688
12525835
32028698
-3767893
53434992
215168672
10330042
28831976
1550023552
29461128
132571
20677334
965541
35479
41714155520
1731715923968
2800790536192
230546210816000
1385641472
124949602304
30838984704
60465942102016
4178351686156288
101628968960
1297126916096
50823430144000
1526011789312
3105228324864
25281154777088
46504798584832
99478237347840
22356813824
42743885824
34276689920
1190876413952
14568652
1284867968
580521088
6012473442304
142041178701824
4006343680
59237539840
455021953024
35779690496
112503914496
748178964480
2449570004992
7876776558592
394550784
77440237568
1218081193984
232170944
1812296448
16724821803008
1647416705024
3964745809920
17659626258432
38712956157952
68888901451776
12154025984
283361083392
103939932160
944093593600
15960344576
342175711232
1101282410496
802727591936
46319464
190114267136
4760054792192
463951840
3026027520
45902323712
3841910272
9083635712
43080019968
124572704768
180354383872
51627340
19380133888
695659855872
109708520
285622368
3536030531584
66065678336
334472347648
3758263631872
12185160908800
19465246867456
1349694720
17327443968
60568911872
423737655296
3191932928
34405072896
175263531008
183264182272
47585173504
5059563008
13813827584
231114096640
262811385856
567209492480
175001888
619145854976
302447656960
1625988268032
153383763968
1238996615168
2466099232768
7151293038592
518465536
30975455232
45899972608
38180962304
3585226496
2198726656
167974404096
34127912
220358048
299257440
299830247424
12783345205248
1917044992
11539453952
97482874880
2547034112
6741458944
48504676352
82018328576
497872470016
190970112
3851993856
150051127296
13689317
383622112
2420224294912
73747578880
196590829568
1246993055744
1926187450368
7168805306368
1548905856
31507156992
61258268672
134344933376
4566400000
21143838720
45861756928
161480425472
3268205
4217427712
-4231636992
84361920
180658720
919021952
21487678
63157648
570896256
566970944
2521537280
996139
140470832
6625700864
2559413
7852062
140957384704
2290976256
4171225600
42978914304
141789495296
485791334400
219207360
339944640
709224448
2239699712
85848992
465508032
2081867520
2741376256
1685817088
63038128
117033984
1127655168
2270692864
6148553728
2558060
22252931072
28985180160
62349516800
2005882496
16085025792
107174486016
162409250816
107785632
209500368
1006644352
848018112
9410860
635723136
240281
751672
4177191680
74819152
401858752
2128759680
9419370496
36063309824
7507809
36239012
40786128
351845824
11994634
50132020
106672520
390750048
444502944
4691392
46898432
387553696
1118564224
1620445440
627141
2500764160
2325316096
11413843968
339872608
1529907200
5738210304
31313733632
21512526
76785888
173112144
144722496
84355480
142156224
394699424
7750215
66806664
344829120
937485952
428440768
2874827008
3517598720
1403453184
25833548
13813034
1095564928
43235708
680953
1066598268928
2665444540416
43504348692480
17287585792
12083388416
145605033984
122772143472640
7847160800346112
62100602880
4798575280128
112201406873600
1047581949952
10841989578752
59352627019776
53964359860224
260205191364608
36195467264
2073756041216
165154125774848
46100738048
168899084288
1030325073346560
44279498014720
236994248572928
1214184301789184
397320881438720
1893597125279744
852276281344
21908575748096
17805755809792
41028170022912
1164560039936
16172581912576
85379076063232
17967515435008
395181856
802645344256
183716890542080
15460879360
34456240128
766213292032
28794181632
33955739648
471962419200
1171198967808
1474781249536
795198464
161322270720
4484007198720
1147626368
3452791296
92754155667456
2386705252352
3294210818048
67460573167616
112034247081984
274643529236480
66416300032
244065271808
288305938432
2556622798848
50341892096
698760953856
1756661284864
1402392412160
1147551350784
32837871616
141612777472
214009511936
1482597990400
5017003622400
614589184
4241865310208
13291976916992
69846888873984
2622202052608
15471059402752
60797711548416
93782456401920
124469035008
185018580992
428453888000
308018577408
11246868480
613600460800
57062260
187897360
3056625778688
69834964992
421513330688
1713915822080
4476659826688
16162798698496
1818866560
23199459328
42209415168
99009642496
4061972992
50952577024
150332194816
69035556864
247135928320
11013019648
47119523840
336396615680
427701436416
1168870735872
181761040
508740763648
3048093777920
10949276729344
508380315648
3948588826624
7654337413120
18359462658048
30357704704
121748209664
107383422976
27163017216
59673698304
139718361088
369548722176
5913444864
102688456704
348140863488
577819443200
221452582912
875296980992
995494920192
1386922901504
19935741952
115134512
171399544832
9983472173056
2608989952
4192376320
90149142528
2848027136
2663749120
23247869952
56957734912
141951025152
78564752
12098717696
472895848448
173013984
416989088
2673541906432
87070482432
408081793024
3974557335552
2697486401536
46467687383040
3298661632
23983529984
59193573376
343697719296
5692587520
37092139008
67475079168
58489376768
260460544000
6188526592
25654188032
68557381632
220689907712
952038588416
112455864
277752512512
1430277062656
4318465884160
110629724160
1091664084992
3094971940864
6115834724352
10546438144
25983852544
53271232512
66090127360
171193520
14476328960
577261
6509768
27657457664
2503795200
2357693952
63636008960
30910457856
250407190528
63809760
361632640
247758752
1277817216
84530584
161322544
1233834496
3580746240
1304370560
73141384
148155984
1963957120
7343961088
19290437632
2602311
37361467392
12009350144
84687716352
9799900160
11316941824
69638455296
304450240512
356093312
389785792
899064320
1039974272
256947776
915268224
2206190592
63698008
771831040
2681655296
3502346496
13911362560
26498928640
67000291328
62977490944
355091456
201344704
10385840
27051722
128447024
298771872
1157029376
411135
2526772736
1884342656
8355863552
97048352
1865498368
3894017536
5033140224
19157846
81301944
81009160
114255984
194255472
289065312
749688640
24651788
134923056
-47690192
932189568
1068540032
6133481984
11351617536
3683339008
106047168
22080318
159574416
219651200
91007272
1429574656
82711328
5555887276032
97668800512
1966645313536
17209743360
1984202670080
4893616128
182568517632
18903302144
172691980288
5581794816
694352609280
7491197440
20680187904
39109423104
50186063872
14166012198912
196547313664
858845675520
83339329536
673461184
11729337344
60813008896
286973984768
860282224640
8058427904
9040616448
240030236672
5067374592
130225971200
3506546176
24929812480
191574592
25209085952
76646376
5895312896
145736208
286947648
262637936
2047108736
203160403968
7419570688
21612326912
1693286144
13461413
116165168
1046507520
823730688
2688532480
155399056
997408960
11574564
289948768
10253394
35123544
39187056
501272032
31961903104
640066752
3732655872
451318944
4352528
19555064
294907680
219756064
860913920
24383458
7987400
654384064
16375659
47597972
4320857088
-8681942
494429056
5513833984
-1075238400
22353674240
475954592
44680912
204138656
259109648
267780
57405792
325426784
159372080
18183010385920
566157220249600
4934746505216
17379803267072
7560903524352
20332536659968
202307010560
22948740071424
85165015040
12232948711424
197838897152
445909893120
412897804288
4312594382848
358293922906112
3847162167296
17944398528512
2708539965440
36768935936
154815774720
958130225152
2083773349888
12065971372032
92284657664
619360878592
13084894208
478707351552
15688770560
38629736448
82434195456
788409090048
42417034100736
586178494464
3487690653696
86105014272
10100066304
161229312
144107814912
632369381376
2443725504512
28163614720
18642950144
319357583360
26710767616
35516841984
6131210518528
300029542400
720950984704
4300917702656
8307841957888
47089459396608
1107564298240
48461529088
76212617216
453185077248
10497873920
56588443648
295106445312
330721755136
15393771520
1771017207808
10855233536
679405879296
22672093184
46042517504
18528677888
205659701248
27196181708800
91209908224
1017537232896
80566206464
3800557312
2855656192
68271931392
219322105856
1045108621312
16767279104
5191688704
28848512
4452608512
104815288
630561344
603238272
9966888960
274780094464
18105161728
68071206912
7801544704
82461936
202617472
1181493120
7010134016
33528143872
776707136
230462976
5279340544
128822432
799348800
193108000768
4766984192
7720137216
74762584064
21313523712
671425953792
12674953216
521049920
1618400512
4744704512
97406992
597399680
652880896
8550649856
78648000
497226720
32819619840
514684640
2822562816
470744288
3910305
28560184
39011504
174870752
979141824
20023430
71314208
3595688960
59542404
135128224
36781752320
753444288
2913666816
7896881152
21905768448
135167811584
2450335744
168954368
170554224
1783255552
21153304
169707872
224672896
1872807552
333254208
18735250
49889612
430617888
812546176
1697372928
87499528
2832272896
5279048192
35754848256
579466368
1624433152
6851721216
60446699520
42145900
190809952
316406176
251792352
25046231810048
425453185662976
970800103424
353680993812480
12225519550464
22192993599488
258809184256
41301898690560
211240452096
2814381916160
126003929088
313759531008
181757378560
1793523712000
414483738525696
9865780002816
16338679496704
2619754414080
40596783104
183871799296
1008067936256
849447550976
5794910175232
197910495232
1162375069696
5215642112
482944057344
5856323072
32718028800
60650315776
740854661120
69372915744768
688127344640
-964072243200
650220339200
11313572864
1271984640
210258968576
345766428672
4072119468032
17978892288
24801945600
947738771456
24555982848
100254056448
9366621126656
301848756224
336760471552
4494916583424
5371883159552
31592628092928
395771609088
20879884288
114982158336
570771701760
6651366400
61779144704
323533012992
430586232832
16283127808
2901463269376
12599588864
978686771200
17860040704
22930151424
28301879296
182568796160
23137339047936
138299834368
1234797985792
277700313088
5786685440
5283567616
91921219584
395132174336
861737254912
12871512064
40491700224
160011136
1035368960
211689872
535947904
522505248
20391495680
490276192256
18294693888
45119725568
5126406144
136066784
448360384
1494528000
7198983680
33848350720
826410368
160474512
15398326272
386465120
879466944
269687898112
3512771840
9297243136
121406693376
423809187840
1197917732864
18584901632
727881344
2805904128
3586333696
107942088
813446336
2117043456
3840311296
87190696
756126720
16154701824
444778656
2211409152
428255072
8060747
36576904
156473728
264879648
-259872640
33384548
73297512
2416212224
11750732
382969024
23353044992
926895232
-112525024
16279291904
12519040000
69552717824
1084070272
156295680
514491200
1503777664
22263150
154395584
764673920
1606575488
1456452096
11652875
47765720
734014272
1268039936
3334104576
80273160
3921215232
11621786624
29115142144
62895852
3844601856
5634735104
27929374720
75455944
204627904
344842048
231800720
18959145369600
1534053870206976
11978449879040
850912276905984
20121693192192
43146088022016
14632729182208
436392131821568
28899157750054912
440809539239936
799615402115072
379388721889280
9940318027776
15495288848384
202296700960768
485438208868352
958992109010944
19700442464256
41068452118528
157176397824
19008157908992
350746050560
200348401664
226640838656
29717545615360
718824651358208
13809679859712
99106882060288
14242252062720
130780209152
358932348928
8645717262336
8481508163584
35376336994304
738748727296
422889848832
17092063526912
472997953536
1599308169216
310793597878272
6557272113152
7347330088960
118495715000320
347032317329408
1150831789342720
10529825357824
1034294919168
1398218948608
12801824260096
125380124672
997070536704
3229709500416
5617325965312
63534456832
807448936448
32924690808832
1696618643456
4404422901760
255412830208
16085045248
2413885440
53166583808
866655404032
3218272157696
64656736256
53944492032
4804618747904
94311014400
256814792704
35199488360448
1017146245120
1930959781888
29518651719680
55869844750336
7297784872960
2158086193152
274437816320
458860756992
552782659584
60635897856
238740570112
763909177344
712668872704
759307501568
16195948544
80177168384
-21524654080
666494304256
7734634741760
109312073728
2944869597184
12337030365184
58314515808256
230992429056
2208791265280
18091207557120
86927126560768
66793119744
267374526464
332227411968
337771790336
1330737840128
15853845504
700806856704
32129775616
36107923456
142288355328
886164619264
13127036960768
1421954514944
4898099298304
323039002624
28419022848
42189299712
417138376704
982641934336
3061758558208
52956954624
27920216064
1605051351040
39994236928
161736638464
8375653367808
384018546688
1054027415552
9246310662144
22145732182016
69871077425152
1703147077632
67669540864
117626765312
706268495872
10218699776
116505198592
537558777856
1229026885632
1087825536
20567898112
691403423744
25241575424
109659865088
6961593344
145999856
298449120
2285824512
8938520576
29619968000
1067216192
745544960
88548155392
719254592
2755104768
1163872436224
29386555392
45549699072
388061528064
1335691182080
2664448917504
43639930880
1494382080
5881934336
19418427392
314179456
3390988544
8456199680
20312164352
15769005056
-36806720
873554048
6997070336
12271288320
42329137152
2229213952
91145322496
255188418560
350393466880
16600270848
45295116288
87396564992
1515188781056
1190678912
3359321856
9244387328
4573006336
78069536
4485877248
75241240
302843936
33172357120
1020966272
2408456704
9824090112
9346507776
176235020288
4525972480
104301232
318891456
1828748032
11278789
165047264
517726976
1862115456
2293132544
38996672
60603320
1186201472
1338122880
7818719232
30868692
14217518080
24506322944
35851845632
2743470336
-587825152
18183243776
107993579520
139120432
358511136
416786784
640216768
549403648
1606970880
1500935296
-1449033
599642112
1804659456
7170054656
4661070336
15966129152
13919162368
22890311680
23534738
786446898167808
16450827845632
786868073398272
30206144282624
55584325894144
6336525893632
406503152418816
30599324849143808
850270649057280
3722791215955968
683651620667392
14028209389568
1053171908608
552870403375104
282986805198848
2631070658854912
59852365758464
18245666996224
1616361549725696
8663932076032
80521308667904
6321163215044608
197546584571904
782275679617024
-35751173554176
5724766203805696
13811286605299712
1182707023347712
97768974581760
161147256832000
561132242731008
8191474139136
87131397554176
140138264920064
968504656265216
817843929088
10824892547072
776131192029184
-4116097531904
49116927229952
4477737238528
157873045504
254086807552
3509164441600
9850674216960
20086215671808
555350360064
451859841024
30275901849600
1313364246528
3494591856640
120742519767040
4711027048448
56702590255104
559249000235008
455058026135552
1516223850348544
31516352577536
2702732427264
1688690229248
36673064796160
434517213184
651696734208
10984975499264
31156932182016
11320162254848
183098015744
847319203840
2930932973568
12464687153152
40300022071296
1136492544000
36808981217280
140679976058880
321667716874240
17861900763136
61268278902784
315965678026752
514672977510400
525569064960
798487740416
5823435112448
2053017042944
22954702848
2369634697216
75958894592
357879119872
19380198965248
624381132800
2258424037376
20499774046208
25040464642048
25299471302656
2824272084992
138414211072
253474291712
240518447104
16049553408
129460994048
205497466880
1016176181248
634632929280
42137694208
70537789440
2168719147008
2239140986880
4436948156416
221654401024
13022249615360
19016598945792
111585506885632
2984990998528
8051766067200
56534637740032
55158939582464
47211585536
352148226048
276388446208
341049278464
180857798656
705004503040
1030533545984
584557056
314457915392
1500262170624
1516228837376
4696246845440
5876790329344
19235176710144
12375178608640
129349722112
33736955904
1094402768896
27800763367424
483755819008
1587983941632
151660085248
3266291200
25913059328
182755966976
481721876480
1857984790528
27749564416
48245022720
4494003273728
59099783168
277683208192
16219946090496
508644196352
2182135676928
21294760329216
58095304704000
67372354371584
2729086287872
8658350080
744081063936
1495682646016
11460569088
257932476416
429527498752
1232349298688
500683177984
8565071360
67905277952
794100236288
1310195318784
2992843522048
172978733056
3315862339584
5917298393088
19285560786944
343789273088
5504064552960
12632348164096
49765865750528
18283003904
139909398528
681288597504
158957912064
976347840
15467820032
842835456
1860350208
322412019712
12664759296
25342656512
248480727040
509371613184
3448064966656
33823469568
765411200
4823665664
19968116736
109294752
2217146880
6757590528
15491330048
15507551232
337675712
898387712
12970862592
17720946688
112992264192
1493812352
74403913728
538793771008
1542016729088
45083041792
202257399808
463238922240
1487348432896
1996242304
6795735040
6532118016
13529945088
5289209856
6640467968
16615435264
362539008
2368778752
11395257344
3405911552
38828548096
182974283776
62544281600
259452649472
874137664
1772828672
51988696
66733324
322863168
1378539264
7051227136
-23579498
2963296256
20246511616
55139401728
1199042944
5218450944
24491694080
71842611200
92149856
181722784
1628678016
588943744
1144979584
1599695872
1119961984
108023120
383635136
1671410176
14835496960
9272853504
24272715776
31962419200
23433631744
348155968
280030176
393629472
1733220480
1427988992
5106510848
15983932416
183474454528
879845834752
45737777823744
8954799104
23445458944
104365048
22354092032
40570888192
1107545423872
93025776
658681408
219453312
453816483840
11874755149824
1182080768
11866531840
169509715968
11277759488
26842624000
113451827200
623305031680
663544070144
96499264
802230464
372380128
54934310912
7721910
19618652
48469120
92372467712
6126332542976
310189632
2891987456
66766168064
798495232
656270976
56821841920
78853079040
215818911744
21032964
3140745728
62125948928
20114864
28788286
522048798720
28056320000
129803829248
741497700352
1620290174976
2531205316608
54039648
10685776896
38240215040
53833961472
1470472832
21239093248
66255323136
128361766912
23387336
3862714880
2922504448
129199931392
9104587
120805848
82777704
22330171392
1438980112384
892169600
6164856832
26738196480
305940960
1799516544
20450134016
24203997184
105195700224
31649548
56827272
25938208
1004733440
256717
1986176
3713983
779679424
116738695168
27943310
174261072
497735424
14912289
66746652
294888736
748038272
1503254528
942030
33437898
2553770240
984923
2486292
37519409152
651017984
1962976000
14707642368
22776457216
86768566272
18659582
132404736
248824368
683451712
8168012
168421024
171009040
908856384
60587
43860080
6352762880
827887
3138799
34894968
1579484
-325778
33484572
104896696
413361152
71423
11075406
441019648
166895
363624
142509824
66391148
150086208
1464697344
4699188736
16073364480
4411431
24615372
58798844
171932512
6885803
27188012
45059788
236585376
88861360
2418160
8036687
183411184
112209952
502666176
97750
553206208
817517568
3760744448
13563307
1166485120
1427789056
413928320
3606326
19654620
38150224
12636588
127437128
12672187
5296882
519754944
13328755
59484
21304124
276510
34999
25710129152
1339595423744
3491820208128
70506854219776
30843885568
58745909248
25824184320
25592053366784
2401671892172800
279796842496
1616760012800
27772873342976
829718396928
1793049886720
27036477292544
42446234845184
93222047055872
16567729152
10045952000
38455603200
747240685568
135696768
668283776
824499904
2890434347008
72348195618816
48501624832
40119615488
1008050896896
22625218560
64190955520
474385022976
826550648832
2632343093248
329094016
17130298368
703565004800
285752768
1122087936
26192719642624
275989692416
2689600061440
19926834216960
19185058971648
112493833748480
12725967872
99352739840
213879209984
596859289600
6584550400
170513203200
487639416832
538384924672
96294960
202176135168
1069592870912
1132776832
2781376768
70219481088
3426680320
6070701056
4321565184
100018749440
302706196480
16972904
14993283072
488718467072
20555510
114818464
5161933602816
147876511744
310534635520
938460577792
6062872723456
12218311639040
3510164480
41915674624
34226667520
160410746880
10313880576
48439701504
215077388288
129243308032
185038290944
1170710656
26550697984
123559428096
210917081088
449867776000
54153472
390674415616
2142378524672
5267985530880
81403527168
950308241408
2845349773312
2467117137920
2847692800
19339464704
448979776
64655179776
5010336256
2524557824
159104237568
23696302
73118048
253529168
76576899072
4133498388480
1614074880
2573273600
125882736640
2302704384
76159488
53535186944
57134370816
298033086464
73713744
7561281024
318933794816
15065525
91872176
750019149824
15731556352
136507146240
515735977984
1687735894016
8013944455168
-211719728
14543142912
24056061952
76533424128
1746280960
6475402752
111977242624
92685918208
3227598
3729556224
137007480832
58161140
89233312
568943872
26745382
138230240
258244352
534097792
1633481984
1441291
101954368
1716964352
2317651
4457825
96429768704
2368494592
6905686528
33446563840
230872186880
149770436608
123033816
425125824
695696128
2833075200
89911152
712226880
2696704512
4814508544
1670045440
32344180
158912688
1172587648
2678894848
4653977088
1639367
17484324864
19527421952
75076567040
2318071040
14286650368
55029145600
65232080896
65455120
213478240
289287968
334728352
15629122
446976000
173855
567705
3459304704
190578896
813015488
2391738624
5495313408
9772521472
6988011
25568368
62152256
120840344
3524055
70804360
87240656
102268328
114528296
7184011
16802338
303799584
392158368
3001865984
1161922
2780130560
3787651584
10526012416
182021936
2327593984
1636225920
5762156544
40195320
21088822
92720816
59428864
115698720
87959464
145585456
12403340
85165776
310788576
562585920
94709352
916319488
3296273152
1902691584
5757061
18896860
933830080
40564864
459633
33117227008
1941281439744
2540924567552
190098540855296
37605482496
147573129216
19871473664
81552964845568
2810842420609024
394119053312
1586739937280
34882273148928
1233343217664
2823810973696
13399627923456
53799607599104
203617453735936
37116555264
24770107392
22525833216
1726180753408
189416064
1199691904
2116257792
5102642397184
210036349468672
12181804032
66796101632
1487058239488
21980973056
51358998528
927654477824
1219489038336
3476506017792
1195783680
50574684160
3048229306368
292729280
116983160
55651388620800
1040509108224
2139021377536
19051071930368
60684700221440
145983371476992
25894918144
178661163008
561679433728
1166060552192
33148008448
282862682112
848089776128
480708526080
59236076
76829761536
4659162382336
867168960
3886656000
80106594304
3016017152
4343050240
32528945152
63687704576
127831670784
66717052
11607949312
298414899200
42171224
239127184
6293013135360
131429130240
428825706496
2807630659584
12276629241856
11088828563456
4348869120
56668102656
46637551616
260588699648
8192574976
16213293056
47435902976
163511107584
116800266240
3735875840
21757925376
163019030528
201336176640
232822571008
140388016
596047364096
2181839978496
482752561152
249527173120
1158537674752
2106488520704
5541223989248
14719926272
41099464704
42954440704
12624125952
3225689088
4836544512
80422617088
13370466
113403696
265885088
134605774848
11737720946688
2535278336
7595206656
11593980928
2712485120
4095140096
52073635840
138831822848
199483703296
87527584
5937732608
85931974656
44842056
383988352
515562602496
41761140736
88257839104
2119801634816
4893806428160
4292848123904
2220353024
12217013248
22171729920
-30065643520
4612714496
16362145792
37607374848
67601272832
892702
2858774784
94680227840
41312416
176828512
438967136
17030270
94436616
933748480
1665411328
1756491648
765555
90607584
7905847296
864645
13580445
94465048576
5641190912
11902600192
33174784000
131065044992
765641293824
119571496
385920640
306112320
3321810432
137166624
867458944
1038139520
4696626176
1407344640
65818832
177265664
1068684160
1823550848
9944903680
870361
22041712640
29179664384
57683927040
1641979392
15284068352
2789005824
24945545216
149416096
221489296
778792704
862514560
19323470
188748032
208999
330910
5861085184
209407600
639333632
3154433536
11602274304
12517384192
2208513
22287960
57772152
131606552
3277010
47029312
138204736
151566400
456087872
14833423
33158554
327947424
444169984
2078515200
155578
1287667456
4538136064
9093834752
218018400
2156014592
5018874880
25551757312
24308214
54220376
146322752
59309084
61796456
122856768
238676768
6821174
89237152
285621312
731897344
438291232
2589474048
1599476224
3397122304
28210786
18828466
492862112
79769512
643891
401977933824
2009686867968
163139769335808
26211489792
71213957120
96961552384
82138833616896
9155728887513088
1578894622720
4016784015360
118654662344704
3154406277120
3525405310976
76383594217472
195235321741312
658156225036288
83116630016
7392865550336
323907441655808
23385186304
181577596928
815651669147648
69222172459008
246284497715200
2720960029392896
3510525610688512
12483681075593216
480610058240
16874743005184
10791727136768
116919403282432
3990172729344
26171018313728
133129146728448
127764346699776
1741175424
3767289774080
313236696072192
5484506112
60552814592
1533931945984
57239543808
123191894016
1159473135616
1932264865792
1718917136384
518063040
395543445504
17399336140800
729291264
724105344
58208655769600
5810785091584
19798308159488
80483484434432
204821923627008
1402377689104384
85607841792
414544789504
1202186223616
5041213145088
42536075264
1187234578432
3336012038144
5889495400448
910967701504
42579476480
319872270336
393838198784
1772743032832
6850400485376
1375298304
20010110025728
11652919459840
225207818125312
2934311747584
47305147285504
97569837416448
350061611450368
211862978560
286904156160
1043607715840
1363494567936
9236076544
759982587904
123096032
144580032
8391055376384
346701627392
442719862784
5125198315520
512055083008
38928862150656
1745180672
43985637376
60706676736
83462766592
7736003072
47594250240
94744002560
464626024448
369837342720
17724870656
44550356992
698936131584
448302743552
1301651914752
252687984
4736534708224
3762290688000
19056144941056
502983720960
3201031733248
9264842145792
30687583272960
44656926720
152378310656
115778641920
106893434880
55421353984
58895880192
682084270080
16062154752
156549120000
320398360576
351114231808
757681422336
3197369843712
4937713975296
2780503474176
97650147328
419896256
356178460672
18418734465024
1925143040
3194133760
133021220864
1957670656
4447613952
26859122688
151233560576
692459077632
167204320
40558157824
673196474368
242651904
750804736
6261866233856
208180461568
1104923066368
6757729959936
21724286418944
24598898802688
5977561088
28399491072
133652275200
232522973184
7445587968
55304978432
109420855296
220252209152
112562585600
6921540096
8935218176
22438875136
152434409472
950315581440
217438272
89865027584
2001573773312
3459074228224
129972215808
1638156599296
5247759024128
6929865244672
18607992832
81199005696
132863361024
57107214336
291997312
6533401600
2731758
8101832
61276790784
4203231488
22027552768
88858025984
247861248000
140824166400
316741120
906269888
840328128
2474406144
147780880
840113408
1624931072
5360670720
5893621248
256583392
255712288
4398177792
7575067136
36299776000
20858576
129305026560
73497804800
462976778240
12772892672
34137008128
56437903360
540005466112
495826080
2250193408
2708910080
3776109312
1120982400
938878464
6772166144
143956832
706518528
4938691072
6880123392
14555564032
39624507392
76615254016
40313176064
505638144
377646912
9157702
27655002
148494912
449612224
543403648
-15781
3490955008
2508167168
15102938112
282476160
2347163904
12275115008
24667049984
10855746
178605120
199557888
154050464
294483840
241462432
1172533504
13475281
260403200
1145289728
1163857920
1986409344
10402862080
19930050560
7581945856
76106672
72492032
152572336
404298272
336394368
2322984960
107924032
43563606016
181701795905536
3741269775876096
704089423872
3544881299456
111457538670592
1024415498240
9941469364224
-1543948468224
55277357367296
612276377747456
11158256640
12343220109312
361469547905024
110593294336
644936499200
2643269708152832
58755207135232
918749943169024
2978270177918976
5578958506557440
32233089606352896
3170058371072
45391160541184
60075242684416
204764713320448
7237687312384
56333269204992
45747995148288
271370646716416
207505841979392
6377323364352
21979228798976
235259115339776
270535409795072
290821261754368
45515612160
454533268373504
628193727873024
3906121626550272
48209103683584
630929219387392
5813503449366528
3000229540397056
7991761829888
20594796003328
77215995789312
52748745703424
79197806592
3693909901312
418230976
2622592768
72402411192320
2425068978176
3161069977600
110307955441664
36847321350144
210082956574720
47114682368
481485127680
285030285312
513362296832
72298463232
422075138048
1361344069632
3663393980416
2585420365824
141652852736
726482419712
4706009612288
2967473487872
12960259899392
2446851840
44296958902272
131275557961728
5379983409152
13657394118656
88050210177024
154668667764736
661649576951808
424922054656
1117928554496
2866526814208
998720077824
384446889984
365554892800
1962678026240
107817213952
597178646528
2198017802240
1325154828288
8673898790912
31746728919040
78925417938944
76248470519808
173200834560
249466667008
11239689216
9052833792
157390503936
433634607104
1732565270528
71672680
1132325371904
3052292014080
15816746598400
239841001472
1326524268544
2775181950976
13048678973440
42848960512
100025655296
108948488192
56635510784
88953511936
398803763200
981232386048
40137322496
144275996672
211498008576
978185748480
2213541838848
10967245127680
8404748730368
8368609558528
49682169856
30161307648
232006385664
535346216960
39876005888
1609305817088
20147378176
460464291840
204462480
308458240
4941003358208
121505718272
355761160192
3124318437376
4182003154944
12733299818496
8334852096
39781822464
59957944320
218815774720
2494542080
51506036736
144472211456
418925871104
168162426880
13109243904
22732120064
330217127936
474189430784
1415993753600
695772416
2540866109440
4922392182784
10252501123072
388824334336
3978258808832
11417440747520
31004328722432
24607744000
140482871296
204908412928
205656670208
147916832768
45848662016
541725163520
4869755392
80632528896
753386913792
514897215488
1234500976640
2306950823936
3171299360768
2101158871040
53104545792
3247982592
144458416
267206784
1118633984
7185984512
10765250560
3834314
41429450752
54966161408
36951134208
4989663744
26740797440
213180612608
237850329088
257840048
373373088
1136002816
261781632
2989354752
2047662848
24913172480
575229888
2337956352
6740839424
15983512576
26733469696
56768204800
288387629056
241282695168
1380576512
358196416
1049145600
3138616832
553832384
24080508928
193118352
289648000
885036672
13481256
121442136
706422656
632850816
683325312
6009145344
11160164352
4586749952
100615184
169037888
274156480
469413280
289276608
6739604992
45968788
50378787782656
377549704134656
2655324995584
300794679132160
3247406579712
37570398388224
93231325184
19666565070848
121947160576
3987772538880
141668401152
622647508992
658648596480
2716646244352
242594986590208
3186416156672
18650773848064
2009261932544
32976361472
72380858368
537593741312
1625067356160
4126492590080
176692297728
469382070272
7033276928
459768659968
12463678464
18495690752
79385706496
961897889792
18687419482112
776136163328
2130305351680
279442391040
3445837312
23621496832
250442760192
404876296192
1062117507072
31074766848
18249859072
823229808640
29243131904
68366131200
8531420381184
247147003904
261153816576
2172914237440
7450339049472
43040005685248
451000664064
43160494080
169057517568
391870218240
11264710656
134146211840
536457641984
665870336000
12188778496
683784208384
7923431424
269251641344
15969874944
34147735552
45169360896
419493642240
13121936687104
309116436480
579972431872
113146150912
3150133760
26994237440
44334891008
197904646144
790263824384
9244063744
17964275712
186167328
4116843776
109596888
477721728
801194560
13033033728
592675209216
27949740032
72769863680
1695799296
93176800
273913952
3150582528
5196476416
14891214848
669496704
150470688
10632046592
228630336
588334080
81753276416
4559427072
4428294144
136980013056
143004598272
903330922496
8154138624
664065152
1037294464
2990719744
119369976
821047808
3268340736
4432738304
109744464
744329600
37497819136
900446080
2392063232
316729472
6558084
19652322
295999520
566175680
1212877440
31984820
44560264
3561646080
37190856
430331104
23552536576
216042096
1402581632
10799771648
12407856128
59167731712
849046208
66310876
139383520
2047614336
-3520882
18836074
617623488
727011584
891673216
9847172
48380744
244129840
688221056
982565376
38727996
1665746944
3991840768
15656269824
569066048
4294605824
8671278080
17211766784
20162174
154569056
177885536
70177728
13570116943872
2396150711713792
11002605207552
927353165316096
11816086274048
124822721921024
66566389497856
267518983798784
6561935323561984
379044654743552
1372182055747584
200484677746688
3106880094208
8996646813696
91635585122304
141549304283136
822214312067072
19945708584960
24524806422528
101588393984
6955588386816
261393121280
369612947456
723430932480
18033535877120
1013564097691648
33463793090560
29864704868352
4086271574016
108740149248
341081751552
2601574203392
11825207836672
30604942901248
231357366272
47999270912
6424752553984
399225061376
1099566284800
102168161943552
5697538359296
20920940888064
149852717580288
318521384894464
1525421791248384
8262155501568
661733113856
623521693696
7832791941120
102098608128
861074948096
2774228533248
8107462754304
61538172928
600993693696
16866029338624
1357615464448
2559177129984
764403777536
10288855040
33266792448
145501978624
396614795264
1541571215360
37201215488
27911114752
5680749608960
53285830656
104737497088
22274910453760
769612316672
3953626447872
14310105415680
50702944567296
159917335904256
333660028928
194130657280
105221103616
357168021504
35958562816
284183625728
1134638399488
2520911183872
941919043584
26267060224
71698685952
617017901056
1004385206272
3814437158912
41562030080
1084788310016
6814965956608
3363985162240
870905020416
1815036428288
12653663617024
27545569329152
48582574080
225107673088
323851059200
124099985408
2118370066432
15554768896
791617339392
21649782784
42211569664
74998153216
1134800273408
76490079207424
643022061568
6095717269504
447677071360
6632946176
24173326336
245337079808
504297914368
2785490501632
81726898176
21314516992
1185485553664
27970592768
118917021696
7272230027264
220547153920
809414754304
4613991301120
16330754359296
11115578785792
1077046214656
17968312320
205444644864
416355024896
9489382400
37077921792
231775633408
127070117888
1307273728
4826968576
141350109184
9330152448
69102649344
4598418432
50779876
566213184
1886940928
4329006080
24091584512
223409952
330857920
54221135872
1706220800
4570610176
521460449280
5690353152
44977913856
91949350912
567108108288
1522753077248
68202061824
3084381696
5212466176
13157265408
290824544
984163776
6276742144
12480621568
12079961088
164765184
439630624
1121952512
7479531520
29684324352
1085892224
61946163200
235268603904
285494804480
8059104256
30612215808
327312736256
881130209280
549530432
2271334912
5696011264
1026176896
-13491045
1076829696
92292400
180860288
25429870592
326116960
1809848064
10718396416
18278615040
89271377920
2141719424
169538336
68204664
528231040
35682208
169326048
950429568
1851868800
1461193216
38029608
190026096
528102496
4707508736
7805413888
146859520
17791553536
29073131520
62648664064
3431398656
6633399808
30354411520
66313908224
91198800
314402688
2039135360
623441344
-71002168
584700032
1071835776
59975700
471304352
610411456
1392246912
1767159552
5225437184
13233139712
7725280768
139820864
17727804669952
2258411915837440
12195819683840
1220043710922752
31083903057920
50673257283584
34233248645120
303867828895744
9852036501733376
784832258899968
1600354475048960
299539709820928
3900573483008
16120365973504
152749136150528
495715058974720
448390726942720
25190943686656
34990320517120
111520751616
3789584072704
142584528896
543092834304
1183260344320
31147832639488
739971661037568
18809456951296
131220377698304
6008431706112
204514279424
974906064896
4209192992768
6476619841536
54365922525184
830850990080
335365865472
8274294341632
286481121280
1194916315136
309799648493568
8333722386432
23276881444864
114639413182464
150848176914432
727642890305536
20760829624320
490007625728
2393328320512
8537018728448
208903897088
1066432135168
2122162503680
4479635161088
67589677056
487626571776
45975162847232
803581657088
2188496994304
644022403072
11331254272
40150351872
207680733184
348781346816
2778442760192
47260672000
70830456832
3408636411904
27018647552
306485886976
12979315671040
776560902144
4200036040704
8179665076224
44962381037568
93165482672128
4041575759872
352609959936
440538529792
867004514304
51648536576
160685555712
669722607616
1007645097984
105010216960
23597215744
78600740864
731659108352
1606056673280
9329096785920
27509219328
3835898101760
10799030468608
12615434633216
651241193472
4446314561536
11386494124032
15049762537472
63394611200
317956620288
246150545408
481521860608
1771110793216
21968678912
1049555173376
13621453824
23914405888
37787680768
848497606656
23995160199168
2477280460800
7488057376768
369770004480
17227612160
78347878400
208008675328
746234380288
2315054481408
63545278464
21314058240
1527472848896
8441935360
160656162816
1786953334784
421186961408
1273595297792
9180157050880
27564810698752
-941864517632
1058150088704
104626331648
157226041344
377621053440
17936859136
99634372608
550322176
860250832896
971044416
14162779136
295824916480
11845178368
44375556096
6230458368
96473120
486331648
3427959296
8288664064
8728946688
258831792
663621568
58472259584
738279936
2317340672
409242370048
16882450432
44736315392
325524717568
1220379934720
2812676145152
101538897920
2992805376
6313988608
10340166656
515179104
3298298624
6652275200
34662391808
6934630400
130391784
870522880
2517638656
18198581248
55386112000
842498304
76061786112
243756711936
365196902400
11637401600
178978766848
424417230848
379264401408
1307686272
1679338752
4865617408
4416692224
47465248
3273817600
2301446
193524128
10341024768
926919360
1210853376
9790961664
25690079232
5010311168
1700555648
156932736
514647840
1286759168
13843847
151339664
428481536
950772032
3064293632
55675240
119711448
481347360
2052616704
9610869760
196176240
92226560
25445165056
39586238464
1761277568
10430168064
17103756288
157939744768
171352352
872058560
1345488128
625388352
243628160
375819904
2239741952
62318528
687385472
1757354752
1097864576
4640883200
8354386944
24306706432
10264892416
204047392
1623036734210048
5968637198336
1236913268719616
29272506892288
72731966046208
183752458240000
1253033086287872
8163169461600256
3569484237373440
7575304939765760
759589461032960
20874600120320
4911721873408
296810325213184
1286708985331712
1482549293481984
106097989910528
24651229036544
390141742940160
28896852443136
311533640876032
11973389568704512
440057282428928
1206025474539520
7254627649060864
15316505138823168
59106171696447488
787693109772288
148712504426496
251600593485824
876586517659648
23076989304832
261427646431232
274552647057408
550281980936192
853007269888
30257381900288
1125219422961664
38628575150080
27982215249920
7193002246144
164528832512
413963157504
2626796650496
10057065431040
37606507151360
1101958742016
321301118976
75860983939072
941996376064
5029438160896
447175184089088
21330871189504
92144295477248
1066225497014272
2707713544945664
5724436565065728
78074737590272
1886237360128
6869712633856
10732106153984
503373299712
6548321468416
18851739729920
60873108357120
18535352893440
384082083840
373563195392
11467121229824
27372875153408
54800653746176
1951585665024
109816852774912
157442696544256
336541893263360
5553734549504
90579794919424
556157227761664
887932411969536
585275932672
3415118970880
6589028761600
3282397298688
114881495040
9278190518272
76202795008
319092981760
12365877739520
1667292463104
4429177683968
25936409919488
98605604012032
218183298449408
2657243365376
275919208448
462586445824
1113304072192
14611138560
366833238016
867208658944
1635240509440
7726838054912
66627215360
327018708992
3213467844608
5579594530816
5637418254336
247551131648
11447878811648
60200694317056
110474813243392
2670090518528
17342419435520
92574513627136
132191417794560
164057612288
442416431104
1555623575552
1026494562304
91853635584
802060304384
57408487424
22227765248
477069508608
1903530868736
4198510362624
2106868105216
20201508700160
33041158242304
10657848098816
152509743104
115974160384
1409810300928
87884551946240
605480681472
4697134989312
604931424256
16966819840
45690761216
488766996480
895825412096
3797561376768
39506747392
92406218752
1734442090496
153591840768
679062601728
46064337944576
1802443816960
1441029160960
40604507570176
98430223384576
272669924655104
3720280014848
150132113408
496249733120
818271682560
63231807488
187717124096
1847758159872
6743055138816
1496237735936
38681038848
213391458304
693577187328
2718783504384
4643811753984
135808491520
8490403233792
9876048707584
59757733871616
1370491322368
935775830016
31861583642624
63717584666624
100278444032
230321799168
765050028032
466859687936
510904128
39400243200
1010241984
4264455936
752625254400
3419874304
62187020288
634727301120
839081787392
2355250331648
81964777472
1692379648
8398397952
12427428864
222036128
272217728
16117391360
32304379904
62292746240
1201251200
2316447744
37425881088
62533685248
210057019392
2326750720
355308077056
1273450856448
1590227894272
43582480384
438932668416
1686393716736
5252620222464
2337223168
4853464064
40901115904
13239327744
4134742784
7990885888
39257235456
987976640
2809867776
12233342976
44918956032
80607068160
112988823552
426058645504
213850669056
1817999488
1233723904
18293776
247221584
1443020672
5045491712
9339852800
169095280
4934283264
26662995968
70302302208
1546259328
11996504064
32980881408
77830078464
137850848
481627072
1416120832
547383360
1219486464
1193501824
6963261440
212802752
1792297216
4244704512
7779609088
9444529152
58405818368
25373595648
95559106560
373479328
248550112
1154182400
2355745536
1941652608
6255030272
61473229373440
851773082304512
46749293087817728
1623640982421504
1787442042503168
684932863098880
13947883225088
29788899115008
554034473730048
292935627177984
1603291695808512
38198826762240
59982129135616
5246915658645504
75797532508160
353506275885056
38060183405985792
1255735023370240
5060194639806464
6989368858247168
55684409906429952
117927243463786496
6092699945926656
178569271574528
531898514276352
1982912580812800
20667156135936
245568127369216
1051691461902336
2474619495776256
1066616339038208
14796616368128
81513202843648
920387063906304
847780239114240
4883667188973568
164824789024768
3786100107640832
5396630702391296
27832622881177600
603741875077120
5026494715789312
19013407902531584
44100487972126720
43974488227840
378651866562560
170548957020160
385162600775680
827553611776
34157031849984
990568906752
861282893824
291174757695488
13954810118144
56380899721216
237150142464000
295219811581952
5323383256383488
-2669482082304
2709896036352
1718380396544
-49643634688
305527685120
631161749504
10877010968576
24280305762304
36212240809984
670859460608
961555333120
20787387957248
53647345975296
39929170100224
3731038666752
231325210509312
605150087479296
570499499294720
50626591457280
149841644617728
1591501742145536
2983742234689536
1416511881216
2056161067008
9043474120704
8379645296640
841286287360
6604963971072
26935528783872
163749773312
3257284689920
11487533858816
56517877301248
82566317080576
259650939256832
530389605023744
227125839790080
2342801637376
2348845105152
17868449792
116936908800
1046085173248
712994848768
9266913083392
265616867328
13067512446976
18792675540992
111031078617088
2409978396672
8033049509888
20872450539520
46906881343488
48849399808
347962081280
274031214592
335050244096
1041840865280
786986106880
4482721120256
70942105600
1144960450560
2928461742080
15117738573824
12086616784896
21576424620032
147949157875712
23392451297280
747853250560
264820064256
1889574060032
1690904297472
433083547648
8345328549888
57749630976
-688868491264
41473490944
377418153984
14365177675776
398678818816
2316606898176
11176073232384
49612756877312
53706443718656
3063864360960
7346378752
746806312960
612407705600
59319484416
256628817920
647379222528
2185995223040
1353826304000
37120946176
-4410920448
425900507136
2347996807168
3705137528832
174766309376
7057357930496
23941980618752
25402489700352
1677076594688
13657847103488
38913649410048
90543128313856
180468449280
131401990144
1135721709568
1172725432320
303671967744
808546140160
1633318600704
107692679168
765903110144
2791403683840
2993189552128
4610269904896
19075010920448
26179178332160
18244991713280
308959150080
17569415168
619814656
2064810496
10302540800
-247053216
136217239552
1018046528
159426199552
451266117632
148021755904
15294346240
186213662720
900651417600
2731876548608
2013693056
4510598144
10269062144
2642387200
3967854336
23084724224
95046975488
1520264320
7580919296
50363588608
25797459968
69396398080
992775176192
156183707648
592653910016
6283507200
2501128704
11725763584
30535362560
9527258112
94340915200
346789760
3026822400
5030998528
141830720
853690688
2923976704
7832999936
9226756096
9076131840
32692097024
12877056000
347350976
996045056
1684336384
1282721920
4050803712
15706011648
583727168
14433967104
-236593381376
2847647465472
126601912123392
15469804544
14143242240
43762868224
49011121717248
2305770372726784
289850851328
800272809984
47543484416000
1433673531392
3956240285696
18175127191552
30705522311168
115743823757312
20486172672
13433033728
25575819264
1505452097536
119108056
-17399512
264688880
2610937724928
161674715725824
9832817664
68289945600
676699897856
13345911808
85986426880
369303289856
1589737553920
3323806089216
420425920
10473539584
2862542487552
528595296
870140864
15551785074688
993595490304
3772130263040
10431724781568
49976470142976
148095857852416
13777038336
60907225088
223420612608
1298099601408
27460192256
195171745792
398406385664
419807002624
66053672
71714938880
5395751895040
855341696
2892898560
25023258624
1167557248
801051648
50824417280
78257790976
404930265088
34367728
12729672704
495454224384
81165208
126272752
4977789501440
69672787968
572150775808
1876941864960
7503573680128
23817139257344
2600792064
32955940864
70394388480
182109601792
5710772224
19113011200
186786496512
322962423808
189328293888
3720087808
24140939264
80113860608
149344387072
803262824448
106956304
394628104192
1068639518720
3090668060672
88219279360
1333318516736
799625314304
6122871717888
5928147968
23338901504
42535997440
69704368128
2979548928
955333056
75876761600
6676095
70151624
452875712
137424453632
8119236689920
2627862784
13729783808
73148833792
2908417792
3578557184
94671011840
93604397056
146022137856
163179984
7689332736
198165921792
18951318
83359672
131770908672
39311036416
131879403520
405296054272
1930631577600
3738006716416
1723177600
7101951488
32651800576
33849950208
4019499264
23865411584
68077072384
32575397888
2084573
3983377408
153234014208
46778016
154803536
1011581184
20953660
73430056
485084576
769650624
437676800
1091335
92755104
4771675648
2787076
10153990
100026040320
2842269440
10766124032
47632285696
97148493824
328840445952
122517376
491144224
656460544
2894031360
114627944
484993664
1293013120
3682277888
1266326912
49769876
83973664
517284800
1084303360
5953713152
1875937
13965107200
25759320064
85179498496
2976982272
28158418944
34033623040
97456701440
100058896
407760032
474236352
231206688
9668935
660262400
54572
690997
4411182080
62258912
236568032
1292550016
7286555648
17463318528
3095080
17588910
50722460
211399584
2001374
27165856
195324496
128874496
485919040
8903667
30853448
198321952
497952608
1701403520
318021
2749050112
2674723072
10727093248
276968768
3392470016
15139430400
4961499648
31086426
136837216
153146720
45830500
81133848
143676320
295618144
8045098
66548168
257495440
859312256
385353472
3223645440
2640354560
1591785984
14701036
28298976
1041851136
57951696
268296
731915550720
2608026091520
95077305155584
4837765632
14583388160
131563462656
180819918323712
2205153381842944
1921081671680
3923045777408
83391806439424
3804472541184
19383892049920
34055141720064
93259955175424
264026403635200
82680610816
5840504881152
426425895092224
24700825600
133107769344
1175434569973760
100331643994112
234005253324800
1318991435923456
2177699414016000
13314550015197184
902545604608
9985002045440
31454155243520
85708714803200
5363649216512
23378282938368
-12846534492160
138931798540288
1194798464
6619893596160
28204802768896
27174082560
47340380160
1176826281984
38554947584
61135863808
967793508352
1212246523904
2966836740096
481715968
250035585024
4665047515136
841891008
2661232128
136812752273408
1820046786560
11044117282816
50372827676672
33126684295168
433606409322496
54621708288
511706628096
1627806105600
3868153872384
77271195648
603256782848
1602898886656
2954127736832
1685894987776
16283468800
23010371584
756671840256
1168748314624
8985179586560
964931648
15329180778496
15916587810816
106418636062720
2135113465856
14848968622080
100638734155776
112858301988864
137932455936
294326697984
924322299904
754433130496
15609940992
474071302144
68871608
183966064
3954706481152
70460145664
362088660992
3085855621120
3739962310656
7407887974400
2064710656
41756827648
55425740800
220983721984
8216806912
48771956736
201222586368
57960869888
188396027904
6867460096
43083636736
193793687552
242307842048
2168196825088
126409904
1760800145408
5482689331200
10651948810240
252407496704
3700649623552
12162062876672
20103391346688
30541410304
118191439872
208378331136
34525093888
37316587520
169860218880
513482457088
10937979904
128131391488
192782450688
449407942656
555147722752
1267335168000
4324960501760
2718032461824
50002911232
152884112
220517318656
5425927815168
1659077888
12580587520
178157273088
2983317504
6071471104
38912716800
36299743232
177845256192
87608912
14870949888
599016472576
114503488
883209472
4501743861760
217445892096
716894240768
2218729668608
6469310218240
37550387363840
8754264064
11781659648
58169511936
216697159680
3460980480
20069144576
103328022528
367492497408
51276652544
4976913920
10501636096
124987088896
268488605696
509949804544
386056736
582481936384
3635641057280
3031291658240
304809443328
1411013935104
5997045743616
3189660712960
5327115264
21677733888
100908916736
51023679488
105160672
10539351040
1524142
8975836
137712517120
2223154688
9282598912
45537222656
231829995520
333077708800
88664104
494751808
1288929920
2259368192
104389368
323505280
1133428352
4869352960
6641805312
194856768
458204512
3325013760
7645021184
12533055488
6450213
64061456384
157285548032
371660357632
9915078656
53039161344
216207802368
441650053120
419729792
1175073920
1179994624
1729413504
928999424
46777300
5783578624
141965856
432972960
3521744896
3225068032
14878008320
32430401536
62785757184
75781070848
703203008
290617504
9073222
5422741
110111424
618488960
1614332160
76239
1261515264
3364565248
18546782208
189051968
3017943552
9648105472
8869036032
40180596
103383176
112877088
57203912
152952864
182938592
889642112
21330584
301225312
291637280
1513860992
1724475264
7943921152
14810701824
8252398080
97878752
37546208
117117824
193317408
296851360
2977187840
84633600
1184196329472
1639434682368
70975693520896
7740452864
111625109504
249428508672
336054213148672
12939495217299456
1178888306688
6054728957952
94269817749504
2503261552640
17933241679872
99584479068160
140017670291456
358187790237696
65039691776
1833651273728
249477503909888
70336839680
212718419968
630527103074304
41121308737536
156741408915456
2939631309946880
1969700858757120
13953669066129408
44153806848
22767741173760
32546505097216
105074948833280
3525151031296
29878296510464
96393276424192
115892906098688
765790976
5906062901248
118870333456384
14633371648
68787560448
518041894912
32378122240
39985827840
1372566061056
2049534722048
6642414911488
653080832
232723808256
7882941661184
2009076736
2416496640
105590680453120
4803351019520
11682916073472
33642353000448
157196272795648
1050482697043968
77977870336
467859832832
564361101312
134424559616
125853532160
1013030715392
2605173178368
3972990238720
2631123075072
41921916928
89734176768
1135484993536
4255754747904
1764563746816
1115682560
12009793912832
33525130592256
61159726120960
2306760245248
21266511691776
129446421987328
84517213700096
138398269440
303134375936
765706502144
947196264448
2037974016
475156316160
77917896
238794848
2011081998336
146005786624
449172799488
3802295959552
11791694299136
27848689582080
2643485952
49536024576
47496028160
45809307648
7321085440
16163094528
242660491264
369181163520
600288722944
20430000128
52464693248
205386088448
203235262464
1030905790464
274672224
5181661511680
5887756861440
8192903872512
391080312832
5799314718720
15346418319360
13579538399232
37721862144
50285948928
146980093952
191129272320
129799577600
1817731328
502121725952
13821143040
173343703040
357441077248
893664493568
673039712256
2374729465856
4867504996352
6266204192768
54917570560
179332192
71924645888
14636555436032
1577789568
5486965760
76873908224
3157653504
13412721664
67173720064
189430906880
170547838976
38940684
17559799808
678576062464
-59314424
776112896
6126032125952
131304259584
821242494976
6841617612800
16144027090944
34868023001088
10341328896
39587340288
74673602560
515656712192
10840600576
74892935168
238590410752
390901563392
98677194752
6295324672
22201194496
187311800320
79654035456
686247903232
306313280
1127895793664
493088374784
1855163203584
280181702656
2256929554432
4858342014976
11026158321664
1935865856
60085489664
79808724992
53018181632
163269184
3196888576
809890
22020674
68410667008
3385771264
16579193856
27673810944
166992166912
378294435840
96997744
422659424
175990320
1617833216
95783848
45213268
2511821056
3115387392
1953568896
24707696
544132224
4033647360
3976647168
10993577984
-581291
28979105792
102902677504
231877148672
20887971840
87740891136
368188686336
469596504064
37485724
334759136
2059454976
3713917184
442320160
1879204736
4699834880
121091488
1783480
5242968576
6506097664
12968188928
59577913344
51910660096
408248320
337002400
208246016
5985155
52030624
234656560
390939104
1493912704
302982
2064349952
2217037312
18072657920
262139840
1995061504
2582863360
5476347904
23948998
93013152
221919808
161783760
236845840
335832640
840971648
7362345
150879088
1262422400
2102881280
1846164864
8129231872
8600312832
5974132224
80969040
46834424
96878176
361933792
246064016
1474898816
155640000
279187259392
83377914904576
11628758171648000
1561709510656
5209748668416
50658807906304
3504552017920
7696494886912
107325897572352
125467982036992
419728698900480
56548331520
18900238467072
148653498957824
103356964864
951328636928
3156626211078144
277754679394304
1154556465512448
8483314176360448
15023673194840064
46066492072001536
6507926126592
68856882135040
79705986301952
518022313803776
5121828192256
51650563670016
367204268769280
523215701016576
285262970093568
6322364350464
39636386709504
270386579111936
202898130599936
1270776535711744
260657414144
1868568337580032
1656467283247104
7742746924154880
175030906388480
1554435100639232
3739314492014592
11198901738536960
32972820447232
45823878496256
137298981158912
82803010043904
312370462720
5136127098880
1537708416
4323479552
72757459025920
7508298039296
24311425400832
71823991504896
172314389905408
966063235792896
57234653184
690680430592
724393656320
3330697854976
97114152960
595683901440
2009469419520
7579189116928
10391994236928
266592878592
670911561728
8467081330688
8403036405760
60689284595712
4367841792
98782997905408
230912323223552
645597069574144
11106553692160
89171288915968
388740610523136
1374968281563136
491533434880
1489293672448
3682401517568
1306471956480
1763577954304
3624831549440
4464398303232
245356609536
2431097241600
4432396288000
10486875684864
26982670663680
69712755032064
88178807537664
98525870292992
681411674112
400782884864
25495341056
61865164800
240455237632
756490043392
1005983629312
601455104
1039388508160
8749103185920
18989717651456
683052302336
3382470770688
9501340073984
23524689313792
44529942528
73800663040
247480991744
149804040192
356964958208
164592500736
1893348933632
49855807488
356149723136
1699969368064
920435359744
4749555400704
5140351287296
15091682508800
10340986257408
70435069952
54280097792
302204977152
584001388544
551145897984
2226291736576
27199827968
1020608774144
176381568
1262070016
5699513352192
42589229056
954583154688
2652236939264
7370012360704
33918967349248
14524491776
37531430912
156211298304
474920615936
6084678656
27708600320
6881992704
497010081792
1326472495104
10957844480
10097863680
402963693568
673761394688
2122332504064
755268608
1519694381056
8711323516928
17313870905344
1592946589696
9450645618688
17333863055360
22057752461312
35583610880
261169610752
432150609920
160786612224
50819489792
265166684160
802249703424
13058893824
111802793984
493235404800
31498371072
264213757952
5199422816256
4017158881280
6017331494912
89747046400
8153382912
157958816
1480114304
3888732160
13087671296
31216365568
10553990
82338504704
55015137280
512468877312
9843950592
40700993536
240732291072
153795690496
595053312
2569495296
5088047104
2883204864
258433552
8591253504
20309360640
851048896
4096561408
4774334976
21003651072
70357393408
238118125568
837553618944
344973869056
3295368704
754610944
4987678720
3154526976
4382097408
60276252672
154390576
188779104
1524235776
45038188
128071536
1434559744
1622489728
516020480
4839616512
19755446272
4505375744
56429440
152433152
915871296
1645923072
1326948864
10635398144
218054896
8645713068032
154924352536576
148631404544
168195391488
8187320599576576
212036629823488
869729535262720
3571314698747904
3330573997178880
6374079359614976
2205996810240
45376191070208
59725852966912
424028833579008
1448919040000
55460291936256
304512107544576
540818993577984
714330303627264
25498656702464
52775299842048
234197486665728
643020089196544
948798876549120
144163143680
3494716641378304
3455329643790336
15948804855431168
182321495932928
5998304080953344
10584443316076544
18163794651906048
47045532450816
177952692109312
325526778544128
84141479559168
114590994137088
226284177195008
509326145880064
36046439972864
67347620560896
361621750808576
952062447714304
1047861357707264
3598582372368384
4522355749552128
1537139401555968
47143683358720
3570582421504
132889567232
675628843008
3788208078848
5350148276224
22145778319360
2592350208
19124373684224
112294327484416
289231419211776
12649034153984
31738577289216
71873392017408
281788677095424
424267153408
122547339264
2601060663296
1324164579328
1369701875712
4237876002816
11709843505152
589080363008
2930925895680
3820870959104
5425343758336
51627297865728
174988107710464
421929164996608
133211908734976
345350078464
538716864512
2639880257536
7050513874944
3881287286784
41829059788800
91288141824
415898632192
767211339776
20221163520
203436670976
755441467392
1056804175872
2222926331904
8064193789952
8311672930304
10467934208000
49942388736
107884896256
847751806976
1000471789568
849447747584
6330527514624
179469385728
153486065664
9884120064
78515372032
338007293952
912129589248
1552576282624
440167776
3732000473088
4952139235328
10280621834240
388573626368
4022901932032
10193259724800
30883314663424
24588832768
145170874368
205990133760
191574261760
60592021504
598820323328
1079988453376
26503065600
546227257344
1144914313216
1945336283136
1921592721408
6141542137856
5441226539008
13783500062720
146843041792
75382161408
281632931840
417795604480
191376949248
2081831911424
1654919424
-205800320
13610266624
488163904
2365869568
6097934336
11190964224
27214123008
51401424896
288784580608
163864215552
977682880
518639872
9866744832
12948955136
8824962048
82314985472
1478566272
58578360
587914688
727155200
851806912
5823000064
360657056
10215836614656
2359459611410432
16808571568128
1122239051202560
15756888637440
53793588772864
57494583902208
472123541815296
25094888320139264
448420724604928
512303531294720
181260068585472
4629935423488
13067838554112
85147902803968
294687772508160
701352791506944
24764741582848
19606909485056
106225115136
2830041612288
111564587008
703628640256
1392539205632
21782421569536
1427685515460608
29975575003136
53581671563264
5676391727104
119655555072
415931826176
3301540626432
11286526033920
4668155494400
446888968192
187944091648
11779130261504
138864705536
1180042133504
109639207223296
5219518775296
11789578272768
77580178817024
184607827820544
661856742014976
11273066512384
457233629184
500603125760
4167467008000
112275849216
1382098927616
1329053171712
6989078331392
30202316800
205945405440
37214956290048
734903009280
2652734750720
147028377600
5363100160
33235920896
249152602112
280168497152
1370756612096
24252782592
52094103552
3288300781568
85973516288
324656168960
21524641742848
262295748608
2720474857472
12490687643648
40350378885120
82747787837440
2539051810816
94269603840
495206268928
982092611584
12883539968
60185350144
608132202496
983765876736
741699289088
24087592960
77968605184
359667826688
1065149792256
1110482616320
125431971840
1160755281920
3492002660352
9506143600640
-10609467392
4491751456768
1000922939392
33116223700992
43172290560
76301074432
648235384832
308480573440
1372058157056
5250434560
630257156096
24840658944
19634817024
89247776768
1073927225344
27373216989184
1489664737280
2977948499968
232246640640
22819696640
54505873408
220903178240
174376337408
1149090660352
5096219648
19821907968
724118601728
48189210624
79352102912
5767409172480
349860659200
1081669517312
2030503329792
19276593364992
29527187128320
1199989325824
77279281152
32597876736
436668334080
22867818496
116183949312
222919327744
364259704832
740627200
14911506432
1142920052736
14669288448
57008599040
2936550656
73110008
236366864
2325760512
3595303168
19105263616
461499776
689997760
39862579200
498989824
2032353536
491837161472
20528377856
59381809152
583270793216
894273978368
401968398336
28979728384
1154106240
569561088
16327692288
279114592
1784538752
3649315584
17812647936
1020292416
115709848
384802688
2734888448
20713093120
31696506880
707808384
66338324480
44021633024
399405416448
4773643264
74083647488
436321091584
682717085696
712171968
1203345280
4264515072
1231649152
45230868
755357248
50400308
258991968
15889756160
644259648
2171794688
20935710720
33011578880
45597151232
2915631360
70930464
101555712
820040320
25296950
196201376
763629696
860457280
2005751808
23919766
187200208
1321783808
3975851008
7166809088
118725088
9034353664
17438676992
50901098496
3317213952
10394358784
3266015232
145613144064
117914928
170755824
1240432896
80767296
220088512
1145969792
1627963648
60188064
523038240
938639552
2679366400
2513714688
7250042880
12380612608
5144893440
138721136
1255287675682816
5514148708352
741739778277376
12229671911424
15588683415552
24023614357504
1220048676978688
61617104066969600
893199518269440
9779750054658048
200077075283968
15964380856320
37934463975424
459118884159488
826070253174784
1073838527873024
48501257928704
22447864676352
2106483084886016
34912396640256
180181914353664
15009238883500032
402960106389504
1422328214847488
6576645049679872
11813277482876928
23568240047292416
1588998313082880
134107954675712
222392265736192
390102685581312
15824444194816
130365242998784
243882470146048
878348997754880
1555490930688
9605753077760
496242735972352
26332662595584
88025371508736
8158837211136
129181704192
474189922304
4086504095744
9465521766400
16337537597440
881294180352
1274094944256
49504971653120
1331657703424
4033005748224
252373133950976
23421138239488
75556200644608
404170347642880
984403484344320
3975324823977984
74712734498816
1562677346304
5548978733056
20192807616512
194249719808
4463003697152
10936932892672
19346090885120
12366961967104
277133066240
699754086400
9090496462848
14652589211648
31591042646016
720298573824
40317319380992
131805625712640
383299625156608
12000885211136
48027234467840
379835230715904
1220652925190144
218394689536
1622350626816
6595390996480
2327115988992
23302451200
2874194001920
75007541248
137814917120
28618273062912
689110253568
2688923729920
15152490479616
90934255550464
122920655388672
871930200064
227968008192
568201904128
1899784568832
29879633920
209106436096
554943447040
981765718016
2892419039232
46015295488
30221881344
1341394911232
5092380508160
14862245691392
188249014272
13958789464064
25990336086016
79633013800960
3050256728064
14217525592064
43206649577472
175960162828288
144396484608
849475469312
755560677376
620262260736
524124815360
598961160192
3396142628864
70630088704
1061146394624
2198163685376
3322710589440
3083553734656
10885550571520
21196888342528
11439337111552
179171213312
123602075648
1741738213376
61179896528896
1074179211264
6238344577024
330866098176
10683902976
54091362304
33163169792
639189254144
2543440625664
46101032960
44367802368
6139890630656
52097064960
510098538496
12883561807872
881575788544
2270664589312
28221923917824
21164833374208
107052437340160
3393407418368
126763532288
132252565504
1092328357888
16246031360
488120778752
374860546048
3407681683456
492629491712
28707856384
74073997312
760530141184
1957416665088
3598298382336
136077967360
4174778204160
9363870711808
1598710349824
244819722240
7612317827072
26863204302848
37687029399552
29639254016
91936489472
178025660416
229003804672
496258912
27652036608
1298669184
2290921472
737607155712
10026038272
46559891456
373490417664
841623797760
4069088296960
108877955072
2859875072
5183305728
12834545664
453893408
2842767616
4699677696
15821585408
24396879872
652057024
3894874880
16680567808
49907613696
33774221312
5500103168
446562172928
686443855872
1606058377216
42196455424
337682661376
1192273903616
3288660967424
1903994240
11018313728
19750303744
2261847296
1612574464
6225056768
23165933568
581145216
5119727616
17242025984
29351510016
52708397056
55144824832
255654871040
629585346560
1667000192
1755172480
38334964
201748432
1283043712
2166849792
14338642944
155953200
16990042112
18024046592
55524429824
3260358656
14844346368
39515504640
85479710720
186995024
280934400
1057698304
533616512
680294400
1065943232
4874943488
120109472
1482158848
6329122816
4513407488
11091952640
7846526976
37661790208
30480850944
304916256
130583944
726008768
2367683328
1333865856
9079533568
2068375987552256
22012468658176
1735063439933440
10827223531520
58353334091776
71342191804416
512655181742080
109499220548911104
555840708804608
9673889848229888
731032760352768
8311197925376
69986936684544
823084110053376
889808842915840
2762930718244864
39907896590336
15529156804608
1307132225912832
23021702086656
262084373774336
17075776356614144
320443684749312
1535487852412928
4351119161556992
29588177878515712
30716397067698176
1946704798547968
201120702005248
194636173803520
797426512297984
13891370221568
230153238085632
265165643710464
2329382760742912
1846851010560
24229068144640
930526273732608
25913664208896
69809697980416
10555129593856
261919637504
417457537024
4026410467328
8521438986240
28292251910144
695121412096
571571699712
72669856792576
2048281804800
5457836507136
107327407521792
27688261648384
46823213367296
400130159149056
1269326581596160
3645743797633024
98240825393152
3894375088128
8175431450624
24341733441536
262566100992
1699657416704
16896594280448
21615612002304
11471853453312
205197148160
1321900965888
11348514701312
28988701409280
35515151679488
1766958563328
137599846973440
307209212788736
863069651599360
15904794476544
109257030631424
323864290656256
755549306093568
626522914816
1977241829376
4758389653504
1060409114624
74945617920
-445548462080
122313441280
319748800512
-700203925504
405411233792
3890878087168
21571078979584
34148649533440
114380230361088
3088723738624
281466437632
418909192192
2545530961920
22152867840
229223038976
1031366115328
1299214761984
4028045459456
76024381440
186859814912
839338819584
1042035113984
4455280934912
304481468416
7301541920768
35205486215168
156377309773824
2191608774656
29906979258368
50490607927296
75601507516416
130172149760
567953850368
1118651154432
592196403200
349582229504
987922497536
4603663351808
169781116928
415317098496
641870790656
4950658646016
4996044685312
20082516295680
28999543685120
6250090725376
299782930432
133568659456
2509391003648
68719011168256
1316662280192
6371871817728
369782292480
10545765376
64136380416
528521560064
740688199680
2605410418688
80410935296
70294388736
6765824442368
103548133376
668709224448
53814832922624
1159734886400
1792065929216
47177619472384
101904835149824
210670930886656
6683127447552
227901947904
425096609792
2081578811392
29754011648
274631196672
1329365647360
3181388496896
1072932061184
49396674560
102036586496
401802821632
2179406626816
9720900354048
62710964224
12330874175488
4557159006208
12951777968128
290337718272
10025220177920
23779872866304
86443212931072
104539717632
373330411520
798950686720
320346292224
916343744
54705983488
994806080
3566913280
597534244864
17024626688
50915090432
115887194112
1869328809984
2607780200448
86729785344
2629307904
4449858560
13819449344
512172032
3126284032
6918353920
26645645312
41891475456
571768960
3743143936
15734947840
36091187200
103606247424
2386699776
511923552256
354462138368
2696558149632
61967699968
489889890304
456045887488
1215630540800
1092922368
12263613440
13218178048
8828692480
897630336
9165511680
43676700672
35781744
5585440768
23697756160
33795641344
47590830080
137795846144
692528283648
379112292352
1147491072
2708619008
-12453986
214155808
2513313536
2786892800
6346855936
261557840
9765300224
38229405696
82223833088
3805069824
13859203072
70896689152
49004355584
146241952
543110720
825587904
766558016
634937920
1057980992
4166758912
46083020
768983040
3794500608
6705347072
13399270400
20478394368
124032270336
5315914240
368387296
305602592
863834112
2349660160
1334834944
8011545600
-1015327490048
1906955949965312
75047939247964160
2781316936368128
6652086150234112
1010833706450944
8982789881856
121772850544640
472922808385536
631605878063104
1049714300551168
84922962280448
104645334663168
7952123358609408
241268848328704
731544733876224
46534871140532224
1196032159383552
4898540123848704
61832015640526848
138891184993992704
301905826900082688
7975221155856384
714968978685952
316754609831936
2878240389595136
63612584460288
500422578012160
1024021806186496
3441432203362304
1854973021257728
46790124503040
102152332640256
1247818324901888
1482979863953408
9733119594725376
151235495723008
738363799764992
422295143186432
57433543927660544
360523547803648
6594547547111424
30560337283514368
72120558258487296
113769254486016
518780241313792
308569845006336
453497174622208
970631544832
53991417315328
1916796665856
3079376207872
1236666308100096
42752234487808
87006658953216
1021865128624128
1624028737437696
5949033826746368
170109930831872
3209964290048
5389739360256
31349717073920
379498004480
2350525448192
18610256871424
20033344372736
17733219516416
799975604224
3675345387520
28925879123968
28540600844288
248745648193536
3370851500032
471543184359424
608886239264768
4255735990976512
93868305416192
488541154967552
2403256466669568
7231012845125632
2728290418688
13118305468416
29932619038720
16024422318080
4492995592192
15493339545600
38534996033536
1032093761536
9481089974272
19381316747264
68203870945280
49421920239616
299805158932480
691311023751168
440416348405760
1649508483072
3105356775424
49721868288
49218740224
1501785096192
6601793077248
21610583031808
171697389568
15244707495936
20795199848448
153391971958784
3201216544768
27908900913152
93096645754880
392823044046848
215341514752
509859069952
2128645849088
1256881258496
1170276745216
4262417924096
8922123468800
312900714496
1378193244160
7348137492480
14052560470016
7200444514304
111009075298304
162075858960384
56822706733056
449580630016
480962871296
935288242176
1357899235328
1624206999552
16154458324992
37020753920
6780601499648
82684166144
609062092800
43192045010944
987754790912
1382559252480
35806274125824
58061234372608
140418436038656
3094364553216
394850074624
591874228224
3613774839808
41674534912
362981949440
1778752028672
1615710650368
3525367824384
124512690176
334353006592
1626857144320
6663051935744
21124209442816
329182871552
35052062769152
37813911289856
71733360984064
812591087616
31673706086400
79764639449088
520332301565952
187115978752
1995258200064
1799779123200
630768336896
337409310720
1137125752832
711797374976
122973618176
923588886528
720088203264
6847248465920
8368221585408
24409335136256
47689689464832
26314503356416
301935296512
35864805376
930395584
3265039360
12759485440
60586708992
79104778240
6578717696
235171856384
922141458432
1490397691904
52847886336
107106271232
1921122172928
4456260304896
3183200768
13842232320
28869357568
10744032256
18393204736
35840581632
89844539392
2901846016
17029912576
131503947776
205330825216
458640293888
92670722048
2364217229312
3360961069056
8056711680
3312598016
9424434176
16354369536
10453474304
342681387008
1995660672
3946667776
10368941056
109819280
1765247360
-1583265
11515547648
12285548544
41972482048
51800977408
113660723200
438054112
1264433920
855442496
5546283520
7876242944
10871943168
1279518720
133045612969984
4139855625846784
33328916856832
480817696473088
12932222763925504
1215855715155968
4334273226080256
24783546140852224
79148009518006272
146678115320463360
4368672156024832
318670131691520
234121133555712
-49723088044032
34763217829888
112660523778048
923373676789760
1203266494922752
6431150885044224
55158838919168
466564109303808
3625594763870208
6002915265216512
21379451698806784
326582736519168
15161090673475584
-2015893634678784
45483463146471424
1892795577008128
24031896799281152
93060430791966720
102943614396530688
195331320971264
-124158813929472
2088962168455168
897605550735360
638393067241472
946095127527424
1869073935761408
32702476582912
764440291049472
2959101738876928
10982994806308864
6746717701537792
5121732931223552
30422095171158016
12582491093204992
108496729145344
46217891414016
393128247296
1108083867648
20301865811968
47226453753856
157252728127488
2154399137792
306802298191872
718131819446272
2047698941247488
68124242083840
206505785688064
1205387940331520
2818462229463040
1104678879232
1247913312256
22348199624704
5320882520064
12387431219200
36924676898816
81925209325568
2368454262784
14684034957312
83859395837952
133055972900864
393440982466560
632422391611392
427089970855936
1158647556079616
8233832939520
2632626470912
4650612293632
15473296015360
13438444109824
181343266799616
409227689984
1686183870464
7515078131712
110021574656
1074421760000
3420090531840
12401316462592
8730368802816
21264074801152
66840092999680
23088609624064
596993703936
838837338112
1616405594112
6073015074816
1740389220352
23964139126784
745336209408
3715499556864
76046049280
164228988928
721112006656
3770185154560
12394758668288
449590198272
6416549019648
38290531024896
71586140913664
754255659008
25744826695680
45468549644288
94912519340032
206268039168
425090744320
1341213638656
678561447936
952813027328
1521339727872
11814219808768
158951686144
1538088370176
2216985362432
10727454670848
5840751820800
33703132659712
76063526879232
29756122726400
541769924608
111536627712
2203234074624
6894902575104
776465285120
656207773696
11902856192
22202978304
79172624384
1580236928
19862671360
69771722752
120806637568
139305811968
644967563264
801432928256
950050881536
6478857216
12028298240
34480259072
123787485184
67747610624
302540292096
14331780096
387865024
742999296
1037898496
3467769344
21346402304
1721421312
1120869285888
2756641030144
140669364469760
19843807232
27778654208
98216837120
190185782378496
11007614632591360
900550688768
5505794179072
43239188987904
2321288003584
6338009104384
17094045335552
96954725957632
425374903173120
42887462912
2956262899712
-104389373067264
19697389568
134746734592
2484501678653440
25818570948608
61671808696320
1848445073620992
1639523100393472
4292879941894144
1016136859648
12062990270464
20686129070080
48323301998592
3407244427264
27637611233280
10972045508608
183661190184960
1337448320
4037923307520
176180699332608
13750986752
37943848960
540877914112
23849869312
91491532800
769487536128
945341923328
4060321677312
403051776
128253870080
6463034490880
678318144
2581334016
146987471077376
2726074777600
12813357547520
17296218128384
78613621768192
416061736353792
68044853248
413961519104
1629195862016
971636867072
117000069120
541258579968
2516921090048
3179416387584
842930716672
12551859200
222082187264
2040917000192
4649787588608
3160969838592
100247072
14859636834304
29043613237248
63426990702592
1800214544384
25984879296512
38338807463936
8376032428032
91362336768
288305938432
866228764672
396728532992
11545469952
273755963392
36524696
469654528
3401648963584
76288024576
469287960576
2594029961216
6798058192896
15973720522752
2065021184
20002093056
93439311872
165117001728
11299952640
38242033664
153865633792
297962176512
269120913408
12001628160
43584868352
194394112000
723790594048
983242113024
136781568
1262639644672
6844614967296
14675042369536
253425647616
2021657149440
9659606892544
27913160228864
5741288448
137927491584
86726721536
153302761472
8364107264
105309495296
840050343936
16466524160
37448654848
423648755712
498851119104
773197004800
1282146041856
4580195696640
3627475271680
12786761728
76826520
172981239808
8281755484160
663861952
22851944448
95643287552
2731769856
5346860544
26791100416
38812274688
300406734848
70596176
15374051328
812407848960
171397104
714072128
1296969629696
104917041152
479345672192
4489055567872
6865933041664
21013389639680
4207732736
25568608256
56145453056
249012781056
8449868800
42253672448
155309391872
203611209728
118688006144
7226876928
20409886720
82933178368
202414112768
516626284544
233529232
774293946368
1393379246080
2152844230656
127986663424
938280943616
7097178128384
2524699951104
21382608896
45229051904
39686692864
44344254464
225550000
7760101888
1198549
4696400
92211609600
2725985280
11434964992
71076380672
73164701696
283236139008
38519188
421056256
550295616
923629696
38113680
272046688
2145696512
865012608
-145568000
171013440
833305600
5420558336
4190727680
15485825024
3371338
68092252160
108849364992
488415297536
8186611200
97037901824
95859187712
339846692864
196555248
409340448
1872396416
1574541056
879523840
808507840
4355935744
174521232
962118016
2054292096
6816923136
11114016768
19327920128
38981230592
17592469504
340403744
162362400
18447782
26085348
151410720
286022464
1328988416
346739
2500438784
4349584896
10519180288
430605984
2828270336
2858922752
7543226880
10570964
32389266
199543856
121422616
82574568
156232800
851562048
35036608
272515264
1217518976
1558101504
1311080320
7130840064
5807248384
8041408000
117973944
8758498
72765192
207956688
133921080
1308364928
89292272
203879809024
125763672080384
1595538877186048
1533467033600
3663275753472
86758188384256
2752897351680
10432989364224
84038928826368
152249930088448
309273011683328
54233550848
14033078976512
558376417230848
100360830976
307131088896
7091811881320448
401923844866048
765795487449088
1175424906297344
9146589197107200
38965098655514624
8487264321536
42836338671616
116738981101568
287305159933952
6520676810752
117367497555968
94578711461888
91062668361728
32985143312384
5730544386048
38592722239488
84131832659968
444812213878784
479264629587968
193794949120
320287656640512
3132547550674944
5314208132497408
309419946541056
2076842039181312
6219748299767808
8872690542706688
12438648913920
43564159467520
47729354997760
74568525938688
286775934976
10871549984768
912308736
5490183680
90898788515840
3666224087040
4767656968192
48821518204928
35339083186176
32400641884160
54449799168
109957840896
1485686177792
2555278000128
81795399680
208146006016
1786932625408
3244768624640
4586392780800
20739162112
678937755648
4387624452096
6001156685824
23670938402816
4438121472
36941118570496
185683180257280
592290217197568
9406127276032
33515416584192
74999801053184
388279841062912
603375992832
1223364575232
2747051802624
2134842015744
1262610415616
2237579919360
1960707358720
113575305216
951193567232
4052735754240
6567236206592
6746621870080
15959047798784
79829030404096
69171274579968
495725543424
165621710848
6336809472
22968072192
333460635648
515683745792
2344525758464
15646144
1314911027200
6763902926848
18827456806912
301076250624
1841121329152
7894131539968
21797286182912
38914371584
146607292416
192376176640
153623740416
236189614080
209681416192
1043888603136
68380389376
281469485056
722673074176
2380589170688
1431501930496
5878592831488
15683772481536
11390265851904
94414053376
82867650560
195146285056
245887746048
400099868672
2446403305472
24860839936
1220907106304
301985344
439112672
5938653167616
240434937856
189932929024
6774907731968
4334091501568
18488678678528
-909703424
11105361920
78611398656
436575010816
8148024320
82149171200
-8465350656
606605344768
669487464448
8238329344
33144160256
434263752704
1007606890496
2863456059392
869655808
1902976172032
3848736604160
22045966467072
775219970048
5349686378496
11004456992768
40834955214848
23099361280
169761587200
158316265472
261721800704
98921611264
176252207104
794501382144
18514755584
133823528960
59792048128
845838614528
1109316337664
2428622864384
4689354555392
6844783788032
40146280448
1654986496
136747232
768588928
4738727936
8374443008
45646667776
10840364
40531480576
157078880256
344120590336
6253083136
62352429056
90863796224
168588115968
323047648
714881024
1288880896
319199456
2986559744
6726064128
8576667136
931736704
325206784
7517906944
23240431616
62275072000
96045080576
579654516736
222896078848
1434969472
1091002752
1333656832
5470711808
5749244928
29349152768
221591040
128899056
1014239744
47399348
-16925128
705564672
1701473536
2084189312
5401010688
5014640640
6143557120
84850432
163733808
682459136
1239618176
832598912
4912737280
197238944
237806370816
225971617660928
7142499474735104
1667994222592
4371428147200
101004234194944
1935021572096
22600153563136
34304470024192
167725603225600
398989476233216
68291280896
38344276836352
399899304656896
179199393792
286575427584
7810655725813760
377416023277568
647172517265408
6873329579327488
12058934579822592
60200129931509760
7771572404224
62007243964416
72612772315136
435261045473280
5722880344064
73246498095104
146755928719360
471054531166208
248478940790784
9286557106176
20113862426624
53595076558848
264512607354880
1106171041677312
188943974400
1656630626222080
2719927089758208
5723900767895552
259112055078912
835073444151296
85906929221632
7680222400872448
21013028929536
51900758097920
139062862151680
113813194014720
286125916160
9278217781248
1598205440
1816845824
63601586995200
1387085430784
15293904584704
108051336003584
241048999690240
413970959695872
97550237696
389772509184
787450298368
2306457731072
93181706240
1188985962496
1282182217728
4535606575104
5504521732096
104948637696
586089103360
5581271203840
10673197154304
31417356517376
4527217664
34173886660608
145729867743232
199363355738112
8552905703424
137940785168384
177044323303424
839803679539200
215594434560
1414068961280
3922208489472
2435277914112
978589515776
2601724149760
3953952292864
265521233920
1170508611584
5796904566784
7727556329472
13906137317376
68982291824640
131210999234560
51425816084480
851297894400
526481293312
11390343168
11714507776
439787651072
449959985152
1827565862912
178655408
1781707702272
2865278484480
4034156036096
288155762688
4959956369408
5138555076608
11676955967488
43564789760
7282707456
143578415104
214494330880
190871912448
119649869824
479690719232
69684436992
205086654464
683672403968
3748055482368
3359965708288
2819891396608
17293507559424
17092035215360
86760808448
76230844416
363237867520
475093663744
179803160576
3074544631808
6079121920
1200187113472
266103440
1333202688
1557243494400
364437143552
414665113600
12511431622656
15399452147712
33685703229440
3529138176
47065878528
74373152768
65778077696
5680945664
66010820608
156163604480
449532264448
125108609024
16383547392
95449817088
345667436544
665637224448
2399598280704
747179008
790473015296
7123722829824
8325630001152
485602000896
7356084125696
21715404980224
11207515832320
7498210304
120258084864
127832031232
241853726720
90868670464
163183673344
605583966208
20732278784
179304202240
377528549376
1048488574976
1032355840000
1357510868992
2275761979392
3722281222144
30972258304
3837025792
50178700
163224128
4074335488
1156050304
21126176768
5016218
51844898816
62139740160
444071051264
13150983168
51022663680
298382131200
585004482560
140261616
516957568
985848576
2122152704
3307822592
4173720064
11599195136
697353408
2819313664
6048990208
23261896704
66149056512
111639273472
155833040896
237246087168
214448672
567717568
1587411328
3804851456
2616182528
6632601600
163575488
433653280
157096896
58298152
165397136
497968480
633768064
2365623552
9282146304
3505679360
7474725376
41634864
184705392
542763136
377043104
1332283008
4963336192
230777936
20955887828992
870903604838400
149112750080
556554387456
7253020257550336
262126753021952
917856791298048
5509489558028288
7973469346070528
42258286304559104
7968467714048
126740944912384
165596255748096
-50556479471616
12928106364928
97417357688832
146017764769792
202510627241984
775793433116672
7644860383232
184316122365952
587159207673856
402545876926464
4898439192117248
467970883584
4839876776165376
8581710266499072
33880647651033088
806018929917952
7341328006381568
45923044459282432
36313630660100096
51760823533568
128574275190784
-149449628188672
289032072331264
111740083765248
97072686563328
1424790573285376
23309567655936
177028049403904
218648983633920
2096082016272384
961005710475264
3948322633023488
10174625052884992
5438207059558400
81434140213248
5265847484416
161216790528
1341453107200
4681262694400
6374652641280
15256283774976
4938383872
82588681109504
179428164370432
41878028288000
19719065174016
53106654052352
378959594258432
1433064156692480
491566268416
1683494797312
4323976151040
4715545886720
4245205024768
10093215088640
27892465532928
136408678400
3592523874304
19588211277824
52466754256896
84402482708480
212093387145216
699628093702144
675394747367424
2220651446272
1915700903936
3222320447488
12624065462272
8481564786688
61292224184320
364159565824
197575409664
1398267445248
43287670784
41632964608
2171264172032
2634724933632
3442920390656
15052316868608
25438233559040
13539536273408
156646539264
172940165120
917839216640
1343337136128
1050712604672
11069395304448
374404218880
956623814656
7863869440
53415153664
241645993984
1031215972352
2825790947328
363829440
-389225119744
3790232616960
13890311159808
573915136000
11541902524416
14024745943040
24270910521344
35675705344
256748732416
241060986880
384789905408
245487992832
772318953472
2083610558464
130210136064
214161653760
589799751680
2218826924032
3248170991616
13978220625920
32065772847104
20238548598784
143242002432
222921129984
699246313472
343761485824
574755962880
1874726486016
3686143744
7521608192
14969009152
895457856
2756821760
14787994624
47945670656
41974546432
383730286592
778106568704
111804817408
2267135488
2032743936
14137722880
23401984000
715399168
468552908800
581037952
202874576
-12889896
1465559936
1715779200
7591829504
339671040
554877864378368
16966443073536
82049964703744
317466701987840
834764474941440
1312994185183232
247910383616
294091409588224
4002155484676096
3991247341486080
393080540758016
3667130050412544
6166354876956672
43878919199260672
53114400931840
138976660815872
321930213195776
147023793750016
79467330404352
527197102145536
1171188860583936
49831338835968
404539547058176
332991364595712
1114637697286144
3052715651366912
4442444930220032
28320859731001344
7212899357425664
135261212114944
87735696097280
172737981054976
108986456080384
537321111814144
3077198575566848
2233610010624
3714879324160
14583450304512
531964035072
2309466357760
5357256048640
42428270641152
45417186197504
110810860879872
323622094766080
252088474927104
1310400315392
1582567522304
6534914375680
19643192311808
9989584322560
154907994750976
2964974469120
110640103424
398003863552
640292356096
741665996800
7496675622912
837987336192
332204343296
435129581568
1386843078656
22808467456
562606112768
1439083266048
1591564304384
1846595289088
4382939152384
11801784745984
5582908030976
140656214016
276548747264
507211677696
1246994366464
634333298688
3747248865280
242182127616
3685902848
7025542144
20009893888
16650575872
139739414528
7310851072
270878400
1753922641330176
6319498067968
668265504309248
13422267727872
45786540802048
156132328865792
1120529587109888
44471173714542592
1404581275762688
4039647059509248
608807587676160
18385513480192
15247257632768
532536753127424
804406102589440
2144691785039872
34544604413952
10123181293568
1347371774509056
10853739921408
125344552058880
6492057816268800
299395224436736
263574157000704
4725961895444480
22879604318404608
47929623115202560
1381308055945216
43317978988544
143703230382080
689731482419200
12008301789184
40856648155136
557933867827200
353115400306688
286112940032
18027001151488
280773185765376
4640646103040
44267263229952
4976457809920
116774797312
10377543680
4034987556864
6911146590208
22979555622912
665360662528
1082576994304
75109893144576
1893326389248
3112648572928
916284900376576
15635544276992
52775736049664
442323750092800
1267525379686400
4407951242559488
67302569541632
3481002311680
4386812592128
14641434460160
404095434752
5463901995008
11917306363904
18520540708864
3209647095808
135255277568
731244658688
10135694999552
21058073657344
50557515464704
529263722496
36245241593856
55284038893568
305870491615232
13974804365312
85018927955968
518966938173440
348577431814144
7294357504
1186709766144
2939698282496
3885953187840
71131299840
3260386902016
58618810368
159201050624
31610365804544
208372334592
1955901603840
10308298997760
29317987827712
81476150362112
3069228089344
139954995200
187849474048
420049944576
18109958144
50478448640
1209179308032
1833383493632
1075308199936
68984242176
299498405888
749930348544
1709854556160
12370302730240
376850382848
6297563955200
41074634522624
141631244206080
2314788405248
11177959620608
56213865758720
52904442462208
165655937024
769857552384
1092364926976
404592263168
311945822208
853922021376
4023891001344
60477194240
589988102144
409166577664
3770501562368
2903195516928
6759296532480
22205981261824
7832742133760
189781721088
154462142464
66462121984
2778473693184
904921415680
1174956933120
-9455529984
9050893312
40200822784
297424355328
686379827200
1604558127104
93321682944
25874055168
4893105455104
83849986048
386116222976
55158805364736
389966364672
2810579779584
800963428352
40393144008704
131373704675328
7873975287808
162216869888
97706041344
2336686604288
43439472640
205423706112
371971424256
1316021207040
1116819816448
13520512000
95726755840
855717052416
541899292672
3848929017856
99481280512
4917594947584
7043473735680
23596915228672
551808794624
6144754974720
21259609964544
70889089531904
65471315968
119749099520
329124380672
590472937472
480968448
43018096640
100351488
3697823232
541256646656
16886247424
25322489856
405757526016
213286141952
2008074682368
48051036160
794370624
1729654400
12526593024
370884832
2480552192
4772109312
21987053568
18143750144
651210112
3851326464
12706468864
21460424704
151384326144
3979915264
251764981760
595341213696
2480257105920
57249193984
337161420800
1780531068928
5616910729216
1243935104
6887738368
13211553792
6679738368
2794751232
7865341952
25342117888
610098560
7114344448
16904813568
38419927040
43667021824
158775492608
510742265856
299576655872
1289100032
608600064
23855888
199851552
1387656064
896559872
9521399808
76557904
12133268480
15982972928
14599672832
2125423616
11092688896
24158072832
137477505024
156718144
331491488
770431360
273249216
450039200
1708937216
2497298944
86156448
441861120
5587215360
8830993408
8372846592
11367012352
14493425664
45519425536
109093824
264344112
1201390592
1587091072
839196160
2996781824
193317182636032
606131353288704
66012487698350080
-56354366554112
7556718468792320
504498401312768
9447328972800
34792403894272
133013308440576
419658100375552
4508579641950208
15005255729152
159837358915584
6250443357290496
132356337827840
365949802774528
42394037335883776
908846151237632
2971519294636032
40643284111982592
41290492733816832
302742830126727168
4886048211468288
147850289741824
1056191916539904
1647335243251712
56622881701888
158279846068224
1185508013113344
7837972791558144
1386214384992256
11944680488960
83027480805376
576502185852928
1055740743647232
13075895862427648
61117942464512
2088792919900160
8986924324749312
14494663146733568
520098729164800
8429711373893632
6445437020012544
52889992514502656
27454213193728
226747211579392
698164784922624
333286777815040
343257186304
44742603702272
1073655840768
1900891865088
721569471004672
22141695164416
78567333429248
247652646125568
1299078222708736
2089864514240512
80618960453632
2647068508160
8019349340160
15947674943488
255686246400
5623226826752
10515682164736
19768650235904
58796491669504
613166415872
3378280136704
20278803431424
75129849643008
244685528367104
4335773417472
260018041520128
337395652231168
2737193932029952
91796386349056
563810825928704
1043613567942656
3396205660864512
3223192076288
3077811994624
17154327969792
12877515718656
4367820783616
9762674573312
18733372276736
48756162560
6340498948096
25502930698240
52974860632064
52397846036480
241845699346432
616101918539776
398407877263360
1825371586560
2784124207104
78216200192
95762112512
1836760694784
3010737995776
11443696041984
164505501696
13943013638144
33708205670400
74130632212480
2020171972608
7296257622016
95809035042816
146028804177920
300116082688
486153748480
1183567052800
766741839872
1181371858944
1841884561408
4515110584320
71411425280
288688504832
3642204618752
13890262925312
12090085474304
70525560815616
75392966721536
39497093873664
235066523648
329707257856
589769867264
1514431578112
2062844428288
9044049788928
42818838528
3736444076032
191783469056
313925107712
27332148461568
1019626782720
1429816737792
12006960660480
20070940016640
269102736211968
4630107389952
141552910336
828677554176
734674616320
39895371776
230977110016
1149406019584
3716913037312
1908562460672
25708509184
325510397952
1549922205696
2783874646016
-2261091876864
342671753216
19650932899840
40556608618496
97923022979072
1700610179072
10455680548864
93209808076800
150276761714688
179275382784
707853680640
749569441792
910497021952
766205231104
973761413120
3565274791936
89963036672
127676448768
2901009235968
4538623852544
1148274081792
15436788793344
34855144390656
26645433942016
197873827840
23129737216
1570369536
2442771968
12191432704
8327063040
26202163200
5328738304
398384562176
1017022185472
1395118571520
14755030016
199002259456
1471557926912
1948434563072
2985681920
6581143552
23298543616
4998883328
13644875776
24974071808
172567199744
2698855424
12077976576
29732182016
89109151744
223554207744
439464558592
2178692284416
1193667067904
9826629632
1852464896
18655557632
32993218560
11361016832
243954302976
466808672
3020908544
8092715008
136138400
1166870016
6357883392
19849984000
9773149184
33454946304
108284624896
61996609536
422957696
574713600
3543346432
5080268288
3439943936
25894193152
1247315072
98220885671936
1496695170924544
67289239741530112
1809137398710272
5323549686366208
767989074886656
31081118040064
76440217321472
353567714050048
668585613590528
3420214259613696
69304217239552
56714481106944
3781868491112448
234700383715328
308242286641152
34436678412140544
1249324918898688
418190899281920
42755613452664832
45025469308862464
174690733838565376
6027062645096448
388341748989952
636632331976704
2013019764686848
91769031098368
366765007699968
908259686875136
3795387705982976
1629246183178240
26585212125184
188397264044032
1544023965696000
2322324250427392
-386760731262976
221339344437248
5723716084301824
9017924861820928
23219112893218816
1735751708442624
9113810006704128
21145399603494912
69497905198661632
57171970621440
407672457265152
941990413860864
440600495128576
873649930240
101541432262656
2044326313984
4623958016000
283410530566144
25018608123904
62706606407680
91085586038784
516574171627520
5549311421054976
116893750919168
3876632920064
7248446226432
7770425262080
266448977920
4250600210432
6650885832704
41916385198080
36429598031872
340104871936
3787265146880
12207764013056
67088177692672
144884145061888
5774449836032
27084365758464
908123992752128
2328526451638272
65227118870528
121898696441856
2684982430531584
1344165581422592
1768346091520
3206828261376
4546291040256
9251688808448
1713157308416
14266186858496
34349281968128
866783985664
14055704100864
3271916781568
51040904806400
90504339390464
201426886197248
641304652414976
178537394864128
2019141746688
1776099524608
60393234432
264721743872
1400552161280
1946067402752
9627627421696
169568518144
3095985913856
35977867296768
69076961460224
1667827630080
25038667382784
98305392508928
58770872860672
175324905472
935611531264
327209844736
959738150912
1014631628800
2354263883776
7822979366912
200883257344
2031020802048
2255352233984
3823479816192
17020900868096
15710023581696
104715337596928
44726615015424
218621509632
369070112768
1012407336960
2158753873920
1707656609792
5313136164864
99399385088
257336803328
156894085120
327364640768
19461799149568
1016665079808
1502416863232
12876261621760
87441994153984
377231708782592
3919041265664
153429016576
504419385344
2011616772096
64068919296
686477082624
2145417166848
2640279502848
2080865910784
100894556160
171787190272
240117579776
5983314640896
16658955501568
486383288320
9677946486784
31598019870720
98200039981056
2944649658368
44178830524416
134140561195008
182149831458816
236623626240
1183275548672
946810126336
737511669760
664613421056
1680537550848
1570823471104
98229149696
363083300864
3014218219520
7322499809280
5518148501504
15267521363968
48517208866816
25241396969472
333484589056
14108897280
281580384
2129100800
22441551872
42709536768
145257398272
2490438656
61833637888
434138808320
317057040384
94010900480
432187375616
1040562782208
8076148604928
2395326720
4594891776
36181278720
12526647296
11754098688
56065716224
86414311424
3254263808
8706371584
43846164480
184109088768
334740488192
502805200896
3767689543680
2428077604864
9380158464
936600832
15829082112
9612232704
19861508096
616549384192
1014006272
1774348288
8986877952
235867136
2527933952
7298613760
9436718080
10959703040
25668677632
93439533056
31665254400
126847008
1332477952
4292609536
8349668352
3320703232
47950880768
1667330048
117730028027904
186939793735680
175234363686912
622490413957120
59593070663958528
1083993575391232
4620087193501696
21536284577103872
26937987635871744
433995725022429184
8661486599667712
772864936509440
1000906627743744
2068390751502336
10679461347328
564372862664704
549485532938240
3806306855026688
4509602917908480
100225762983936
365944031412224
1623227860254720
8501899573592064
19424730478018560
258059821645824
45182982939475968
51452342406479872
207044035284566016
5176944735813632
33765426563383296
123350464308707328
222110213623250912
25238897164288
1533403719532544
2657400418992128
1220909012615168
920161578123264
1466041452462080
9524458272325632
83505438523392
629565164617728
2202945231781888
9405645518274560
2350394546061312
11160584187805696
31165431603527680
30529542368002048
256333781663744
10196220903424
896949485568
3648048857088
30343109279744
126766773436416
287320494309376
4737425473536
451918941913088
833686438150144
4240680519991296
193145115508736
778720654655488
1729986520154112
4894481379753984
2504745811968
7299540189184
35502447132672
14272027426816
29154208645120
2736988880896
125411325378560
4094116757504
50248479145984
134259234832384
392582324551680
310518350872576
2152436684816384
2092717312049152
2465866352427008
9431320363008
2444472352768
13904963960832
26763409227776
11571311935488
-50507099930624
897149042688
2157389807616
7252512604160
150600220672
940379537408
7009555447808
12124906586112
21422588035072
50326094741504
91868989751296
93924257431552
466408439808
1353011298304
5986148417536
9450455826432
5230244134912
36488439922688
2566994001920
1631640092672
93367058432
289149059072
2542691942400
2825950068736
4592055615488
392290828288
22785283850240
36296563097600
178635138924544
3332955439104
25089426849792
88424308539392
299343080849408
103012196352
1046337355776
2736300490752
2406813794304
556983123968
4630348562432
9109918187520
330803806208
2675031932928
5521558470656
33622853681152
19822454767616
61433760972800
204314446397440
78411657641984
668596633600
560507322368
983861231616
1903371616256
1845259796480
10469622415360
2102790784
46879879168
197734711296
1671928576
19479140352
72618491904
88308563968
323014983680
1539421765632
2162214043648
2629052923904
10671497216
327347968
109854867456
150574022656
47770660864
646604390400
8204816896
350215488
660319424
5862921728
6564826112
46896836608
2616166656
2226487692361728
32082558451712
176633533169664
1401617211457536
4224456012595200
15261849532497920
262649363300352
14212274415730688
15434869068791808
122853433513345024
2078183948025856
22871566287110144
83102772454490112
58121438774689792
142687923601408
570829003816960
2805842541805568
1482415478407168
1256418325823488
2354171701362688
11507142951436288
187906178154496
1550381322600448
7509068490997760
18591672178835456
12144737288978432
18794899293863936
91917385375678464
27995266850226176
714558004002816
422287895429120
1330163988037632
2735786793369600
1585620589740032
442879042387968
9657440534528
13598786060288
97886649974784
2417331273728
20018890801152
50318809235456
98175192924160
122858453860352
1229408216023040
1908316380856320
771534771716096
7900456550400
22260574322688
41761355333632
91419335196672
27553116979200
1576477946544128
11426804531200
442270908416
4666305806336
11604455325696
3916313133056
25274473250816
4692041007104
581305368576
2929900126208
6598262521856
105326198784
2160910532608
5209141542912
7087096594432
19175045070848
24059513405440
66836867579904
45487356903424
597339734016
1118327799808
2500922441728
6344929705984
6238906613760
63382006792192
2456454692864
10108647424
6166716416
39954341888
52501405696
563855884288
52166004736
4503307264
-4202457088
76082216697856
8578166381608960
652325617664
3471809708032
55509822472192
1353490759680
6159069609984
81099829018624
162332734914560
199417344819200
44897644544
12826804486144
1326731101208576
189334323200
501684895744
5982899107004416
99525305827328
342087400685568
4652928660930560
8877358098415616
39353329339334656
5890940862464
62629313773568
41947506933760
103323105492992
12147662782464
16915147784192
171514016038912
357942943547392
14503609630720
5395099156480
9925404131328
277393751146496
448062967250944
456606965825536
135403323392
783216210345984
699615141691392
9462014816550912
123817657630720
599157937012736
4378657418117120
5849287506264064
14673926684672
46006938894336
106395139571712
17240711757824
169846816768
9872300048384
770969152
3649137408
12098437382144
3731318374400
13428709130240
45920620118016
76963179921408
536715890524160
51001098240
143456124928
942064467968
1578368499712
116422729728
787523108864
2649294635008
4646466748416
6537199222784
117967822848
320067698688
3424028983296
7386163576832
11527055736832
1601806720
23606367092736
126269949739008
328077318029312
6964197195776
63561330065408
259501890469888
498175672582144
358403506176
209203888128
5015539286016
1258590044160
859999567872
1854436802560
5293922058240
275521044480
921834881024
5189062885376
7168380108800
14285762723840
25924219174912
82939039711232
45782757539840
111496536064
307666550784
9968581632
-3176018176
313650642944
520460632064
2045604397056
382947104
1511557955584
3586274099200
17377890664448
172391333888
2592191283200
13625282527232
31902840913920
9498471424
67516133376
203990024192
95032229888
116875198464
54153994240
1283518758912
52946153472
261032820736
1003843616768
2607314370560
2802145296384
7545462718464
7610337067008
9125493735424
112106946560
60862558208
189002743808
351038963712
409481838592
1564123070464
14833612800
529797939200
160867152
771436672
2559928434688
145483087872
272562339840
7227431714816
14230557294592
30605005815808
4212585984
21418577920
65661210624
147734511616
9785630720
45453434880
33119244288
915979763712
673653719040
15660534784
55175778304
300542033920
1055832276992
3064264916992
232353776
4949592244224
3150162952192
11308594364416
283101036544
4650733928448
20598260498432
20501491613696
16310816768
15881842688
376928862208
286919589888
140385271808
245640806400
612114956288
25172967424
124382691328
329427189760
725636612096
473198362624
987660550144
6710828728320
3207433814016
22207772672
238404944
171665344
346360736
2679034112
4996768256
22469980160
9789370
28516352000
69723545600
516172742656
9586167808
53002924032
303674064896
546881536000
316391808
540378880
752638080
808416256
1775988352
4883561472
22729011200
198860480
4789715968
8344559104
18031079424
22020935680
123437907968
371122896896
329857564672
586975232
1127621376
2208731392
4827514368
2695821568
40896016384
113804232
113552872
208826832
27415274
184970160
693579712
392341280
966454592
1969207168
19450822656
12497306624
90425720
126298672
339943552
624982272
390084224
6381147648
165688784
1748941668352
747408598237184
76181004288
443370373120
5413937273110528
346622483496960
933477587353600
5218516261142528
7711722227892224
45064055295049728
5822966923264
46875184988160
36502960603136
435821605814272
8393752313856
66226403409920
240950836199424
1275303833894912
602355607273472
25072790142976
64098465218560
453368728256512
769338969686016
1998730408493056
91602870272
1112183593238528
7850750319263744
17965157783175168
686484889796608
5388987271217152
11535805415686144
26349708112822272
38764156026880
252822562013184
238381070024704
276963549773824
157234340298752
128469786689536
1019083667537920
22471300349952
131060901871616
440632371838976
881992270872576
983502346518528
2726327396335616
8591562384605184
5109526634168320
65741692862464
10687507070976
130798223360
421440716800
3177666052096
6180101423104
43940908630016
3996539136
67059673202688
96773238423552
379986091442176
7483934375936
69721701482496
277656952111104
167021480247296
710996262912
1208277008384
5318601342976
1344056983552
2937179865088
9035763941376
-3622216400896
188132687872
7758124941312
28367594192896
21651441844224
12188699852800
195742597644288
604431687090176
90222230503424
2240848068608
187002994688
3086930673664
6509925236736
1872229171200
41589774745600
29307328512
206827929600
1225582706688
45704978432
485330321408
1136904503296
1279147114496
2262814949376
11525882380288
8118503211008
10003205324800
19752155136
262505283584
1107877429248
362519953408
391869300736
4643193618432
282357399552
902699614208
11539449856
34625499136
345920077824
123797315584
2121638871040
826537920
1785216368640
5521290035200
21875214254080
695211458560
4723772489728
14429135568896
31016469135360
29669277696
21475303424
197255938048
258840248320
263048445952
298603675648
1467540963328
61152215040
157178789888
894534811648
1611931975680
3313429643264
9629404758016
18690816868352
14182202212352
-59572736
67535572992
611409854464
593810489344
120212692992
3084302680064
4460203008
1039676352
14251071488
100613496
3024942592
7516490752
17531592704
41093476352
208091152384
152901156864
155226439680
1374491264
2349552384
10602448896
15049979904
7192210944
107346182144
1955849216
124845336
224597472
373983232
265771504
5885112320
415666464
17611345625088
383262916608000
76836978688
309539897344
12525307898626048
110569822617600
779430196674560
-154166827679744
4962643584483328
28050590323965952
3371740954624
56062963089408
63222400942080
229380815060992
5455493464064
84801537179648
284533429633024
342864756211712
948670363074560
18081571143680
110308148379648
573178283819008
781325418102784
2462014840504320
433579261952
7954075958116352
8157006183530496
36076767508692992
843737735364608
7192839175798784
23256358849609728
26841215580241920
23182811594752
208464475324416
185815183392768
539891884621824
114516880785408
74722976989184
520553223946240
40117473378304
319907417817088
1174508736086016
1397743956262912
-28470054748160
3658524546564096
4853976616927232
4158176345718784
112288514179072
7925328773120
120279384064
304548675584
3588908646400
5684699594752
17237334294528
1642065408
67099116437504
283908746772480
329992403681280
18195939328000
160203655872512
316873694511104
1142960724901888
620817154048
2674343018496
3225387794432
2324366622720
4462256062464
8449900412928
-2378327654400
1100837421056
1245048733696
6889836904448
22878332387328
48543117082624
142396989898752
473972458127360
244423854129152
2585129648128
569591726080
1085474996224
8543609552896
2558807506944
71932816916480
30731923456
462325776384
1199045738496
43223482368
285717790720
531722076160
1881726124032
3086437580800
20402535399424
20103028539392
10696517484544
106386907136
192058916864
906433462272
1119948111872
950817193984
6830320254976
313910034432
173174898688
14194427904
90001653760
675792420864
500738949120
1597839769600
654487040
2595156393984
7281836032000
2090673111040
1234382225408
7361941995520
21278809391104
54115719708672
12750906368
195584868352
299782078464
271758376960
194104721408
46954663936
567846305792
12990830592
259244752896
2790185762816
2459849981952
3996127592448
9243979677696
22344837890048
7063199547392
79818244096
119945773056
323483598848
265722707968
409264193536
1841095770112
1347580800
5863287808
14428686336
759471744
-58351532
2644838912
17265698816
77715939328
268759842816
303357362176
129755127808
789982976
1694638336
7303779840
16810776576
11876518912
292917542912
394721664
115213328
698297664
1308192640
681859200
3879070464
475312416
534872577802240
32819262783488
85692499623936
751751414153216
504229898747904
4097754745798656
600169250816
7244408311250944
20056509429841920
20105776999694336
1031540750417920
5380543365513216
27485583081209856
64384776697544704
27902592679936
210822680805376
458482625019904
194841191383040
195229667819520
1026911513870336
1904331322294272
69586389041152
242506939760640
1305712605003776
1143780661002240
5744198246465536
23773183001755648
19146440219557888
20924324751867904
155986669076480
101389145473024
717097470525440
375136435830784
453359500787712
4363671203479552
4393026191360
8543668797440
20074247225344
322912124928
5311786647552
8089948913664
20289480032256
111741744709632
375941809307648
636117606989824
642110629871616
860220424192
1701439602688
8499465027584
14281071394816
11463937753088
290609701060608
177880154112
159758548992
270773583872
1201449730048
1259596939264
12978725322752
852733984768
253278437376
1235828604928
2154318528512
59848867840
1197694592
2194115133440
3172573118464
3454598119424
28493796605952
139125325824
25270096494592
374657286144
706917367808
462459633664
3835737407488
1249293762560
13303248060416
356431200256
646880064
8145225728
21160411136
25637466112
194834071552
6810513920
735670848
271668626849792
316434232115200
2019232837533696
61465310527488
829194976100352
1021009624825856
3798179166289920
2251248447258624
7106714880966656
20374315534909440
29203308006604800
147977108717568
17173858746368
1147802092568576
3469597256712192
1299771994144768
3298442273095680
275157230813184
2994119901184
13201000366080
17381237719040
-2857423077376
175628695371776
10094369570816
702899552256
173349011456
1610398433280
83619774464
1634116960256
11676304801792
456657174528
3504843776
72773204443136
375063287169024
71088786854903808
1635333091360768
6553669122129920
753558655860736
10703844933632
32131598254080
422906572046336
1121740432343040
2940707199254528
43924416626688
41965735378944
4546065579638784
131221317222400
524630624305152
22683264183435264
568527975088128
4884280832425984
40417119724109824
78511177537159168
70657353095053312
6191181398540288
213074871058432
361694530371584
982471353040896
29190023806976
205864443052032
878638840938496
2695659450793984
821481617489920
29495492870144
158596297916416
569361400070144
2447164722642944
4465728484802560
269356239945728
5450761785835520
15000980735131648
40389666293153792
511117214351360
5159581256777728
15769960269742080
82750001020665856
117147296595968
248171833851904
620729678692352
103535152726016
1372202205184
46060785369088
675756638208
2546561187840
542008464637952
14398793973760
74291534102528
368500476477440
994242918875136
3406213471535104
52422613401600
2047165202432
4917696659456
20284736274432
252363603968
2556208349184
4741822152704
25267380682752
13786016645120
351653691392
3275323867136
18302642421760
50397641179136
179085422624768
3474467323904
265844986740736
740761465257984
2624128381091840
25237435449344
200876325076992
753913930186752
2580698208665600
1295905849344
7382780870656
29299948126208
4631294377984
3285031059456
1029425987584
18016509100032
148515061760
5754498580480
-6698303488
14701830340608
100376967643136
249751123525632
586787156131840
153973134721024
1831133773824
2151825276928
8047290368
155159887872
901133107200
707154411520
9469675175936
291920314368
8924071723008
39482858405888
56839987265536
1212769632256
18859685838848
25557790097408
163117623410688
66050613248
445757128704
1381409751040
1460625342464
825275121664
1693876092928
3302035292160
253489741824
554425253888
3978635509760
4799501697024
9305396871168
21221823479808
51333923078144
42925266305024
340287848448
224453328896
642001207296
1455167373312
1705660121088
11246756691968
57390039040
1588266795008
91096498176
387868459008
51220060307456
788735787008
2262752559104
14137863176192
42018524889088
220264646311936
5276786229248
268353323008
447862996992
527082291200
29485285376
414325997568
765414473728
1881905823744
4805255757824
43132747776
281732513792
2430833524736
5379554541568
23827874578432
289482866688
13836526551040
30349595770880
203864313692160
3206458900480
16779371872256
64314719338496
178426010927104
219672395776
623710437376
2189509132288
314861780992
232077721600
1174499622912
1788745089024
113840201728
385102315520
2912929447936
766781358080
1719536320512
7781109727232
32479303958528
5335831543808
155625586688
35765010432
874043776
909417472
38693261312
9416638464
98769698816
2698310144
173388726272
420493000704
1640534900736
26201194496
299893850112
1109272297472
3678827446272
1236315520
8136440832
8939888640
-808155392
6067545600
17899898880
79501819904
1670829184
6726931456
41928015872
109482835968
270902460416
431022637056
1403548860416
832095584256
8033895424
4489134080
12315801600
15854253056
19764527104
222730174464
793661376
1315991936
6826783232
34210492
945868608
7141710336
3177310720
13761977344
15460833280
79392784384
32530178048
249292672
516588544
3162123264
8869088256
7073697792
33527150592
820209664
52232393326592
5806682504429568
110556199518208
230173488185344
14400342443687936
105021899276288
1384685645070336
13621243966128128
57328673711194112
229615978210656256
3950696676196352
381063624916992
485436262711296
1483826912034816
38435532308480
283113540288512
557026153332736
610245126651904
5273822555013120
51370879090688
366051573366784
1204938042507264
5548616173223936
26046296590647296
378768099115008
10665556994686976
50516675191111680
182822962355765248
888521225142272
5162395534098432
78688138779688960
83425745405214720
254730852892672
597847233789952
338550226681856
269102669103104
388500998324224
1105639942127616
7342211695902720
137794689171456
973361526079488
2374441799516160
6736930007941120
5605479929610240
17420937108389888
11018067509248000
12823726521319424
134988532023296
42913677443072
872417787904
3272863645696
24262349946880
81244717056000
263710991974400
1389108133888
402950610485248
580086000517120
2777084514533376
48747979472896
359202644033536
1064506302136320
3014133691711488
2881342930944
11386070499328
27011229679616
8121351143424
15691145019392
9855941214208
138861158072320
2726471663616
32197377523712
93916355362816
291440945004544
329793459453952
1068871867957248
3691306689757184
1613322323492864
11950938390528
2265569034240
12698054033408
25314067480576
20577066680320
236759132667904
1102022967296
420712742912
5543141310464
149660811264
1631284625408
2525309960192
13922285387776
5168266477568
22724887969792
42467747430400
118856668413952
330815111168
1280700055552
5702621331456
6683746107392
3325078536192
15862554689536
1247286657024
3719142047744
68494663680
273214668800
2148262477824
2995047890944
18620356755456
253834362880
22490206175232
63473715249152
133510593511424
2698055516160
16490586701824
65645945290752
120680544731136
267220008960
751303786496
1128629403648
1125214978048
1787179040768
4218913030144
14623323455488
390651838464
2537026224128
4511508725760
8420837031936
20844103335936
48910043185152
112826911817728
26322961170432
619013996544
329825255424
1013201108992
1794614362112
3037536976896
23366446612480
18954436608
57704538112
49616953344
2083378688
18119290880
82823888896
155962359808
403610796032
581989761024
1301765423104
1285722865664
7433974784
7141087744
21066993664
11423165440
42412433408
850484461568
6206791680
746313280
1558715776
2443131904
4549871616
43308728320
1150288000
188094250745856
1189066930388992
139502861418496
461687106830336
35931640563761152
1919536446046208
2293607562215424
37620752417030144
99955665778245632
176820590940782592
10603914550312960
364606719524864
346636979011584
778594825535488
54902801825792
416967638908928
958739779682304
1790975995281408
2974226734645248
106226193006592
513651916144640
2135184472276992
6975591676903424
32096561185947648
274881597931520
27262803127566336
64186065740627968
238872680705556480
2548652383928320
50819629299269632
52382413279461376
235092439470178304
72304046374912
649262018854912
4165918829576192
1381113440239616
234072966168576
1601484185665536
6918162595446784
156287048351744
961602308276224
2857195586715648
9342145500545024
3563756093177856
18080214588325888
43779812828905472
24299353002737664
453238134407168
21925222940672
1170443730944
1279005032448
40006060081152
36787141476352
352934239928320
5429474623488
341579957010432
664791278419968
864497862443008
70937290473472
210698898505728
-16644780851200
1522805082423296
1491845513216
5163563614208
29127954399232
10166141452288
5215282528256
42630402539520
93443774742528
1860796809216
16158457593856
62898722308096
196670193139712
395333553094656
1010945778253824
1348194126528512
1572380816179200
3810331459584
2311793410048
13438672699392
27534141947904
13459209060352
198821300666368
715418173440
1574266994688
8892526362624
213237694464
1665039597568
8824261967872
645422252032
15733400535040
67184709599232
130001504567296
63023146336256
588997984256
934708641792
1516635160576
5091687923712
4345972654080
26544110043136
1080431083520
5015300210688
58126667776
4074227456
2692851171328
1130760241152
17489182326784
278519611392
17590613180416
31230384930816
126126009614336
3426933800960
42941162717184
175910166724608
321953432862720
151531208704
1297057579008
3083418992640
1086402920448
1177640632320
3862114598912
7582657282048
131626778624
2182556286976
12033521090560
7456539803648
15264628342784
28484885807104
277878579134464
111980559990784
1823715491840
753104650240
1242210369536
1719458725888
742840664064
17179641643008
12801573888
39215038464
113828569088
2016902272
15558553600
30411577344
101898436608
250832994304
259916496896
1945324486656
1086219223040
5689280512
16270092288
32211255296
77481336832
66661240832
1077839265792
14051972096
416420064
2503393536
7656457728
2753244160
37540769792
1193876096
2900550328778752
57180560556032
461968829841408
1435831189372928
11578100106133504
7073080992071680
827542017671168
21445879810490368
68395022021558272
155830639088631808
4264812330614784
39034337823293440
20923143635861504
144671747117940736
335540964556800
2014196585725952
1177393075060736
926615102029824
1277197914472448
2466871911645184
7257392534257664
775269983977472
1996504004820992
3811501886406656
38841231798697984
17899883943952384
60974117397987328
133782467424288768
110463260318236672
1041879407788032
573971510591488
2299840901939200
7693110523985920
2965460706394112
32973587065339904
14270545788928
47122263048192
145238177873920
4298032807936
40332989300736
71133659398144
419724538150912
708636317843456
996092841820160
4716147358302208
1294309735268352
7932949823488
17000876212224
67610523729920
302228527120384
83591094599680
1952958270930944
12550429212672
2653888708608
2364210937856
11506287640576
5043591839744
25243638824960
3944719843328
1520779788288
1919432654848
8336567173120
84186038272
6078890770432
7069809246208
35526404997120
28991960383488
42367084134400
108632481988608
182553323503616
1178167410688
233687547904
5192409415680
21621544845312
10154713022464
41325210632192
1008272867328
6470650368
21245462528
118151258112
234451763200
614399934464
61631422464
1808591616
2072604517072896
1548063248220160
8097798448742400
204625999298560
1283631372828672
7303967159615488
16964012717637632
16918565521195008
39413768119123968
144880379449311232
47023500979863552
678297608388608
841948143288320
679637302640640
1950251770445824
5382674206162944
61445812181270528
841089284046848
4555891802112
7006033281024
90852860887040
44193485422592
1154928785489920
40108434653184
2435960274944
2830834597888
4264532115456
17442701049856
1687994630144
11316556201984
5805697925120
16199030784
24596680015872
286679738875904
93679493120
558043889664
7511418911850496
312086852796416
886087924842496
2626437731319808
10604514771992576
15465064836366336
2007641358336
40157579313152
86524179775488
230268430450688
6513739431936
4088309219328
307335578779648
95765850488832
625749220392960
19823488663552
46010298531840
315510411493376
247661571604480
1815569917542400
549850054656
2779456141787136
4208765154885632
18713945602785280
879839082971136
2851967537774592
10741752935743488
47293199156248576
68689470685184
255522066399232
262189818576896
73903636480000
83194699317248
182356006666240
434832354050048
33264737714176
173603165306880
602377082109952
332769871790080
1537951284592640
4725850226294784
6634428465938432
3769921502707712
59001756712960
6182595985408
235715952640
626988875776
3781728927744
7759247966208
27500927254528
4743927296
21619151994880
138630286802944
456179448807424
14979188129792
84111205072896
364635307900928
400855471751168
572103327744
2660346626048
783783952384
1702578880512
1822052450304
4846471086080
15788283002880
521206169600
4436809744384
6728000733184
55130699333632
69963494719488
156676095213568
55595520491520
178737815486464
1111270752256
357175656448
2716487909376
8437623160832
3765376385024
35093840134144
235844173824
187754364928
1724895330304
43243794432
227623337984
1483401986048
2212689084416
2715684175872
7920310288384
5596796944384
10253179551744
118903480320
52673622016
476255223808
1554314166272
638416060416
5090537635840
148847214592
261878382592
6752283136
79375556608
289151057920
817235820544
2574012645376
389229984
800747749376
6256340762624
34476698632192
384985923584
4128012763136
15526581501952
30648517525504
55293497344
101590728704
114085134336
194587099136
198680756224
561925718016
2067806420992
63406768128
220530147328
1848265932800
379105247232
2282991648768
11876117250048
25314587574272
15442290671616
62822318080
90009362432
135333855232
415715885056
511616319488
2950057951232
484916672
7737301504
14674909184
272088256
1758807680
5804376576
17849915392
22959935488
159193300992
322662301696
-62791847936
984027712
1248842496
8478206976
14906698752
19836540928
221053845504
1730704384
146771536
617962496
505559232
506161856
4506220032
644879360
741709981941760
20458223173632
25767423508480
801713963401216
1071645074653184
2555486213767168
338295029760
2697912698011648
5578946695397376
10197357241040896
705373149331456
6189956259119104
19992288931348480
62931870865686528
14902186999808
88334038728704
105027217653760
212127327453184
221097366650880
310371114024960
4659138646769664
53590487990272
503973308006400
1281055466192896
2448281682575360
3172175066431488
10694418101174272
21006932005355520
-1591620659052544
108958899503104
93509935693824
677530822508544
410020898406400
695112808005632
2274651992489984
1647945056256
5986468233216
13855747997696
559360049152
4672080314368
11761700831232
29888840990720
75049763602432
35682089172992
533500973285376
348925626155008
2492100247552
4173764493312
7279302672384
8519035650048
8904396242944
131400078458880
1866317037568
150374432768
548504305664
500907376640
626283642880
6807316594688
717989871616
352687521792
504641552384
780293373952
4510264320
200739520512
262440058880
3454600740864
2678737076224
13793144864768
26996079853568
9888342212608
183172562944
405667282944
327021625344
904020951040
1914431471616
9668910907392
206929100800
3256032768
7356245504
21276213248
5651153920
221760274432
12636622848
180268224
1464454193610752
20229243535360
57147584937984
240801065992192
1035907389980672
2325384414625792
196623384576
3700712131264512
13909305275187200
32306486302474240
252874034511872
6029740557205504
4235899147649024
-2084968251523072
84548704534528
103219522961408
476915584466944
265333449424896
186362657505280
1145037341589504
2650140045213696
132003689136128
234476424658944
1792390515916800
2874624295567360
2721834860544000
8959958909452288
27219095392878592
27260071528366080
316608278953984
83939246997504
401491596673024
1463665261805568
323958108848128
3201690618560512
1350283165696
-270969470976
5512053129216
263003209728
1038745534464
4644807901184
6350240743424
80581404655616
24506328416256
381964125208576
321058368389120
1747981434880
1653889695744
2427637989376
27484634480640
10254936965120
237529441763328
5121658322944
303132213248
605242523648
360580972544
487452246016
7194268401664
239659253760
2858369024
560674504704
3099550810112
86297911296
383296667648
1634469543936
1157966331904
2505453338624
11753137111040
36935770832896
11242357915648
211282690048
425907683328
1069979205632
1843984203776
900231069696
9013845557248
328399028224
2168724736
14247407616
20739964928
2661229056
133733285888
15622027264
738705856
184198463750144
241426856148992
3285747423510528
143272374697984
338226929729536
1290276895195136
5325881316737024
3073373907189760
19490668963430400
52783988426670080
57797306182795264
88539517681664
333583298330624
1782398408720384
1818972202729472
2074037962407936
15941525959606272
394457178439680
6412343181312
8731726708736
33870311325696
16779673862144
301713131044864
24049931517952
1055262965760
325650481152
1107013795840
1409691942912
2127571845120
15125311389696
403082379264
6064168960
260265841000448
1024736515588096
2233443391897600
673169887199232
17277055703973888
1032529465311232
13832963489792
1560441520128
85148053798912
7341517521813504
160836207247360
523537689346048
16364538362331136
376471264690176
2188266509959168
37460485712379904
72970738444795904
210678831747432448
3783331464347648
204296595439616
402178657222656
1285039451013120
50570320674816
380130945925120
2215357955702784
2197316408705024
3171554175221760
154732807061504
57564599418880
3373953435303936
2473227657936896
26463745936982016
416727523393536
16482407297318912
44051963431616512
159655479264411648
1703532474400768
18959128105844736
142126377699639296
196304229042749440
98765776093184
784001451163648
1455314905858048
857526862086144
340575605751808
2125395973373952
2017721009045504
152388946100224
1132100094787584
893995832049664
1033655753375744
3241845073117184
12223266471018496
38379673138233344
9340315844476928
398135247503360
20059128856576
1017272926208
1811692519424
35443328417792
108860266250240
-27721828663296
6957438599168
95790076788736
275330036137984
3034822817611776
39655776976896
250646372548608
974210990080000
921807355904000
2881316454400
2988287721472
17201029447680
12382031052800
15814157664256
40149425586176
110150677430272
2026107568128
18753028882432
66956115836928
236978008227840
228939574280192
1021957805965312
1839406851817472
760454628507648
9850559922176
1295093202944
20639876382720
34874513686528
23295036489728
159136222281728
883311378432
2038257025024
5473034043392
183998955520
1643144675328
3558230196224
7745138327552
5661097197568
15958127149056
90821068062720
49167342764032
391446921216
1683164758016
4009582657536
-127373090816
3707972354048
64477689020416
324918706176
3713006043136
74804592640
202528112640
458656317440
6873378455552
16779345657856
570438385664
15288310431744
17017024282624
109062867910656
2942290362368
17587089965056
74449801969664
101695656820736
157924671488
790555787264
2705272864768
795948482560
1376651837440
728788041728
4077795409920
334702116864
2306631794688
798982406144
14649559875584
15228031991808
82002317410304
158890486398976
41371742240768
1034355408896
289353859072
2440569290752
1435498446848
435743653888
8326095568896
10390945792
30002939904
26734628864
2910993152
13206469632
45223403520
164286054400
199937425408
334273773568
601962315776
1453957054464
5466167296
3166165248
15044780032
56159350784
48322691072
313325912064
421527360
542901120
1032683264
5741629440
5277446656
32634329088
2236240384
406271794610176
99969113522176
134087218036736
4144617670836224
4843249936105472
3558139081261056
599295510183936
8048891119271936
-2178902675947520
131088818555060224
5568021909209088
7411059484786688
100471998156636160
206394653409280000
161994422353920
1261986482487296
1285044282851328
1943930383892480
1399095126130688
1227082357014528
8586943684149248
387190932635648
1893518071037952
4678310307037184
29328521335668736
12165517414498304
44347203778510848
139855130274037760
45673420960038912
188781781057536
576880075866112
2951495620231168
4435806252957696
1733733073813504
8523049066299392
10569067266048
40738687549440
90525503848448
2681315262464
24062097096704
121458772672512
33753403490304
51811620749312
1347815229882368
3024220690841600
1266620886417408
3907273883648
29594570719232
27090061623296
-721021829120
66747499544576
2285670462652416
10176625115136
346721648640
4439951278080
6754395488256
6155273240576
41957774589952
2221690847232
-96528662528
3426737455104
-619582586880
249894371328
2300927541248
2461278404608
5048024694784
16530696830976
13041153343488
80992228343808
79285800927232
511025971200
1150756978688
2442842603520
10151219167232
2796746178560
54360553816064
1331470532608
20936777728
26974877696
87875928064
58642702336
674719203328
33530927104
536410752
3201700550672384
54657888026624
653286738755584
3668107423907840
8659043837018112
28747236166860800
413843654180864
18991198626643968
47372256619266048
173155145591291904
1922919940751360
43365013477392384
140057337334333440
361805433674924032
229395595788288
1641765744410624
1630012834840576
1194792658665472
2486912229048320
3017475176267776
16781732158111744
608985023512576
2476774227181568
12641925924388864
14459905050148864
31561854937464832
89512976784031744
284714825160851456
96483468187271168
857548471140352
524455101071360
2309271576379392
5648426918215680
664200451981312
14071284598046720
2286427832320
31753148301312
126038206054400
4498896977920
31481512591360
82942789419008
224036332240896
466660041424896
1467039092834304
1226367916048384
2330730038296576
6239079628800
13851139506176
88276929085440
109804748013568
94171419377664
828321554235392
17250338734080
844980748288
6111816056832
6012894445568
7571862192128
26232158683136
1544783921152
584004206592
2934926213120
6948364746752
550779944960
1521596497920
5425256726528
24924242575360
15898562789376
2390548807680
75234178760704
64032354598912
677967822848
1579978194944
6788031184896
9020820684800
8732458090496
35577009274880
2664201977856
4698616832
68907204608
51729379328
60931973120
555759501312
87866753024
2688928512
2056476109570048
3595275247550464
626688610271232
198486947528704
2223926281240576
2459081646276608
20167729755455488
30252873459695616
81250980124950528
157078241188773888
55057748408139776
1039695953788928
1298785359626240
4643486712201216
5257865677766656
4927808715358208
54014951823507456
815230628134912
39927630790656
116887081975808
107451944796160
84661355151360
2009117250027520
36718577188864
602971045888
1931922636800
5099782930432
16405101543424
14893620133888
127151491776512
5018738491392
36740149248
1531480379490304
6024080327180288
8107148055674880
6394914245967872
58861951266062336
4333031443660800
74122981801984
4661108015104
1244387853991936
5922112405504
51407340175360
268439398645760
664354802368512
2679980941115392
340874231808
5463107669327872
7562956371918848
15697692076277760
580412082487296
4924942361559040
2089621848588288
14308312031952896
60454764281856
163679240716288
145574208733184
390278108151808
304697059573760
793626472873984
1431141353521152
90783856197632
679042114125824
1101971503185920
2565835205902336
1651893545730048
6928908603621376
16540608399147008
7137345513979904
84900648583168
147026444550144
460578300624896
423048977055744
11382988734464
5501550310981632
809542287360
1652135821312
26371470393344
25524195328
1548307660800
13031997177856
38088130691072
81687744610304
243566387396608
515999719751680
68533115420672
1916417343488
2777288015872
7626883072000
13195583422464
12375540367360
152158578147328
2345710387200
197810126848
749888471040
857709084672
984131698688
3799855923200
535437312000
255695175680
533122285568
2600584871936
45951041536
333061488640
576620986368
2406699237376
2578477219840
6777252347904
21145180962816
21131765481472
41992499200
617903357952
318624301056
1630681432064
1059116351488
4210545393664
304326803456
1065008640
5836754432
7531640832
-831096256
87875289088
10211078144
270218336
176498191368192
747256261115904
931489621475328
5578974822400
216649961570304
1408448491159552
1578746763018240
1699672640978944
12612331452235776
19688220279177216
15507309060947968
120600987172864
305930084286464
1271826252562432
2419675589771264
1103893970812928
14516588954779648
503860900659200
2358034825216
8059639300096
15717059526656
21363964248064
33598971314176
14690773106688
424166162432
-835027520
582969458688
1223480311808
1445545115648
6749774413824
720955375616
2433139968
109529240961024
617663944458240
1439353196773376
62635894636544
561484866256896
2352732350447616
1221960742731776
2334923268554752
6865296379871232
26227226382958592
21393741055000576
377201912446976
624686417313792
1996840488665088
1574579436781568
1262542949187584
9997320212971520
256062980620288
3541467660288
1442304491520
26911090671616
13831508066304
505645157580800
9362055626752
802309341184
344777457664
969610690560
2479792062464
1473570406400
22554314014720
754309136384
2944346624
295543913840640
1143903067570176
2802192624910336
2057423820947456
12955015081623552
1472579869081600
13874662211584
1056254132224
1001950640340992
4082537408233472
74957623132160
550556019982336
1202377973563392
2490935002791936
38682189159727104
201134509654016
-452076983287808
51684863345950720
160896312496095232
2970840689803264
49495649795702784
67562713194168320
124895458534359040
37950595268608
403160124358656
1811906981527552
1383612440117248
3317925586927616
1926265854492672
7663186949963776
275459170369536
2030119237451776
752976754900992
7697956320837632
32074873748586496
41813349167529984
158367470111948800
41620827258486784
515372520308736
472710677266432
936716529565696
5704300684640256
2050457786646528
26725657337659392
12751382511616
40901111971840
91624092729344
2829244956672
10191856730112
33032731885568
198478424702976
252669855793152
871559996637184
1312168880373760
1017838261239808
7837426647040
22529097859072
116132342136832
107601161355264
65288829665280
236643336323072
6182464913408
56370540544
2601760849920
13284134617088
7308567904256
23023507734528
4693568258048
1383904706560
1514967007232
9845233156096
252881649664
581364416512
6700096028672
9235165347840
3295588122624
32529109221376
183725027491840
49945201606656
454381371392
984999198720
6544024928256
14109829496832
9017798688768
54934485598208
1703184695296
13569355776
39955496960
88476966912
48665251840
602815725568
17281794048
1053343552
2029515794546688
2043935073501184
16913862532005888
300966142279680
2740584540274688
7597873382293504
15753263584378880
33618160724738048
62710516841185280
100684032102105088
80508019502219264
651903692177408
2273389808975872
2111355725283328
8428926468620288
11422548201832448
112968291403694080
1942631961591808
11353668452352
65981535748096
136111011659776
143381225275392
605177803440128
21928811167744
4117493186560
1553340563456
8213924151296
17634263302144
8686492712960
57020535275520
5041885282304
48779395072
382210381185024
2435870032396288
11413725265264640
467515578777600
3887871236767744
10696480759218176
14659215155003392
5704883726450688
76442695517601792
193343450387578880
146375749622824960
197038620803072
2097230114717696
6355647507464192
10972026533576704
9756462741979136
81097331964903424
1967140252942336
26808533647360
88296768143360
9815057235968
9750062301184
1855143746207744
17931620581376
2251324915712
1968016195584
6553162743808
9265190273024
6805582249984
23002762706944
8177959567360
31587790848
2352310638346240
9614780360818688
17711253275279360
7569187295723520
51194034483363840
14749607036715008
70649636716544
5644078284800
865972109967360
522058207330304
299477063696384
1432348776202240
31457414217728
296750799650816
1214461864050688
2734215640645632
2912010375266304
16177486094139392
14969103487860736
-3706703342206976
218123051466752
160374196273152
382401440120832
771621811912704
1023922753503232
3457259694718976
522416166010880
2920305655808
9644336480256
13202880462848
14383863300096
47632353329152
16721969676288
328372748288
372909015040
1161270657024
1435693088768
1293888389120
9267931250688
600683905024
5100804096
217292344393728
814588866068480
2535835396210688
1536533676949504
16388291678961664
1042062212333568
12919494410240
868977016832
202021621727232
1041045110390784
2592478498652160
1055237896929280
36856797994156032
2023647392825344
8119423860736
1759666110464
1254152059486208
1949939848445952
1982907748974592
20569152431325184
372067513925632
1927675543289856
8674836431765504
3085557387231232
10520926118477824
50523886441201664
115218536439218176
151877396570570752
994287479160832
952183646322688
6545356749799424
14563324641411072
3901047391125504
27083505422827520
4035011716055040
29859982082048
50430277058560
45143335895040
72953668567040
798811035271168
54843838300160
4828257320960
1077258354688
2001835261952
2683848622080
5968419618816
27980923404288
4491046289408
18375225344
1990275228499968
6465699065102336
15453958050938880
10090492012265472
92016745149104128
6163936810369024
75290600538112
3295937560576
1343629650034688
5060170480615424
13731482891714560
1860361460383744
46964118762029056
4380464525606912
67041587363840
8294995329024
8181838610694144
281750391488512
1169775011037184
1027705545949184
1260288896663552
6648235712053248
1380527177203712
5906120572928
549771345920
1172732498673664
2238462732271616
2003299582607360
3515102972084224
17908493205897216
3934728524660736
60550534838353920
3178401158397952
987453521920
4682476945408
4287148039602176
9762817146093568
866368454918144
7589520744644608
