2120914
37006
4623447
33771
33771
282370
622213
136030
2207076
56714
1654690
3180998
737733
11755511
42729
12981369
82096
412757
1013862
111452
620526
379
2497219
35197656
1094895
8699595
228908
1945709
124623
2496610
28475214
20226852
3849077
107363160
97295
55822760
176528
3797176
205636
1140312
8442
72108
157964
34875
558546
14528
73654
159740
35068
555992
14596
3649692
2357782
673245
11221053
69061
9896714
24889
135861
1276579
1944075
29659436
262956
20094
8706513
56897
292
908537
22583618
7505618
107512528
3819872
213531232
379569
2811371
4923839
11525092
168292768
1156683
143741184
275974
1437332
129142
54359204
282862
27274920
64318
354123
1789
2816614
624062528
1072030
5329061
717337
4074
82053
3704352
1192460
20089416
35795
2346537
34397136
1490880
405904
1342958
47294
28357
3632
881
566
182320544
1061678
15136680
3926263
978964
953433
1254278784
39354164
8711850
336994560
441812
81280568
576847
1578650
23814688768
4286849536
84556357632
11536876
2752257536
23871302
4064780800
755907456
83492280
1528000640
1291379
962943360
3799964
14805676
1079763
440544320
274555
181381680
1028260
6597524
402046
12668917
2846266368
17420856
184093584
2851264
11732
166861
18295606
5267389
216253616
994704
54116
18289
39813
8606
136849
3669
832270
624373
175816
2837134
50038
3060542
6596
33375
428612
494534
7603688
82523
5078
2250623
16838
82
268096
627301
569712
171728
2863416
47146
14826383
6325
30410
124565
503682
7828596
74171
5142
2341944
16236
90
270152
43001348
12186475
214113136
154010864
13545611264
1688936
9987194
4951581
13378136
190872560
1597561
365259136
218754
1384091
97341
69677088
429299
62385720
57390
352521
1424
4311193
1510679680
944560
6186399
3264213
32348
325281
7478360
2996136
26934496
13094
3111803
35769464
783061
268443
211642992
870860
2895
14298302
1257823
9578
1120
4095466
421
3429148160
305065920
869524096
2397811712
226379956224
4120808
93079960
2015140
1183259904
769899776
41678929920
1376820
8501209
796795
5422050816
414223171584
37306752
93418064
74075016
766689
186589152
123872872
217897664
38222635008
1209241
25291824
297594816
133689352
11762374656
840278
8409358
1799711
1392893696
10753424
515870016
1023947
6388189
17204
101704464
5499195392
15544855
83627368
24481606
78495
1541562
23214276
37760208
314241504
115880
7993070
103230
2956875
11331
59083
6098
28568452
2281909248
4906220
27166860
6317449
71451
365154
13725922
10017248
52364444
26970
8108
1886008
191
2488
130157392
718838
10733885
211358592
203114960
893604736
480389
185030
85193
2477778
18844
347033
14574179
9105380
530474
280759520
2317113
75039
40410784
28386084
164517
229
586463
22743
3144
993
82953264
203093
1084038912
-2369741
786337
56763840
223934
55416448
237375
2368312
661604352
6051474
836148
76642216
376419
51304104
239041
2127325
38863355904
7542326272
169379807232
167632032
129675640832
1037530304
9296891904
2886229504
-42546508
942966016
8229918
609511872
6757918
14430720
3565420
1558733312
1213799
235415648
1668942
18037640
274310
24073560
4333355008
63497304
270132288
5649656
107858
778947
51953364
23373542
212358288
1328786
2756800151552
147146604544
3874096152576
1271010944
953463865344
6243446784
28466579456
1918816384
683653070848
715087488
277975269376
1327736192
8955778048
310198624
-1307679232
4485785059328
28453212160
94062149632
246799568
4867890
806037312
593699136
450133248
150187900928
1147840640
3170774016
16185399296
174665696
80824967168
398265696
3178228736
18566724
15263549440
7891669
2781019136
37385004
246925888
2464760
339386880
88601829376
217709536
651718272
417503264
1804862
7322922
408458656
372179040
1958521728
5994980
125445040
366272
96167064
355625
2890235
1694915
77626680
31333083136
224885344
1246787584
87416048
301574
4678885
70981744
84839112
351662336
1829197
112576
15118616
58983
529691
1256024448
6512457
58973024
856383360
1988167040
4749881856
33336080
896383
393672
27857600
90262
1783813
109075536
65972636
549696
158230
44121
744823
35791
3949377
1652
9615
169762
132777
2073923
18687
1249
609456
4478
51
72291
25736196
1371648
23743140
30940632
5496544768
196225
5350063
3187079
3400656
49157436
484724
43400776
53764
300323
26655
16845560
105947
14071302
15893
98635
680
1511685
264293024
269285
1596331
2220042
16692
78559
4042151
987481
5430608
4355
1218971
11497960
546607
70636
52195796
225714
1600
3623392
312414
2643
344
1073683
150
17606706
3475759
53094168
130732704
3210471936
402921
3702091
970270
3625103
53142100
852554
76764896
54397
339825
23622
16791676
213401
33041004
15514
86806
592
2943831
443432448
256233
1450393
1063058
18659
72349
3228530
1532036
7922319
3021
1968112
23652736
535362
68797
53015804
232233
1612
3798893
308456
2755
381
1111978
121
5445912064
344719360
3541736448
2541669376
204847972352
19165970
147561664
3728778
1281961856
569047104
39542079488
3611199
28655442
1275153
5581037568
623096102912
39149688
408674144
7467660288
46249388
246344352
11655103488
3211343872
-6362606592
1886593
38081132
771854656
80138736
14168420352
1544009
8728311
1697699
1789792128
13856024
1149697408
1144939
6093609
27182
179654656
18341410816
14797769
105274512
46144364
342993
1995014
99004448
74138184
507947968
98046
8686138
65855
16032835
9159
42492
11354
56742944
7017234944
5404551
31043126
5582176
87799
1032608
15533089
13529959
56961564
24408
6590
1995841
233
2504
427939936
971323
2185918
430654912
182239424
764109696
544076
621290
1937852
6184760
81718
2066287
10625979
7243634
527749
567578752
5816285
62851
146435264
27818068
115814
30269
103431800
3044
343
578536
2226
12926131200
175490220032
155197407232
8061804609536
675320256
1053588736
35521504
38649315328
9066013696
1088152010752
70601920
413293696
6690235
133411766272
18645000388608
564837696
474516672
79987015680
308921088
814001024
65439842304
71062347776
760715673600
8881451
123454632
246983312
11278968832
287678
6491887
1462309
49460645888
6367890898944
388653952
2319560704
8143623168
63385048
501291392
16664712192
18757918720
94594580480
2999095
44650896
2324377600
199324
1005888
109754867712
1324826752
10576537600
339867828224
208487251968
1999517908992
125361496
87793400
32617190
10383467520
36931768
19982924
15844833280
4876091392
8545514
1815631360
301836800
12289456128
2531713
36795996
829527
2246068224
504337072128
65769548
1127839872
3436523264
27129118
212109648
4390483456
1540927744
4823165952
1354930
198693408
615134
165574016
152485
862914
225069
1176310528
82300157952
128924896
756388544
169373440
697215
10845384
405542592
222612320
1835680512
671573
247141
18917604
3019
27790
3305966336
27755062
287713120
7188273152
4489423360
48734273536
10562074
6226557
9393546
65709268
1225378
10502595
148286976
94252224
2192
5040094
855081984
677129
4122722
2341529
24461
-4055
2173672
2414838
16188228
6087
37144
2777275
1026
11053
1323844608
4260229
43403492
615382144
464004672
14708263936
3522601
3185149
1994974
7732796
79187
3874894
23781706
7742517
465494
3982
14984
378470
584376
5043972
44
66727124
29999710
219475424
2763298
29330546
677946048
49004992
19289
2489967
859498
2505778
63363528
876136
323398
312616672
331751
3472
12588099
111
17801
575209920
5075976
2015840
36287592
110725
19426900
154965
1393361
12562106368
4003139840
84179337216
59291456
159735447552
500214464
2915846656
1205893120
94716480
558191488
822457
435809248
2671505
13970013
479337
298354624
345990
188989248
306300
1225997
215552
7864008
1831249024
2566744
110635072
8285384
34008
364995
22632816
7489304
55751912
440693
32676411392
7706315776
154263601152
133396880
45896056832
122075360
5698840064
968510208
99811152
1180910976
2561594
214797024
5261038
22631286
812590
384435296
533102
204576128
984539
3090053
284670
5581100
4881923072
20855636
27494736
12451464
101607
174777
21934252
10111485
53461264
751170
3201608712192
313155911680
2530589016064
9673293824
2001709694976
11034785792
41992196096
2995806464
643801546752
4403561472
569002164224
1701008512
18808203264
346306560
55941341184
4220144058368
12288048128
331884101632
40977350656
329864864
2405884416
45540876288
44610125824
257391017984
689147904
3808349184
88883396608
344358240
173565689856
127041440
3915575552
60438252
24083034112
63710928
8077599232
18637438
634068864
301863
1053611008
72474673152
552948160
6695908864
353181088
1944201
12054983
282508064
269264064
3123596288
16399946
125127008
329292
4217870
959789
3324543
283865
243236384
18057730048
54879200
1861250176
78367152
405735
328205
128772600
80010520
597193088
4433877
38234
8741163
23660
744338
2101699968
6981687
75206152
2540115712
887803520
468168448
17492564
6826007
12754523
85907288
450081
23226198
21069882
48758176
-45019168768
-6247183024128
290069315584
94684659580928
1001966272512
6616922456064
12014743552
26078626185216
13897699328
4581096423424
21781065728
292064854016
1943254272
414909333504
91308756566016
571878539264
9958524452864
92826722304
1042071040
10564632576
639232638976
316853059584
4219010809856
16350863360
205635043328
595830592
112138223616
721112832
4842222080
791467456
240659431424
43202824372224
149269970944
2270929354752
72419319808
291309856
934173568
44263768064
90143506432
683753209856
8472837120
172013296
12552034304
148217456
779136960
2282519265280
880606720
64181272576
983205085184
1969973624832
8455427457024
45881896960
94184480
91020800
35343044608
306455040
30796334
90527612928
65059655680
2107216384
370478841856
940774080
162379497472
934770688
10616957952
93768672
13740816384
3135502811136
34118244352
119982325760
16566908928
4787956
404725312
12240984064
18051092480
174164967424
458041888
1731374848
1132617
554624320
10997952
23827768
9232280
4686872064
743088324608
8561277952
50503499776
3028101376
5070877
66228344
2154255616
1900739072
7930194944
50047620
987313
138408992
650573
2364698
41437220864
82587264
1101885312
30713477120
33554075648
130179203072
1851978368
95889384
82284208
773859712
952175
43767252
419961792
720802944
96715
42342520
4234878208
51180568
44902800
12447023
171872
1096230
32430914
15732916
75205400
1676200
45344
20924316
235903
2020621
6352519680
5901301
317080256
11517849600
10243467264
30305251328
153148032
22075988
11811912
131985128
336948
8219693
98800512
116376848
4309815
9895
126474
11865351
2441120
21163776
180013
181809184
241855488
1457533824
4633461
249371712
893687296
1604647424
115558
11220649
12254502
20426684
9174408
2891252
50708976
29373080
4064392448
231675
696188
2466864
925987
13385828
391787
16945142
16171
80815
6756
4287246
67335
7354167
4165
25484
143
1056065
148155536
63939
495158
494606
7607
38628
1329417
962281
7735052
1274
178726
6015080
238659
20765
14882932
60192
458
998161
85722
928
89
267063
76
2180333824
49742088
439538688
363493408
53890011136
3035713
29841390
775971
243002560
174584640
8982537216
952860
7220159
338135
782073856
548308123648
15057764
182946208
289014976
20719264
116864304
4049613824
3361583872
6011449344
492607
7426155
171864544
52860656
9210304512
325721
2595919
441060
482425024
3172808
204449344
332130
2497252
10404
90366632
5066273792
4860697
30036652
16343321
53392
809477
36010024
10793466
296388512
29100
2291600
69458
9427743
2814
12723
3679
32991908
2708089600
1544824
10786902
4311867
14257
315670
11622099
3631374
5341045
7980
13057
968345
111
1937
34219264
342285
6617385
215558624
78405360
1344579328
144199
1033127
528139
2280951
14170
603428
5581986
1085554
113604
185244832
666048
61997
31347214
6756319
36300
11250
35189356
1227
19
154384
312
2662372352
118002848
1672996608
591317504
130644148224
6116542
47041572
761071
606707712
124436280
39572176896
1032053
14256568
382668
3157817856
829295558656
39966160
318552640
1853003008
27579616
219498464
5866160128
5563680768
14279177216
1403304
6753208
353336640
54578396
6572379648
605963
2368847
434421
492841536
3905412
672881408
348803
1893846
14734
58643456
8070663168
4378723
37509876
-1113338
331852
537168
50686264
27585898
171864480
49338
2018748
82312
4824719
2782
18351
4667
27800772
3762464256
1592796
11718161
775824
53902
279321
4967348
6660750
23301596
8122
5682
1960697
47
1312
110788832
743427
3298748
79766248
87058168
1034835840
160127
612433
182425
2712373
20228
550456
3807661
4877265
350028
85050928
2871414
93815
26959326
6841761
29879
9692
34812236
2635
91
163558
417
13393821696
152121475072
271022030848
10877923229696
1053125632
5454755328
42437428
59934085120
11854344192
550143918080
183236672
528884576
7590174
77256146944
27321939525632
2599663104
15651064832
52707540992
433074336
3325230592
135961075712
154803748864
476861431808
29569550
149381936
109987536
5989509632
574639
5862156
1499296
76936052736
3407152676864
790687232
2267828736
14790780928
65729252
1059967680
28772044800
53075275776
66660474880
5733975
17972436
3071932928
206283
2027124
158742413312
365992384
22915082240
500599848960
703762923520
947369869312
205104528
756438400
1836941440
5330877952
167473968
3519860736
18291326976
15006920704
7904458
5949873664
124925208
49399844864
4124440
34733168
1512290
6760015360
1424059662336
36712552
3031741952
3338982656
7323007
364440000
3346046464
6623760896
22121885696
3962862
221731904
1721579
42902072
159837
1009159
406492
860473024
255082872832
163323536
891824768
203135776
3841425
22382778
287013664
188245504
4686667264
1022083
563543
23224276
5398
33960
3377145856
24198334
381787264
7618792448
3853762816
47226494976
9072983
23712180
7538604
88599352
592006
36101748
134778272
131294768
1861
2621013
1129868032
726437
5515642
3093251
30877
364158
10426647
4049391
26033384
8064
84127
2513849
1865
15162
466187136
2764093
106868976
2195493888
2056449152
12818950144
3061759
8095206
2354001
32001540
77008
8138151
61514520
46806756
218349
8228
45117
1945310
368824
2357560
753
56501624
63349752
397931232
3533071
182597568
967435712
1128738560
475407
2022817
1839734
4157317
56407224
1084769
341596
641347904
242758
6600
15591746
28394
466
1261057536
1923202940928
381977755648
50891050713088
2205366272
22569242624
617127424
2633300180992
354554247905280
39012737024
178093211648
5301203369984
30297061376
253986504704
7715222978560
3508305657856
56661360246784
1719828992
4980452864
1560771584
155643510784
8973556
61566928
35087740
1308702670848
279106369355776
12330272768
91766874112
137128058880
2099246336
23382351872
409258885120
481382301696
1396467826688
112888192
362357376
33524215808
1767751
8878125
4102465519616
12841361408
209405771776
4393423601664
5717270986752
26132502020096
-81415744
13525812224
7534125568
88447393792
931227072
32127039488
109446569984
166302482432
142191
9087397888
1044825899008
30834776
478720288
5921380864
46849020
389172448
8093986304
6297220096
2129246720
517085
105120560
2925567488
339557
3903518
747370577920
14578499584
-4677209088
1291655053312
1978751778816
1804576489472
409394336
4531154432
2140074240
16139368448
153545216
7478440448
24896299008
29440745472
451617984
7102220
76401584
2190501888
1628132480
4624238080
50132
52778184704
41605705728
259079143424
4327538176
101637406720
477951131648
179494518784
19104946
3832128000
1553666176
2937928960
242653120
103022616
14326486016
416149
7573762
1077278
21123098624
3517228253184
160961344
9890322432
3455918848
53141860
164426352
10529458176
5630412288
15415510016
7648012
13523434
1680326656
230902
587939
99080175616
419884096
10375289856
120378179584
65597423616
957427941376
25821518
1114700160
549002880
3804854784
39927896
979391744
8825535488
5785336832
35864
224709296
16113830912
16975094
102114344
36515508
285398
2700596
1084772
16797080
361420224
91888
1116561
13415910
17931
305877
14483173376
261176336
957075968
54225985536
32797622272
567122526208
93858216
118340832
60015972
353877568
3482255
106593920
1521708416
508172704
1674304
51103
466480
6441712
2771789
34145068
4562
836758848
830478848
4246260992
35036580
1245858048
14073653248
10812070912
5188555
21893504
6653190
14952261
36799
1300770
262
1076
142669152
1441796
10383045
253890080
202773120
875140800
396240
1300722
538221
2782047
3430
1257900
20572400
4483025
1500518
19468
95755
3443902
1581920
5119399
130
660630016
166544864
1184702464
8510269
257818016
5610569216
2531361280
1362780
5494324
5954422
3047873
448231
92011
1181361
12508
443367
2757581
421956
20616406
204586272
67706528
287877504
773939
155217
106255664
-74401
2115
2925336064
1796188416
23714177024
158174368
38936461312
108291712
1244513536
557578112
36508496
583815552
682087
333842368
1454090
12433281
540563
223393936
279460
25172572
434319
3852014
45266
4454864
764938624
6252013
27489612
5734674
17659
174187
13039163
3094459
64715272
224460
801803927552
-35860201472
62115627008
1525911168
1096392704000
5580620800
54477824000
1186789888
-21647769600
305404768
203267178496
1786158208
6757071872
147633280
5572288000
1236956086272
20282556416
117155971072
12797471744
95648728
547431296
25914249216
19663212544
105833848832
813286464
4147094016
99272204288
165509328
48715870208
312943168
1349754112
5310783
19353122816
11215832
2475547648
10271731
183499760
1182214
306589760
28619425792
428008416
2166265344
72686600
1676750
4548716
348245024
92496440
862540352
5671717
83275104
139776
9458594
144047
1608548
356607
122868960
9582399488
83648336
698287808
33382734
225241
1950056
87287216
12089262
211406848
1554049
28564
8152882
64424
440100
536543616
4770149
7347837
1199604352
664677888
3282797056
38758712
8565718
2311882
2039039
108428
6394243
13172212
26575200
899906928640
-7587348480
1415445086208
3959839744
1441386463232
4689425920
28848889856
1416707456
458370678784
766157248
280343576576
565080960
8450446336
335097280
17146402816
3308143247360
23651241984
120057757696
11655118848
79146320
265889856
11851993088
14491789312
272725000192
200222656
2969112576
60399185920
390315360
75256545280
72818000
4422005760
12195050
13375213568
22541058
2201936128
31457124
137171200
1326333
305060576
53036851200
554391488
881236352
82638328
702638
1788103
184673632
174838112
941110592
9952813
67215904
267267
27123576
61054
1565333
587793
70564480
21244825600
161065584
402909280
29465156
253581
838781
13209565
47311400
266093648
2316805
70873
6583011
76944
270540
525057792
4472288
12571059
99270592
828018944
3227288832
36208536
314747
3771723
6629184
67086
4357708
27784492
20281160
13307914223616
165586541740032
1278305501184
142990551023616
705524334592
7746042724352
51761807360
59966442438656
58532823040
6544066347008
71010762752
1440251117568
10125893632
1307769831424
71973434556416
337645928448
13159541768192
178731941888
4207230464
12805701632
1043217514496
492505137152
3194214154240
20628852736
157506224128
686083776
170254761984
659624320
5778545664
2300749568
331808243712
19913961897984
155593834496
6124664258560
662888960
1009937408
6031633408
272101998592
152832819200
316876783616
2782096128
53608084
4710734336
138686016
1364030976
-827298152448
19470688256
145214275584
3387402747904
2361580847104
6123200446464
129669062656
21521731584
10492612608
9735690240
837053760
3518663680
204098387968
62795616256
1297157888
1085523558400
2889660416
332028149760
3957343232
15307986944
915336064
47017267200
8545860321280
65354010624
385164279808
3339812864
200909104
763272192
77920272384
38974042112
57041158144
852621568
7623021568
3992737
1158876928
10696909
48534712
76852496
5476373504
1667952541696
5733770240
51405373440
3693908224
19578068
127417312
4507296256
3087244544
16789065728
97023432
1081392
409769152
1530145
6515164
18214422528
361436352
481236480
47211409408
47248584704
199000326144
786446976
270733984
81477576
316662400
2828125
97307952
532522624
372291840
524011
65789420
7083566080
96332032
181736944
27594800
134306
456371
38473780
24815438
207650560
1098671
170825
65616724
354299
3250713
6756125696
108613776
375476800
19763023872
6489765888
47370334208
457534624
69012792
19205494
164034448
542393
43088024
180931280
160395328
4070155
41246
278175
13144507
6694832
22672896
105431
1543239424
662166528
3133442304
25411362
325987264
3999559424
2003013504
1915334
26659636
12001245
31807594
1611535089664
-80317750706176
750923415552
122823339147264
2851603742720
587019976704
818230919168
24406317334528
4598152258650112
35101471670272
22301852565504
21774706147328
69549039616
-135097720832
46573912326144
19953581293568
222699808882688
1214620106752
3946206199808
8268446208
655326576640
5044798464
59762466816
45590265856
4657274421248
920730795507712
4891394703360
63125588017152
2420401504256
6493693440
74116866048
984737710080
2845696327680
13141533523968
21503102976
1456719488
121453412352
941367488
9013058560
25790416683008
205572866048
824068997120
51397739413504
17740513411072
213267641270272
341900722176
44298362880
84404682752
953262014464
4238889472
162308145152
776847228928
1096231616512
429239232
44605022208
5003038162944
47494033408
275707035648
29552918528
202247664
1259299712
40405045248
6131815424
258247999488
1389974144
120205584
66432352256
467679104
1417154944
8691348144128
14518249472
250406305792
15011306012672
9031497285632
32159343575040
198006341632
26953392128
15897539584
215499472896
582569856
30306523136
221777657856
236888375296
4696330752
20917738
352351744
5993697280
4395913216
32239851520
274961952
629692366848
596182106112
1922006777856
16058425344
350369611776
3806442029056
3123655475200
58220972
14889086976
19101880320
5427225600
86337028096
363661600
60168712192
604872128
2635902976
492574080
141666779136
41230171897856
135845068800
1109711519744
66644799488
348407232
2159524352
68949909504
56210530304
219368210432
2346528768
75450240
1524658432
80368200
281797504
1393308205056
8473757696
27317639168
1147749662720
1088799375360
7470581809152
34082281472
6543898624
3534477056
26347698176
201006800
6948779008
87964041216
32744300544
2418697
1148118400
43869487104
1000352128
10088339456
399188416
4071117
9221422
454608864
130011384
2519568896
26505172
2050245
343386464
7499273
19966784
137341272064
1527433472
2682807808
389616664576
283178729472
721158668288
13052889088
459054912
322973536
3807978496
11816797
329642752
2761933312
1658714880
41592716
48552
1494476
58003184
15338484
211142624
3106925
7513027584
7720074752
47701716992
270471296
4965519360
71480901632
28228767744
26140030
192804848
59160404
276547840
80277
19048868
73477
1043699
904721856
10855776
57885380
2625399040
-62377544
14618782720
78885520
7370055
6483695
15739339
335161
4248527
35724324
40282172
12881690
5586
425679
10051891
6015361
37740616
138992
3415759872
1511590272
1626805760
90600576
1452486144
21945923584
9256482816
8515996
20558630
20181342
32532844
706680
1346662
2249388
24622
1912750
10279738
9024013
38270864
1056531712
376596640
430108896
2745341
354822784
74979864
965729408
489102784
13935133696
4679901
27209496
933811
341073952
37403204
12255375360
847279
4606509
234670
1279479040
398893252608
8200471
106341888
1372538368
4424383
92488976
826033152
659991936
10182382592
301529
3781089
83622904
25797684
3756545792
51558
1548282
123781
141419312
2627274
326354336
94003
333141
2528
30573398
3895531264
1606487
5581812
9116670
73020
455360
13847503
10072020
99296624
11432
651585
24245
4015420
758
3520
1024
7022896
680044160
418190
2840784
772116
12376
135723
1873656
1208489
13530469
2404
4801
490834
47
324
13479246
159333
3213310
54849168
33499280
96026680
44403
171169
319156
2740260
10176
348994
1610474
946898
171926
49261288
532043
17358
25265162
1939579
7556
2636
7345198
701
32
53656
167
3553208832
117603393536
102301900800
10856724168704
625936640
1240922624
19449344
6417643520
5311202816
271596945408
27130516
163251632
3565199
96481492992
819480887296
485815776
1147621632
23792027648
367284032
1614351872
32423663616
32921436160
207826763776
2125731
78039008
93294928
10520348672
415257
5897422
957061
13618975744
1990354141184
81666624
297390464
1634319616
62314032
404490528
7276617728
8605001728
44027338752
-881461
23777332
2626886144
115228
582473
68562386944
1078107392
7312008192
318740889600
169849421824
831711215616
42988200
712382208
573215744
3871570432
60771512
545434176
8116715008
4484798976
3699698
2014048512
-27760116
13913061376
722226
17690028
342763
3167438080
307872497664
20863032
124584720
1105995008
9925089
42181684
4945694720
291446912
9108173824
998667
65093824
809112
127566688
47110
359211
151849
876177024
123659665408
49080928
298516224
172215888
675003
2740164
246799776
195127232
597376192
221802
98338
6226342
1679
9992
1690052096
8869074
232156368
3051093504
2027114496
9270360064
4277206
10632231
9743913
43143784
335367
4581838
72281912
54399496
826
4380385
770552192
189260
1463759
2607689
2279
74264
2521193
2689914
11941106
1706
16688
1236850
495
2105
752645376
3243387
7180948
1688500864
722797056
4192484608
1015197
2615561
1982856
12755554
82184
1619613
21172912
9485990
279392
3856
22363
486619
339452
3721596
395
30453396
20133888
221872704
2573270
31963874
284434816
109707280
485066
1522797
1374607
1595721
17509742
422166
218743
229459744
51284
989
3533542
7497
46
3569181696
53762514944
56748077056
12030817861632
332876224
3605519872
35536520
17944510464
6228810752
133240373248
37854444
134474880
5770386
58944581632
1624540446720
623494400
1960349184
17084387328
136343920
2285559040
26444996608
22068166656
66873860096
13710926
110382848
95855696
10344743936
456182
3553841
1270791
26995828736
3593922674688
179840208
679114560
3505913344
105244216
543662080
5058145280
2288724736
46208200704
1909917
11426386
651931840
114410
534925
116237697024
1956684288
7907776000
444757704704
111843622912
952432459776
74975512
712924096
1630348928
3697289216
94786352
1096248064
15515371520
6085468160
5704570
1404629376
121912760
18330050560
2131412
15950261
79445
1405104640
560412884992
32187050
315631808
2058299904
22510384
61821752
5222950400
1760747008
7716461056
2791030
57606980
790118
157210464
43573
293964
128284
748985728
93270630400
36604160
301359776
169499648
951402
4056738
467102496
86613088
1160080000
204793
120090
13774566
2488
35332
2451359232
6773641
106878032
6650581504
2211607552
16959070208
4569156
10319899
3428941
34605672
447540
8944124
62748476
56819676
833
2747717
860029184
221178
1438166
766034
17096
82503
3531326
2087475
16814736
1198
38192
2491430
485
5936
32031908
6064449
22141086
2325344256
835862656
987345728
816173
4152996
1334068
11900873
193525
3101019
16798836
17712458
73831
3673
14641
1138654
237442
891190
334
42897452
19798260
108903736
1035076
62480312
510526816
108418760
160165
2161776
1046298
2668739
24919744
675485
234559
227080688
131440
1253
3273386
16050
40
4968053760
2464578011136
684955926528
43246583545856
2702465024
58629017600
336669376
4430584872960
1057613416497152
55765536768
822975004672
2351038988288
48575840256
407709614080
8476878176256
2729402433536
54929620205568
3327692800
3224793088
4750809600
380803547136
18898696
128007176
40881928
3602717868032
422853086281728
18746294272
79879495680
578352054272
1860461568
19163996160
998274498560
842274701312
6304174178304
194793616
403978688
67794792448
2508149
18428272
8323677552640
17818124288
469009006592
19087925182464
8067199533056
83172486283264
5231865344
45188935680
25741371392
166422102016
1554308096
72151572480
593104011264
126140334080
520682
16229960704
1880752783360
75093840
643890048
6729975296
35199456
444097120
14731281408
10264009728
51597148160
2536485
156967008
18641285120
694075
3082549
2463177900032
10392639488
190107860992
5988587405312
3391338053632
25457816764416
1628729856
9645977600
2547191040
48942223360
278115712
11069927424
145871159296
38437535744
1253764352
7417326
51471280
2985566464
1214697984
9856454656
318433
233094250496
48782512128
862798217216
2953343744
275383156736
2676337410048
531097387008
348359168
6501078016
6110496256
6700224512
755090496
110683120
12861442048
518253
12057717
8486294
54689107968
14365607591936
515963616
10486609920
6091227136
141420432
296986944
3809078272
9747578880
132876156928
8495166
27409824
1186094208
231733
1682802
113779712000
2451347968
11658663936
409767182336
133050925056
1641614016512
177942656
584260672
617253632
9523603456
151174160
697523968
7841126912
5046191104
67652
389068928
48676057088
19894636
124977456
57365576
795768
4789866
86168408
76322264
289573728
130788
2369235
292016544
43440
638195
86442876928
583369792
2629088768
25840123904
68048617472
145701240832
146081120
297515072
119446784
911962944
6629785
190846912
1199803264
863069504
7388644
111186
718514
3319920
7366609
86875096
10266
2525282560
3326287104
10537927680
124975728
2839996928
18659663872
16303981568
9614396
44014200
18514186
42776292
7536
4281565
317
1932
387155392
1743598
13300793
448101536
711290624
2023220736
515827
468284
565378
7875823
109923
2170529
11978108
3813331
1524939
29825
257867
3110512
1019264
20464442
1696
970565504
925989440
3062305280
47501848
1036402752
7256946688
6579152384
1022035
8929775
5499572
10576326
183302
155871
1267457
7322
79144
5309716
2313534
24935578
368494592
142896032
243871744
1380960
193670
131743728
1195870
8254
372507082752
126987075584
14779741634560
922623296
8709405696
2057097472
35606767861760
4127378745851904
297254879232
1499943403520
-434157387776
101455314944
592230612992
22160049438720
8559001600000
-39902481743872
5918555648
53243101184
3738484604928
70438872
1652072960
220258405187584
3233984806912
20242786942976
150292968505344
153073758502912
1885631571558400
150363717632
1263920873472
498349211648
5178224279552
60735938560
2491167801344
24447100649472
6036851261440
15730611
307454083072
33236424065024
1444474496
16357029888
60609716224
139268768
2547336192
96424927232
84668473344
570608517120
22201464
2899664640
363813502976
10085439
102646544
62754043985920
715430428672
1410192113664
58877383016448
55354142490624
136604186312704
28771258368
135026933760
64374943744
489251995648
3094765568
201325494272
1289611509760
1011157041152
10220880896
85869104
280206208
13853640704
8086919168
73252331520
4954347
2432629735424
758767222784
6744457609216
98687852544
4329640296448
21559796301824
14710130868224
6630144000
69615616000
19952746496
23307018240
27602822
1942256000
39255
1607013
86646898688
919108096
28123752448
130967027712
358153912320
763270529024
56289236
1136332800
930689280
5806710272
50906112
2302247424
11538151424
9328567296
1820335360
18201406
33822892
3346017024
3225587712
14857111552
1130340
954350174208
445351788544
2467460808704
21518716928
484854628352
7345470963712
4080825532416
2018878720
18763278336
4334352896
8694368256
746305920
218342400
1702713600
18008086
410326208
2396680704
1854727808
31912044544
104383619072
138314792960
84276559872
1924374272
1037560
3200817408
404458700800
106553848
1225712896
1247642880
38605340
328125184
78325056
4251587840
22639388672
916222
61142384
1403440256
605468
9726251
861091528704
6647718912
72094556160
2053646843904
629411676160
8817370726400
885464896
4981551616
1717660416
7017226240
195598400
3388910592
27571818496
4970187264
629019904
3253525
28898760
1088131200
620665216
2846269696
333263
75104124928
28330815488
262723174400
3642432256
102624714752
501554020352
189144039424
288498240
2306311424
1398531328
1510213376
121955
23173392
6732
32306
3208160768
55513868
343373696
12629480448
7469038592
27675815936
10998320
22143364
5618512
79187768
585445
22060280
125208560
74133056
42056624
319606
3074613
101909424
31451492
74638560
10198
22176884736
9929356288
59454750720
504351040
32845301760
70247907328
28490733568
31842790
156807712
129326112
128711328
2821851
1269861
25665828
76922
3256945
42191708
10859712
447718560
1417642880
1715244160
2712238080
9634395
303084
2980
24050
1206403
530763
2822107
173
134179368
38684860
187245264
4725317
100318880
1223186944
434397952
264450
2423006
1847392
3420893
675433
235072
3802907
26396
1038562
-1034895
3362444
156323168
734576128
942219904
994117504
1516422
34837
533605
281765
442249
43225108
59134
688477044736
62832484352
580337729536
1223388160
532037304320
1029291264
14097748992
690150784
232296972288
334889312
94732861440
366711904
3038156800
122603104
6109430272
1473349681152
7953478144
67792920576
1618966656
35261792
187316560
12892594176
12563488768
78170947584
287291168
2041931648
30841901056
144607456
16351344640
123160928
862057280
10460275
9304252416
5534330
626663808
19198244
48832240
2394026
122633432
10940755968
133151840
949768448
77560320
453406
1923199
64800080
118962848
608598208
4453407
49185520
162281
18456234
141649
729159
254704
27478152
4184391680
50064664
168798464
17494700
92960
714561
15284763
26079596
112070536
768837
31676
5828219
20660
76618
220608560
2293734
12585001
333289408
499172320
1008287360
8795718
2190465
1754310
11657328
32030
1078179
23518890
15707003
2836777664512
80633422413824
251455864832
26359766188032
582274056192
454884524032
17383645184
21862927040512
11166638080
7381846065152
40092565504
232556412928
2210635264
55207518208
66249040068608
456666841088
3505122967552
148071415808
737766528
2728469504
427898437632
233424191488
2164266237952
8288011264
88227004416
316070272
90155638784
28589078
3020869120
979992640
71139401728
21348111876096
139337564160
1624883068928
85427863552
309888896
969900224
89637691392
20635967488
568081055744
1946684160
62075032
13598209024
78865824
257669376
1210731462656
5943958528
57675874304
1424932208640
209492180992
11127327031296
59236458496
12413753344
2438747648
46015516672
234650144
7616825344
65651998720
56878096384
1539417472
716977930240
519754496
34151294976
712143232
3658925056
191028192
9728612352
555351015424
21459015680
82262671360
9309376512
119791816
535329728
35887136768
17105958912
69310898176
705711744
3122430464
2474595
917555200
3288039
18834276
12649400
1972077312
271038021632
4870444032
20095184896
493360864
4804574
39547288
982893184
478170464
4314618880
41833472
769192
147105104
509687
4109303
13801185280
87976112
460108000
31762270208
8362517504
73707798528
420162368
21151268
41052740
204866320
1564886
66937236
583994816
358472864
204405
23154296
1629558400
6814963
138399376
7479849
54979
325708
23770144
14235211
85106128
587789
173783
32959844
79076
702022
5873847296
42204520
188559712
11098085376
794979136
16481031168
34152672
8372643
7278141
88589168
714873
13942705
114299792
56491180
2998597
8071
101062
2884771
4703269
25580776
54570
333334048
207063008
1053006208
7685314
320698432
2176971264
1314819456
1118811
3136484
8332380
3741545
4271526379520
114397460561920
350721802240
95391383027712
388757192704
4233382068224
13428457472
18346066051072
10528125952
9519146991616
24077850624
365340590080
3160540672
384705822720
74304226066432
252797861888
5149358555136
314874986496
1118785024
20141230080
217775407104
147458572288
888467357696
10446848000
141680328704
171238192
54820564992
477221408
4022664448
1009338240
24795701248
22265030770688
143848521728
1458960465920
57409454080
185256976
5042996736
47037153280
55486291968
369013161984
4624891392
84070408
9694058496
88624152
294692096
1568943636480
2739695360
67875090432
461618380800
711927332864
5972839890944
40230125568
11581913088
8148963328
33092689920
137116016
10438013952
32230512640
44513243136
1093573632
364745359360
811545088
11485334528
541161664
5032508928
210941936
5411215360
574128259072
8526851072
164736319488
8319611904
59786568
688110976
30263048192
12497675264
42917478400
305832896
2376591104
1697422
688478208
3178559
9636508
13060257
4252334592
337612767232
8961993728
14868637696
740387136
9561714
30888204
1210115456
885972608
7475630080
55478060
397832
38209980
610210
2853044
6110045696
52833000
630511104
32460412928
16742062080
162311585792
1000988672
60577064
47730736
184928288
1984659
70257528
112422880
293603072
83850
23607396
3733338624
27644552
106413072
11115907
12424
553690
1348319
14521634
96113840
498454
427435
55504964
282723
1503536
2535183104
11055587
135356992
-1229761792
3047420672
28320907264
145586944
4115378
11766600
65012488
260613
11552188
75287048
55087460
2644279
13781
129067
3284428
2313236
11978167
151072
175511328
185287680
1084635136
5933285
443755040
2592476928
1488674048
919391
5213884
7471037
13530221
6493001744384
2712268626198528
1723215773696
338460602793984
2456665194496
31409880170496
765657219072
-16815658893312
9673089910571008
59619934208000
167583886082048
40787341475840
257582006272
2188486770688
52799232540672
52031179980800
280202424877056
2085647679488
6907988803584
17858646016
1709284130816
20535541760
110833238016
75733049344
13856537575424
3678529967357952
24346967932928
47564002951168
7899854667776
19941998592
229242519552
4938768842752
3100124905472
12450095169536
150331719680
1251949568
325051613184
3463444480
17118019584
162355031834624
479149228032
4388388601856
84860165160960
52460798345216
-87302659375104
2418896011264
139977457664
29652633600
1084168798208
8164632064
252450373632
2090059169792
722963595264
565026304
88685076480
19186589892608
111215624192
297264611328
26887487488
208525440
1638871040
46773673984
56655364096
63241842688
2726155776
816524928
99291979776
923021952
4992719872
46069228503040
102197264384
1043849347072
5071524331520
23767426269184
54229825748992
1035571888128
17459570688
7721530368
126467497984
2645931264
98753429504
81423138816
375221846016
12145157120
80938576
232560416
19721236480
7204263936
65333895168
130601920
983269310464
364442419200
4229244649472
21370585088
839919534080
5314670755840
5397136539648
3652774400
33305393152
18840838144
44479442944
206264877056
341451360
47156060160
803471872
4735516672
1944337664
504877154304
78438333415424
345280905216
-20717109248
123002298368
911372288
3539922944
234124148736
62472339456
525413679104
4331014144
54743256
32962760704
37862020
1270327040
2283843354624
21112819712
79170052096
2651235549184
2047322619904
993227440128
50569355264
7673397248
8404455424
34712391680
9537416
11592292352
62376787968
46492598272
9545457
1444193408
152102993920
2383827712
5179006976
523095712
5002142
8990737
627718528
366697472
3461686528
43248992
21680876
1288319488
13573700
143490976
327515504640
2011170688
20008001536
594320293888
171600707584
2557785145344
19284916224
1526781056
1067279232
3979945216
19425032
1422257664
3131880448
2776597504
124907504
408928
2578973
87919216
40974760
978891776
3199553
30320103424
11155116032
77150470144
529472768
6908053504
24022720512
33631547392
55955888
166742624
144018912
693232832
115819
10087259
34106
829450
3756942336
5620814
68867016
384007296
754019328
13064943616
147515120
12031809
11251181
55638816
-39789
8336704
78381640
61993352
16867224
106807
816323
55485372
9997648
80718784
1569014
5094746112
4719468544
27447255040
100005592
8399818240
53963202560
23774990336
17251738
51654960
23940990
78951224
2918935
2051903
6538137
20671
1425040
18438412
9708700
555883392
-5123648
842472320
1091976064
5792098
66735805825024
507622948864
98085644533760
434060263424
5309104390144
1377285701632
88869047369728
20942964909932544
199237123964928
913376603537408
99048170192896
904810725376
601674612736
61328970481664
61766352502784
-22107303968768
2510278361088
152978128896
27969288404992
70375620608
874481188864
1338824521154560
12029486170112
49534747017216
3332300842467328
278907995553792
6156296600420352
32498692128768
10204822372352
8567561125888
72759514234880
262627131392
14817307918336
99648383483904
69667917922304
3688832512
608746405888
71886612463616
1625996132352
6080185761792
317258170368
2913027328
19744851968
1020017180672
469292810240
2344720793600
13967731712
9956380672
1560557125632
7598501888
101611487232
180072778563584
1190214500352
7614647762944
313712195928064
237024715997184
56889157091328
16598016458752
1331092783104
202072113152
7554619932672
22848430080
531338756096
5501364469760
5181657841664
17688690688
109224616
3512247040
74765131776
63182913536
580649091072
3278701056
13361472339968
10800544612352
110738198757376
299288363008
13637813010432
88286240440320
80158677532672
28105025536
191636504576
24956452864
428720160768
118436112
10381558784
91179392
905150208
1614577795072
9615895552
65136054272
4157734125568
897369636864
19064168644608
83883917312
7024928768
2517001216
21122510848
354852576
2734735360
48741634048
70494584832
14365635584
96527696
815544576
11372377088
17481672704
89150865408
982131392
1227055824896
4143159181312
26478662123520
111421841408
6674944884736
31633411407872
27719100268544
4362846208
19001860096
46483496960
54072696832
1893661696
51435392
10244911104
76097992
2573357568
21398169600
6384140288
103871954944
536976719872
822796222464
1439831687168
4853133824
210005536
18421925888
5510171983872
21900619776
186505576448
26608613376
29417758
486252192
49136447488
25561438208
249349128192
405331968
99148192
21451077632
475873984
1493426176
13889639022592
36368375808
274156126208
10743063773184
12811364204544
42966982852608
167927185408
19872081920
26386696192
17047633920
1165724672
42949394432
78352408576
135825268736
6838352896
23079328
186948016
3671209984
6878868480
41911717888
175836928
230595067904
417611284480
1512966717440
11892356096
850192629760
1886842388480
2314481696768
1529804800
17610858496
15225505792
31477547008
2108304
254668448
1738151
12602268
42252468224
316494592
1406347776
66187898880
16241893376
192028770304
1822148352
103384624
107388296
736903488
2127785
127204296
1460621568
655391040
402449856
1861566
10828135
152085856
267948576
1618887296
9565914
85864448000
61799989248
256911114240
1930792448
59659124736
826914373632
211043713024
186928688
1125352064
1075376384
959573888
14604598
8255169
37546712
547874
30850280
92446448
63566176
1533540608
17668239360
21522051072
19851618304
73988392
1833228
13091
85973
6043114
5212615
21443228
46327
604745152
256868240
594674432
11341900
314270528
5665419776
1732785536
4753946
12476161
6900682
15392756
2798321
3082367
13517984
126142
5453225
22063894
11325664
342315808
5704162816
7214886912
6386994176
6122732
354868
1814173
3070439
4350040
175614048
1018961792
26045018112
18710409216
1771650547712
156538528
984755712
17122034
13351182336
1725531264
245937569792
21604690
141695920
2027410
37609816064
5310023467008
406776832
905600448
9754378240
46683644
690434368
14389827584
7024354304
82733195264
7451990
115227056
24513952
4825115648
199729
761091
448003
19513434112
2326920691712
149088608
614896768
1349390080
12122373
158740880
3406891008
2945568768
19938861056
2138620
5814492
552061696
45081
423656
63006547968
340212096
5752525824
154794360832
23329869824
466618875904
22654636
355930496
552487808
1059525376
2062548
163689680
2989503488
1548235008
1440051
1506353024
68169848
9869024256
1550284
15097494
256808
1934030464
147778158592
24810570
218321120
409732832
1682158
41095808
915734400
279982720
3808728832
378397
16940336
271527
45437764
13601
81492
20572
147795856
34851160064
10941330
74762560
40122540
424065
3757982
61216972
60624756
234028096
40276
49007
10261698
578
2633
556357632
4705387
23459774
987952384
990254336
2366468608
652942
7755896
4226067
6338987
159379
6670013
34784440
14865132
186
1696651
138750320
60944
368986
465733
4547
27315
935104
1249874
3794664
462
10883
818199
337
1742
67471992
2277346
17834424
279587200
442432768
504468608
252903
1909219
958554
2303197
34712
1951435
12234195
7199069
84514
1718
1261
589473
147699
147502
50
24664380
12276269
110754408
413171
22957252
181727872
53037720
111499
1249278
356251
917866
12747953
159514
64274
165762784
90210
458
1826685
2862
43
1416969088
820510982144
217799720960
38019260219392
710108736
12470431744
297689056
4439824924672
530328972165120
22099015680
186425868288
4070312771584
21296238592
38846586880
6586953629696
2355485212672
23229263511552
400802240
1635967744
1368750080
63127699456
4538917
70104240
32132022
1343863914496
55120981131264
2261388544
66773508096
84948729856
2899790336
2578317824
430117748736
231180812288
277662466048
115335120
122738368
5391751168
342430
12990285
1904785358848
27603105792
59174436864
4078550646784
3545315147776
9937971314688
1185014528
12883584000
4798941696
57111244800
431752416
26760581120
90263216128
90069147648
412882
6148027392
289301561344
18493488
339755360
2105089024
23113576
97327656
3890611200
844705792
28241379328
1364383
29698208
3790661632
126556
2273067
264931000320
13037163520
9817004032
1135176318976
1250211004416
541625810944
317183360
4580767232
1484484096
14010401792
125525352
3840300288
15743253504
22176358400
818576384
3380092
38454344
646300160
394017024
1912790016
253112
70140616704
16358317056
476828008448
3587496960
66896011264
797889658880
345266520064
149249472
2693720576
1281858432
4551723520
94911984
4183053
6175001600
667638
4804185
659496
6911069184
3570256576512
56650492
6712835072
2398811136
15357804
88072592
19484667904
2124162176
37782953984
2180463
15191606
1150284800
117799
651579
109124059136
-60567992
3547342592
287445319680
97778122752
687241691136
54811608
1201402112
429507840
888003840
15912792
1277843840
8862711808
2263256576
17227
111552952
22898472960
5518719
21614626
34270796
275045
1849832
71074104
20691514
170965680
32304
310042
84823872
8793
69160
14374277120
148568112
487476672
54205087744
25520576512
154866925568
33149754
74546536
47190352
112286304
1021512
53959020
642888704
258701920
-242685
48191
342370
8247847
3601193
2790573
5090
1992595968
661405440
2624279808
46716272
1074434432
5504343040
5851392512
3847278
4768791
6773149
21402440
7863
771007
110
2450
199777008
926215
4547788
99336752
116132688
387906912
185412
569352
503133
483512
30712
669728
6201596
5879218
492805
6364
68364
1574618
787117
2296560
1344
476591328
221203072
1213105920
8359221
229243456
2208974080
1568836096
461255
2525055
3994080
3915458
151347
27057
916646
3412
123698
1073013
394676
10378424
46451168
40359004
75318480
194586
25863
65077696
150645
2823
758067904
363114233856
526027948032
22702649769984
1365006080
13758400512
93899504
6701393117184
388262627639296
31613106176
204200509440
1318738460672
37134327808
142477574144
5157385404416
175595716608
27061682962432
804772096
3522874112
1545983104
142190133248
6949096
131591304
18321852
1011315113984
99976134787072
5232527872
93525131264
87460274176
2204347904
6878249472
200455192576
210850447360
1694052253696
146801888
103225072
32459292672
892135
3908417
3065462652928
15544479744
52434030592
3671740645376
2416355835904
30609229479936
2010763520
12329162752
5164272640
49976045568
558068736
30173566976
89518129152
81459773440
321782
9176184832
683678498816
21618502
415651968
3028882432
34531636
201622128
7448020992
1598758528
27471802368
826390
24197686
3708874240
388570
1327507
687857205248
14085867520
15532975104
769472331776
1201073291264
5987182837760
703072576
4302748160
1959494656
14243391488
200925104
6816248832
8615524352
18942038016
665588672
5503393
46842920
1493924224
126549200
1042309056
173932
92888891392
43300691968
180976386048
4245456640
105410584576
436660535296
315673149440
196858528
5768729600
702037696
3927237120
425764800
25719332
6819124736
797757
12050218
2836923
9297345536
3693484179456
137770272
7725288448
6743190528
65832968
228457056
18579109888
3318327808
75773591552
2652868
3660081
995209536
102824
1290451
86803447808
20106688
5222169600
267035377664
135105544192
1217205108736
37845640
1357860864
439931520
2293144576
25850842
185716768
5586735616
4445037056
26071
154440576
19657498624
5837357
29561860
26746348
271755
871141
48399960
33559968
277547072
21932
1346266
112882392
5514
-8540
3072885248
273431264
371970272
58876739584
34145677312
-5801015296
34135168
87453664
28070228
394098400
2992134
105562512
108401560
676871296
3827473
10291
219843
10890131
4489754
5306865
-95
1397279744
798854144
3506885888
87007728
1110775552
12704665600
4472208896
2398915
19416218
15448018
39743348
3364
-215242
69
2248
216705584
642689
2908835
278481408
25035564
1398283264
103254
965691
474568
1064796
15663
697155
9836804
5954109
-178301
3467
67792
1873323
1225058
2478485
-88
484695488
76664464
714472192
10576234
338996864
2535084544
2053207424
956368
4677013
2455606
8191342
55480
156827
833005
4433
260919
2392369
901645
15771158
58894000
53812944
193300656
624244
40739
53455568
598351
2819
460295569408
178149900288
20152649252864
1269610240
4658293760
4328069632
51883330764800
12022688277069824
478947573760
3429578309632
4665204801536
23339018240
1588879556608
26336328417280
24591732834304
58494854103040
5447242752
32868851712
5196958138368
244915952
1880480768
207711698419712
1759761137664
35465851830272
417727915229184
331718779207680
1509271506255872
73742499840
2680101797888
1048948899840
8409468370944
58444333056
2272262356992
9248424591360
16271780347904
15036131
741539512320
93295808086016
1548027392
32812236800
72111210496
1542881024
6518910976
176739778560
135532445696
1089152745472
49895324
1118007296
503020716032
28535286
238343248
166674326093824
548476485632
4086949216256
222849730084864
98431322292224
496392455847936
25570635776
272248569856
53886361600
1340560113664
8061987328
525680410624
4140903170048
983486169088
15112388608
148977840
698928576
32907657216
12734441472
111627378688
7319214
3248609558528
1136098017280
14034300567552
108657254400
7042379022336
29857845084160
10282351984640
11158246400
73734520832
50827886592
39618437120
32158918
856100096
207969
1720842
625852743680
2250469120
46375333888
861226401792
704676888576
2599095369728
140606976
2644436736
1421026944
10060172288
44118060
2653301248
13972049920
19400144896
646542016
32327402
92919208
8690866176
3156182272
32553723904
1853288
1331454017536
64603156480
5747040583680
44557131776
1619541360640
13422744829952
4916586741760
2748494080
23198142464
11355925504
19319224320
768593536
378736352
2027245056
30778694
442596416
5942564864
3644853504
22170454016
142113800192
69825970176
668510257152
1147620480
1031667
5933481472
998918324224
147776832
1427587456
4821917696
59432692
407846848
7935420416
4743287296
20821121024
2249809
36646520
4036983808
1200051
1652343
1670470041600
4179615232
205967343616
1629237805056
1475480387584
17235250774016
3094353152
4410973696
3082530304
11528117248
310442912
4027868928
72744165376
12509771776
386020960
8573798
40520428
776823040
620202304
5492532224
846917
63717523456
72690982912
317904125952
8809530368
94806319104
993806123008
462395342848
789033536
6643137024
779556736
5008579072
497837
3364156
4469
47376
6468876800
120510520
205307456
10927259648
19280130048
66738438144
16431299
17681778
12104782
57213964
1518767
46015764
154658272
68343040
35237644
1515914
4650920
67529232
74989552
958386816
77901
37929889792
35547799552
177495965696
1111993344
23739115520
138324836352
100334166016
67611200
168147712
242184096
174161024
5845958
4652308
13767288
163614
5915921
43237428
20509450
1038115328
5855137792
2497387264
4155512064
27155348
827078
6741
50970
2545048
526115
6529160
849
288592032
109351088
396566176
5782587
251261120
732007808
332730944
209278
4343148
2774794
3764201
675262
988360
2598177
42643
1373033
16661388
6474827
375723168
564558272
1171406592
1217869824
5822554
123741
458428
203100
596970
93215280
365656
782099392
13067773542400
838810267025408
71429177344
352837042176
1739905695744
26138507264
229653004288
10750194089984
4616674607104
-9366937796608
1061568704
24062627840
7065802637312
126993904
2325021696
391570960416768
12084593033216
65525027700736
1778544078225408
2114222884388864
16463171212541952
807380189184
7399061585920
1405610491904
5659077640192
285972103168
7689271771136
59909517344768
13492197261312
366866726912
14140252160
16832739328
1983445467136
856222990336
7144107147264
211568480
83817268248576
33017064062976
511361255735296
2660675616768
21112844976128
636592267984896
478349566672896
60419801088
7583083003904
577204060160
5812625342464
55478896
56507092992
2657062
13805646
5322158637056
10157592576
291319644160
8631026188288
7645223714816
19005318365184
408158048
51552063488
9003014144
130804318208
1518350336
35789410304
185681936384
103355170816
44767993856
524393920
2430473216
117211496448
88946204672
646252986368
20921794
30256895361024
10089829236736
57894951190528
881490264064
22833254105088
108352629637120
57299217416192
32069302272
239783378944
112548364288
263567212544
3293328128
1273692800
27204900864
122684984
3177972480
69127626752
33889320960
1300345913344
3525935104000
2626767814656
5620099973120
12476445696
775633664
8223897
85356016
1697644288
911645056
4502144000
306736
259955130368
89911418880
375364059136
5439407104
57131827200
943407497216
827622817792
376845952
5128951296
2657106432
3346985216
892101696
-12987055
3854214656
50942056
382820864
7674413056
6002024448
335039594496
1232581689344
61213491200
1121848918016
3527233280
221003680
213473424
240226096
569919872
79574065152
23821918
2022922880
220670
2013825
89918103552
1235171840
12355277824
159886934016
183667392512
2410001203200
176207872
1279500928
807530688
-1227635200
51534340
1157345024
3233932288
2819731968
406800736
20799408
79067600
760165120
491563360
6638577664
1203655
884731936768
-11426746368
863986778112
12794840064
799469338624
3957454798848
1215785205760
645695488
7629645824
4210200320
4247099904
510595712
58622660
855031552
6929793
225521216
1086171776
1980290560
23550291968
116400447488
71353114624
202852859904
659306240
6739945
61630
465467
12334054
12867132
50577480
6294
1650886528
2019696128
6522263552
154979600
3637485568
17815535616
8359506944
4891596
39012136
28544366
18137798
14578125
5835582
63563400
669779
27838146
277001600
95700808
6567107584
23387342848
8051332608
54964240384
86179608
886457
5229713
4363579
6746542
747567680
175876
201958
443610
8431
138507
2863311
817562
22042048
124255664
31306414
130649240
1495574
81472
1521778
1208580
1795404
402241216
49936
2607892398080
53478567182336
268629688320
28167804813312
258181890048
2599215431680
11633094656
8001240432640
5649099776
1153847263232
12341145600
94813126656
1454512896
93818388480
19761194860544
218781122560
2093328891904
73407610880
623706496
4231721984
215755456512
134071918592
827792228352
1992285440
34413998080
186646528
33350940672
89200280
1244556800
230257344
52040417280
8876517752832
54726537216
197878743040
12219901952
205402256
689189184
52890460160
35102437376
133724962816
1575779072
15400660
2683449088
45417840
134897472
357674090496
1857798656
17750118400
974234189824
651954749440
2840917180416
22554763264
3221345792
2360254976
14583768064
80382336
1823247104
17281593344
27271086080
503509568
135794524160
390576448
40698486784
434584384
1662226176
108610440
9536885760
1289696051200
5061403648
3562706176
2102106496
52412208
282520800
6691382272
661149568
58559631360
183944640
1357876480
1525552
284846944
1920107
25544356
8880502
889062400
172485427200
1947736192
7871976448
396351552
1809194
20734142
364474176
513572768
3229127168
27030388
260376
48434492
144086
1981950
5372359168
12800647
193758464
4626819072
8557333504
30214410240
209049888
15322364
16102570
164023392
588961
35790660
240538368
179218544
71969
5324138
1307296128
9556904
19382936
5507504
39524
140884
9466919
2966228
36784512
207538
43123
9477717
42281
243127
1964982272
5772774
75090992
1620360320
2963972608
18314311680
74496256
7161473
5724270
44520920
115736
4062282
46931368
27958556
1724271
4503
84889
2081442
1202885
6784991
62827
65140792
144600464
468202144
-338845
175546304
347190944
510824512
656635
4749054
178243
2946795
1533210525696
766557173055488
655102836736
234797171474432
1277490626560
9334941548544
137079914496
-2017317093376
3656405248638976
24106319740928
159592512225280
12939394285568
81455562752
957891084288
32810272292864
12404148666368
104481152827392
1095363330048
3660736888832
1859704832
927148146688
3046060800
10646556672
11847510016
2497160413184
1039252162871296
9184864108544
12475622752256
1850450509824
6694240256
72968388608
2864794304512
1259446730752
21485334822912
33944528896
1016496000
162816147456
1669403904
6224737792
18939130150912
86635249664
901784207360
24553822617600
18658923380736
381699045195776
1253581651968
72985075712
28642756608
708064378880
3822854912
76587188224
430876295168
207045689344
451305440
26653468672
3706485735424
23266226176
530073878528
4686988288
134651120
603329728
37437399040
25461493760
72839004160
618760128
185272192
20337461248
247115024
1802619392
9043814907904
43218046976
392881307648
7301360517120
4572256403456
96596431732736
347983642624
3408047616
13884150784
170073210880
590267328
22856783872
139049091072
90303668224
1815756416
18442956
206819728
5349554176
561235776
5898948608
202023536
310329671680
124330778624
2676211843072
12172363776
481205551104
1425529110528
1985680769024
1515300096
7149779456
3721673728
16283955200
81053884416
366084384
27912892416
348211680
1211216384
169750624
71472824320
19830289727488
149755904000
268178030592
34199134208
341497920
2291430656
66628706304
31454386176
86325485568
1589329408
52998700
57058368
43689584
440681248
915284885504
4276006400
34777116672
796598075392
259263692800
2648819630080
1818009088
4396154368
6160240640
16917576704
140252096
1860878592
21589114880
17852375040
3277535
495998176
123535458304
518019008
1661729536
241246624
1302398
10880760
319243072
293127904
1597744512
11734020
6108676
1037515328
2907785
47025444
171479777280
1362278272
5457379328
338178211840
116120846336
675627008000
6125375488
143931440
-28213778
1359305984
17760960
655238528
5857582592
1615018752
9356361
133040
697971
35025824
42049812
220422288
1379444
5799232000
2579065856
28170981376
121192544
5979399168
73898049536
32000870400
4045416
138365472
58814784
47235508
62537
4838562
13598
228723
453397568
2590533
80592072
1318495232
1343462016
321187840
52509716
3799720
1485637
23588460
149745
2143516
52248768
24844712
3889715
25653
30187
10579982
10158721
46612716
199302
899493952
1282662656
7178643456
20655890
2863902464
7820292608
7958735872
2461742
42725660
12677621
7050197
895362
923728
2967069
17728
1629236
12772035
5499962
41996516
615586112
314712320
505091104
3979380
2307868327936
1016516619272192
928607305728
-11347051937792
357492523008
10235005632512
217377685504
26145814740992
1962968497520640
11854235566080
256347438317568
1024133693440
142144585728
350414471168
47818857250816
17396996767744
265804201328640
698587086848
2584423694336
1178538496
1436603514880
8681595904
49993408512
18462302208
5312217088000
726053148426240
6248952496128
36412351053824
849906499584
20115812352
76653584384
2858501537792
1702510460928
7141309546496
123716485120
461295296
134135382016
1340228224
7441315840
16127678742528
276463812608
1876782219264
38048741982208
20198048399360
63626559881216
1206153379840
85795995648
40161796096
534498902016
3197351936
105260179456
368962863104
277757984768
245592736
18086492160
4662432366592
18358902784
80348594176
-712534400
60750264
1063721280
23178149888
14627023872
52616945664
1890341504
295309088
41457037312
336424032
3496050688
5202882068480
94779023360
531043745792
10048114786304
7368699019264
16151255973888
444466266112
8323143168
6937974784
8323264512
1069318656
11130338304
75371282432
170528112640
5401221120
21016714
16258172
5504617984
4019698432
35191357440
224119072
116003201024
441794527232
1800797421568
14609285120
399007285248
1387182948352
-288234143744
1418149248
22012235776
11871674368
3087853568
21136490496
215000800
48521904128
217265088
1624595968
205246240
122714841088
10540772491264
24361048064
205750845440
48041897984
206736336
2845143296
64625786880
25090048000
107247009792
1541476736
35870528
4599365632
57997216
473537600
868270211072
2599294720
29056417792
1172364066816
559784853504
3416275288064
42602921984
4239953664
4254620672
29703700480
97012096
3549443072
40861282304
28619909120
4521310
1123624832
132447420416
412349472
5147718656
195617056
2013306
15965016
278256256
157836048
2566095872
4806557
6724335
1449090048
6127919
52947400
173754384384
651478656
1129073664
-14030598144
102446874624
65330806784
11823661056
231355600
210400016
1316926208
6862449
305225280
1012126336
1541075200
23823366
208605
1228720
23231274
30102996
237424176
1047169
1302416384
4876301312
24048537600
155662320
5224793088
22928295936
9664057344
24520198
101674576
79738280
143791264
55760
5538345
88751
368602
613871872
6954723
21242782
2199138048
1108471168
8991956992
29319576
4669847
3227694
19952750
98293
6160705
66459872
949586
3785422
37638
377945
1235885
9270663
43936116
258836
91591936
1173464704
7837959168
41343440
2110186496
18880661504
3737245952
4897350
635974
19316914
21001978
751680
680953
4482737
10654
1116555
10305388
2920975
47879136
326498368
370608928
568805824
3827643
363131599585280
1004404932608
188110491090944
1153355481088
7031429267456
3072446169088
449088592019456
96561610822254592
414169702596608
3688472816648192
110563002679296
764607070208
3843320971264
305538571173888
137133624918016
882728455110656
2668491177984
192681410560
4319093194752
171408457728
1294904852480
1664023472898048
17338413875200
90409933996032
4697229637976064
2066951132151808
14931374347649024
196041601187840
16200942747648
8008366030848
76011475566592
477549461504
13136941809664
118339527507968
68854390718464
9288865792
1841352933376
359185699045376
2609441144832
12803711696896
644721213440
4264830720
29909577728
821904146432
810896588800
5792281395200
24687390720
19761338368
3156520992768
18359660544
105446277120
792634469646336
3372334186496
40572853157888
1200869634736128
340609361510400
7186265191481344
31801661718528
967497809920
747053514752
5031296761856
40755396608
2008801738752
18595704733696
3209408806912
81588011008
843912576
3400453632
91506466816
140647907328
840384315392
3657966592
24403127566336
13248384466944
102576804593664
905546563584
20475799404544
206787374481408
73734941573120
52168949760
436113473536
454691815424
373452898304
30565090
45192089600
212059680
1038085696
857102876672
24207978496
36883988480
4038835306496
4370313248768
26144659210240
78865940480
9096304640
8027645952
76155256832
277522208
18931181568
109859389440
121737281536
28141281280
202662864
1275893760
16624191488
34480840704
146254102528
1532058496
4412239511552
6521240420352
44442794852352
205522780160
10778727940096
27166353915904
26066802442240
12710586368
118484967424
79988736000
147999080448
1947430144
2372371456
15299793920
74699560
4021920768
40077479936
20383676416
270772600832
1999002664960
1554883018752
3143956692992
8181857280
432488832
15840750592
4634061045760
45710548992
142242152448
16153018368
182029616
1690194560
22615005184
49357578240
221466165248
1359002752
161311056
37644447744
257146640
3208539904
16020122107904
95664939008
724639154176
29991932788736
19062576906240
41234848546816
365232848896
53033324544
35709263872
216498700288
468234880
35845210112
218350125056
99442466816
6190894080
30268804
267171072
16864846848
7233289728
43834077184
182429120
650884546560
375855382528
7063988076544
8454792192
657980391424
3572808286208
3217499095040
1459232768
24776716288
12584062976
8957511680
2798667
386471776
3449108
22696022
61311373312
340298336
3397285120
109756891136
82382766080
77754499072
6250092544
213473472
186120416
455990720
5319720
193007328
1137243648
1172666752
703218432
5990745
8996262
976823552
520625760
4659269120
18312246
198121422848
126818533376
528738091008
2143775872
204823920640
929977139200
389581275136
395624320
1846454656
1470438656
2071579904
44187768
22305030
458472096
920073
20740078
187984192
151917488
9557667840
23622135808
16991338496
32931438592
162301072
6953642
27884
279494
3712279
3655080
36570144
196035
1153696000
691981888
5273469952
17771320
590097408
6867454464
4420635136
3614770
39190524
16160536
26492486
13591535
3345673
38259224
81062
4792055
36335096
38758528
3153225728
4830260224
8191801344
10643359744
27933190
779151
-1241834
3743559
5877479
456984896
377379684352
26491656077312
7722966452273152
59430280364032
210785552826368
13583085731840
97956184064
1416829730816
46619298889728
9519302180864
167288070209536
1937843683328
390811910144
10535995179008
40418430976
1032782086144
14633744925196288
78295399923712
615637458092032
6997614658584576
4902108167929856
5977458994053120
412884869840896
14881260568576
17443919495168
139041362149376
1052112060416
17653380939776
135839942180864
115129945423872
7035944960000
16270579712
219366866944
7074371076096
11278471921664
35225342050304
141515423744
937481369288704
356811320328192
1291499618697216
20416420642816
414622117003264
3720770165407744
2844212169015296
2678446620672
18124566953984
7751893778432
17248601243648
1808245760
304181641216
2606212352
13679028224
19213494255616
104697446400
2630593019904
152213288648704
76192736608256
307432685305856
1758337957888
273399955456
109449920512
890676576256
3226305024
167585284096
1140570062848
946665553920
513220280320
3733416960
25864396800
793475678208
501662777344
2827408375808
9919629312
145864102248448
56856869339136
668042769989632
4939470340096
126875456241664
1271804777725952
352977055383552
186279444480
1934032633856
449861517312
1281118175232
12369502208
14238027776
124697952256
635864064
26186967040
288586563584
99885400064
3082783031296
27199461654528
20383843483648
19025268572160
103770710016
4843215872
25563232
398884992
11792903168
3417968640
37217804288
257430320
713280651264
166035390464
3190550691840
36984836096
825253691392
11213567164416
2027806916608
1118489984
33980223488
16059517952
15404853248
3495823360
3981601792
33821724672
253818752
5092488192
67427737600
26409340928
817881677824
4804889280512
-284687728640
5636277927936
12020882432
616495552
6669189120
3055945728
7194932736
268969607168
23335914
7279100928
80842704
313515072
218555023360
2618464256
63937740800
1022559846400
1575437729792
7917911670784
28565827584
3907526144
4203922176
13698070528
214449952
10998810624
49247383552
36889997312
8741115904
87282280
81101520
17966895104
8660926464
101676826624
652725760
4102280708096
3288003772416
2214597230592
93645070336
3733553414144
28090208092160
5602750234624
3681422336
32542834688
26325078016
37529948160
831751424
763420096
9215873024
32307804
410531648
6070724608
4598569984
97542938624
861991665664
668844097536
896108331008
3201135104
44500268
144283
2365707
56411924
32238398
256963072
2640724
10293526528
11086358528
71103823872
377189504
10216148992
105264463872
62511988736
40081396
365002560
183637712
295479648
159558704
43448124
267437536
3684870
96181208
1261473664
40200360
21493884928
242466455552
66865725440
57743171584
369911264
3743687
26935634
7361659
66251944
3120514048
1119752
754021
3028546
67485
1960104
6110191
7902938
223405856
1862360832
793747776
2021520000
4368235
1262732
9772931
3325691
10777610
976112512
773836
1162308096
361551659008
96892567552
12725019213824
249412864
7960519680
182679200
1806477819904
250828640223232
13878820864
121404145664
918968598528
12117731328
72492695552
2459800436736
1360693428224
6854669238272
91270864
2322985216
455391584
44348928000
8721896
3912595
20332596
559602008064
83065724469248
3906103808
12210653184
42061357056
461574464
5752384512
163548528640
65385242624
453089394688
53513656
91385440
6038068224
546180
3593430
1360458285056
4176947456
72553414656
3967136825344
976611049472
5408960806912
282886656
1496397312
5161089536
19242487808
239926112
7795592192
33504116736
33670916096
169445
2611997440
556177031168
22847508
134664016
1234066944
6255854
46130572
1392998784
1019511680
18083870720
835689
20473434
1862680448
188284
953664
275593035776
2808422912
29865304064
1315233071104
257508671488
1101828849664
142106432
1784025088
796856960
67173632
69461680
878341248
2325488384
7333730816
162734176
2297524
10818972
733619904
206590656
2813731840
90493
16681783296
16784595968
75602132992
2279863552
23177177088
232295890944
173660667904
108515392
2126376192
877058624
1113644416
209717856
27041856
2848239104
432501
1938884
936521
3172175872
683211096064
240183056
1673869696
1316360576
17026992
18291080
1835062784
5015970304
11175607296
1250411
7227234
83863896
54537
720416
11264984064
150631056
3279060992
98592284672
61080363008
191790022656
58817824
486721824
14250696
654590784
12776298
177821136
802141312
2154635264
7255
81133168
4281241088
1319185
12584336
8725878
54739
1166794
28663496
4114821
92220880
9459
226924
49444012
5647
114593
9627999232
90966896
741959744
18200891392
12272081920
104261697536
15299571
50781932
29444856
136207328
1308464
41837352
174406016
162493856
1637074
24332
40376
3812700
2454552
11149340
1148
708704640
284955456
674520256
16304528
719047488
1205516544
2443873024
1332995
12986446
5846600
11666846
5231
656019
46
580
36480964
569764
3056844
-13666470
36564048
107136928
48876
349601
161895
573498
8778
107918
2434200
2182409
592053
3614
33437
925387
833958
4244071
326
146254320
98969432
425367168
4257725
199288400
956601728
406719360
471754
3755928
1334837
2534184
111600
57718
190856
1909
71294
-28525
295624
7542565
43969456
21360030
46806648
236899
10033
14691684
139234
559
119270522880
79527264256
6815436767232
148807456
2438257408
1300036864
21173303771136
2512143551299584
120333221888
934686883840
3049572532224
23446532096
688604577792
10259141754880
2677111783424
73340895100928
1549535360
22785957888
667176665088
47943776
838902912
74071660298240
824343592960
7477426913280
165659992391680
78565471158272
920016220323840
32851890176
2077794107392
306857934848
6581329068032
50055491584
2633335308288
6357875949568
3190907207680
1239556
151841783808
7994161496064
289610560
10281390080
7393973248
86832576
2273243136
63029334016
68089679872
129319223296
14464182
1262468096
241545510912
3289136
116903776
16272477650944
328956870656
1579649466368
83414019473408
40702452957184
189075801767936
12435597312
27065663488
42788892672
404515520512
3870872320
97322663936
212460797952
453016158208
4242578944
30563716
-79453376
9584773120
7401742336
45295185920
3558077
940543442944
720822206464
6869653913600
78837727232
1736910176256
10645139357696
6692049256448
6166501376
16439462912
-5808343040
33636542464
7719835
1638701184
64878
994593
324056875008
2249703168
13496397824
173380206592
310888562688
1175612162048
41062176
775538240
113907920
9918171136
72839880
1096489216
6379819520
6498069504
1489469056
20968234
-4430136
2614831616
660578176
12532230144
792287
159266799616
179925188608
1794180907008
31063533568
607128518656
2625721073664
3295681183744
1509393536
5853267456
5371589632
8357090304
127551376
128650000
706035584
6090726
170644192
748224704
603734528
14044039168
88295219200
15839346688
87675813888
268653952
595567
2835973632
381216161792
23038316
1000248896
1198530944
17570394
35282832
4719129600
3218840832
12139032576
518161
10526652
1489939712
430722
8550190
565339160576
3210547712
24762531840
611047178240
605257728000
3454380802048
548292544
1429908224
1299875328
7830713856
77493136
1325137664
5934526464
10419955712
306066624
2502246
20113546
534670912
399913504
2517329408
208337
38990671872
12720128000
127828508672
1695313536
30046222336
-5679702016
205153501184
224876384
2254969600
1668014592
1081859328
74345
5547103
2144
22002
5676695552
31328270
234060640
12949362688
4641328640
16617715712
4080884
15682921
8331165
94635200
683237
12345276
101146584
16473777
28730874
225555
769275
28992174
35350184
128108424
21302
14473403392
6460394496
44277657600
558566592
7120048640
62242975744
65835835392
30066864
14191889
86478432
175068816
2375437
1488317
6857680
109211
2819336
6560474
6926405
341805184
1177516032
884657536
2323258624
5386529
381671
4131
27398
389215
332298
983236
135
94310328
44060100
337963904
3048763
66935460
708779520
287724800
240835
2009312
548522
2671216
409321
93931
2016827
13974
177802
2012173
2096913
100156208
85434384
314225024
815453440
1243481
42897
321317
202113
515527
58929108
100820
184809799680
64648953856
13410040283136
328352864
2928955392
523394272
57605695209472
4179205579341824
124261064704
2026137452544
9707792105472
49144799232
569961021440
13567408472064
6041546784768
95640281415680
2421742592
30336550912
2489175506944
98869504
1006681472
118142168727552
1272544886784
4498252627968
21136649748480
143086600585216
1288891097153536
36930695168
979880378368
592557244416
10592993673216
82533367808
1487977840640
7450733314048
8729444483072
3385954
77361037312
18298863353856
1036384000
5115155456
20532535296
487213824
743043584
46345875456
41906282496
493552795648
19252850
816489280
214697345024
18361434
111785088
34237461823488
367153872896
61360603136
113252952440832
64914743885824
172340394590208
4502385152
146695421952
44644442112
430166048768
2381361152
112349110272
886026272768
823740989440
3683196160
94960544
716072768
5627475968
5734819840
69537071104
2113777
2410833510400
822239232000
5080021991424
72504934400
1079645437952
9677917126656
7982929674240
709776768
28851185664
18060810240
81037475840
19281348
1755504256
112811
1049670
254809423872
3125508096
16235411456
194466512896
255411994624
659993395200
75603600
416118848
508148800
5551864320
47713376
510703808
21528799232
2359310336
678290944
14341216
198597776
1355217408
2025800832
8855593984
313585
796004843520
224145850368
1506552709120
10354851840
298816962560
5152591314944
3344623468544
534683776
7442765824
3229591040
15164999680
165164560
198499712
2023125376
22968366
214178304
2047456512
1132130816
2873326592
169165586432
81602494464
184527683584
1115471616
585141
3794130432
197591089152
71740368
1264491904
940811072
17609732
121935520
837543296
1992284544
25587609600
455232
31351708
3628524544
409581
6496641
883826360320
6868177920
24056283136
647905214464
265516482560
7722018275328
782913216
3706370560
2779063552
10073758720
174242560
1819804288
18811613184
9269932032
349437312
3015585
18609216
1257278208
323658752
1441784576
300189
64527257600
41438076928
79832621056
2695878144
33954570240
205807222784
269393985536
339586880
1761652608
122966016
676428800
255591
15568658
2990
22813
4361429504
25739594
114018544
4691586560
1948170752
30967977984
4279975
18040412
8003628
35444960
666164
10143906
145563200
30589508
16289586
329175
1224356
37872112
12330140
137582208
23108
20747868160
7713603072
56173015040
226428688
11962518528
24632676352
46360985600
29831314
15830374
99904368
145820288
3939860
2111150
4440376
-18148
4266003
19808490
14463659
333405920
1545936640
2409616896
1984591360
1961173
442977
5411
28769
409765
593246
4176525
202
88791368
51767676
130774664
3100578
46089160
606152768
32633740
14514
607556
1130264
872746
737663
198377
2188374
-6627
1028513
4787383
3185194
180673280
746858624
181959424
650897344
1698371
33375
76369
53266
425117
40699160
195280
1239592960
16358221807616
2485274772766720
195978215424
917992112128
8335672737792
32537055232
365704347648
413702553600
6705861623808
28946758369280
3899498496
2345886720
27813314822144
852154176
3629446656
1078479844016128
12432242114560
180052276805632
1693344811974656
4174611574947840
15515885036896256
1094310952960
2442618470400
7194742882304
34401987592192
403728695296
5683565559808
84690681724928
38809458704384
612741021696
6722956288
72855142400
1520055484416
1044241055744
7434305273856
124493288
89326956314624
161451410980864
644400115875840
4620017991680
59316077854720
1861729944338432
1446971663450112
878510145536
4346483048448
4175445098496
8355776036864
331893312
102282207232
2058133
26634218
8045987889152
169170370560
713172910080
45874302418944
16164692426752
162082351742976
7487649792
40413806592
34760777728
340009418752
2290350592
78633967616
440661180416
97659461632
117770346496
1062206336
3634684416
143954132992
80215212032
706813100032
38503764
39373731004416
5157051957248
-62294952247296
607301009408
52439365451776
347131772665856
110569537404928
75192598528
823928225792
360518811648
1168902979584
13679225856
2341907712
15172874240
393197088
4145075712
52393369600
56900845568
590048788480
11819002363904
4372429537280
7578959478784
40833650688
1176892416
9663756
36120884
1468793344
1449880832
12920366080
376517
169987227648
129424367616
1188659462144
2363438080
135100194816
2611757187072
1340997632000
921404288
8372995584
2016392192
11020701696
2302557440
887110592
857276288
113824560
3903644672
15323103232
15530358784
347871576064
3324186198016
2078580408320
3294412406784
9436622848
215558848
1878562304
1077525376
1381906048
168729608192
31952680
2039394816
289327
3681296
109158735872
2968224768
16625678336
68391919616
420749705216
2432819527680
392806176
1765825408
1366514048
1427352192
43921736
3422135808
1417294080
10876651520
733830912
33928256
194654080
3892731904
3560937216
8903590912
-59566
1461422915584
812205473792
3288594907136
15548064768
706268692480
2393232900096
1792517734400
2894468096
16044040192
5214722048
27657111552
609846400
262747888
1892366336
5493431
340420992
4667717632
836886016
39549460480
343160127488
149912846336
447614189568
1902746624
18460660
39385
1138615
28919376
12447581
127442904
9200
4426541056
1395357056
35303600128
138011088
3833626624
11965044736
17860225024
8857447
85925072
26297456
59326468
18312492
14230194
186719008
593029
16939152
547788672
209225280
14414646272
32034455552
71714267136
24496125952
81667752
1313283
5409210
4413929
11150286
-35303600
288450
164932
1851285
3979
320773
1268280
2013174
51640252
598452480
277468064
497739904
628586
246321
-277622
977813
2667282
385195904
124221
21376419840
4002895364096
82011504
905319872
269220327718912
2899577667584
26633993977856
656697748094976
268535850860544
2372440881627136
138350673920
917943746560
2097851662336
10900785332224
43851272192
1258111369216
17959164575744
1794949382144
2615732076544
17535586304
189822763008
2375987494912
2878402985984
21848756584448
535420416
223244481200128
22212832657408
716291560177664
17107161972736
349833307095040
4066429401825280
695406946156544
3209206169600
9044718780416
5457159651328
8434389352448
344239702016
53783207936
2384121823232
8500782080
355634184192
3653546541056
864369115136
15204149624832
266419639943168
40372633862144
332465533091840
1313503838208
10020233216
191245776
197669600
29859180544
15853128704
76555739136
5181157
8310240575488
2938666221568
1291269963776
206735671296
3362111094784
14566548307968
21927500447744
10766035968
69787369472
9651867648
33144018944
11792460800
12857237504
50687967232
473783744
33279827968
100828282880
114917130240
12710173474816
78303025168384
14676883668992
37649398104064
39032594432
1097872768
7116938752
2813132800
13079556096
1344636977152
266943808
119451768
853230848
6347306
559651136
2968764928
2390283776
30708062208
306321948672
125895483392
244189888512
614736896
160979120
1985966976
1110562560
1970812160
414065524736
346067136
355424544
3510125
41425060
1595624960
898938048
3315794944
353037
42424176640
50350706688
441589071872
2025575680
125452615680
939377033216
320777420800
39875760
1620676736
1497859072
4332769280
587747072
295531744
3233996032
22156532
775851328
2230953472
3691610112
180727349248
1698533474304
426348118016
706015264768
1963368448
56325768
303351424
312958720
1011501504
39717371904
2868749
2644322
21406200
118032
4579894
43625176
16634353
858485248
6924137472
3401091584
11201831936
7968815
6022418
20458474
23680482
39673432
15601481728
473294
75041
771722
194872
568614
42595404
529265
571721646080
289291817189376
255481511936
42612216037376
161145159680
3023684763648
103181762560
2631858388992
833561481445376
-12808355840
103080347566080
10032874782720
71311589376
266201743360
8776628830208
5275977777152
29112768921600
342187507712
1751625760768
3523681024
339965214720
1785079296
23498731520
2562173952
1552870014976
316016580100096
2666210000896
26477378666496
405702639616
5605914112
32466116608
1569831387136
695762354176
2677705539584
11387590656
310958976
64851730432
159387840
3006773760
10414717927424
108696109056
256675102720
27270777405440
7647180357632
21149733879808
68113137664
46671192064
35970658304
139356127232
44670784
37943001088
307654721536
155985379328
6722868
22272741376
1908778991616
10797577216
92288663552
4679316992
15835570
382281280
5957537280
16451394560
63913996288
368377856
89475664
23143307264
138461280
565643264
2736214507520
31564914688
163308158976
6327608279040
3355222212608
7529592520704
102868762624
13664270336
4055089152
42705317888
-33117160
8209627648
87923785728
19888699392
1910835328
9214024
83537928
3568578816
2404283648
18273361920
136214816
107038826496
72748244992
776555331584
1834276736
166606471168
1320020213760
376579031040
1501725952
4096804352
2822523136
2464150528
9769171968
35901888
12632061952
88010152
1055586176
567770112
24802777088
3335841644544
35368108032
387820781568
22523592704
60722096
228442768
32589848576
10550137856
26049079296
39537432
10025559
3468270080
23612074
194736448
239807430656
1707937024
8318012928
383610224640
164327260160
902548094976
14566127616
658258304
1930834688
13534246912
90584320
2215265024
9487888384
6643373568
1647968
200330384
17622939648
303449440
1472819968
76284864
103606
7426533
167454832
52161408
892028288
4105322
3072864
354120288
57081
22083914
38687223808
39376016
5486404096
22308816896
70435717120
883870990336
4383890944
184671392
133142568
1424681984
4245867
166236912
1314937216
1005057152
11759026
98875
816222
12477486
22948690
89305696
730558
1291993600
914008896
4797108224
118673840
2919755776
6361056256
13422153728
2588020
51418616
19840188
36472280
15749
9361854
13778
155268
52076896
2148151
23417392
662280512
340265184
1963731328
27773344
2955952
969976
3583712
42098
2657655
27318290
14351034
2936489
26662
180313
755775
4114130
9970385
121676
718265408
652061184
3336306176
18352526
560451136
3078049792
4971511808
2111423
18400818
9663558
9583682
465492
128902
1948886
14303
383082
5065797
2250697
32846060
217622592
117377328
90088320
646304
217199365062656
550151520256
109826289958912
391652278272
4820865908736
1421826064384
91776127860736
25877901660389376
153768519794688
1551088650027008
83473234657280
164962107392
1972608040960
61221025873920
31856114270208
342673294622720
3587130785792
25114411008
19873386201088
39033917440
554784391168
1102614875865088
6749115383808
76195219636224
1382647146217472
1019464309014528
12020435566723072
26846685036544
2506109485056
9030127845376
21521045127168
59887869952
5562050805760
22932157890560
25136671490048
2308068864
180094992384
88876563562496
773636489216
4923948269568
176731881472
2139002880
18733875200
260100210688
419303882752
846499020800
10724725760
2109934592
149557575680
8348178944
73643081728
186873288851456
1544879210496
8932208672768
411278015201280
214595339812864
2095554943254528
15288138465280
494160281600
588601622528
1498849083392
12234185728
610844278784
4049817829376
2021143216128
24106266624
226715744
1270959872
123673591808
63677136896
393224585216
3821010688
3712506396672
7297929576448
38179813982208
115773374464
4466787483648
69152316325888
18733804290048
11579828224
232278638592
121708281856
129820131328
59035536
6212449792
63550908
583015872
1565919281152
5969599488
50249441280
682426433536
1160351842304
9942269427712
17714604032
9803624448
586120896
11243720704
193489424
46412320
64043237376
71476723712
8677269504
22304820
513823232
21449506816
8583290880
25861718016
1062053120
2562930507776
2819316514816
14231384621056
22887514112
2188394364928
16034611331072
10750322016256
4133660672
43317309440
24848455680
33880387584
1703247744
956566656
7404362752
43743760
1342443520
17346197504
4856808448
111515344896
857690800128
337893523456
417891844096
5005066752
128410336
25467453440
4806747357184
20612767744
150073425920
3970587648
29015684
651041600
17937014784
4547540992
76923060224
569539328
195270640
45767450624
145940928
1065642816
4337450090496
39616335872
173111705600
8570563198976
3903455756288
24929487552512
159101878272
4565492736
4195353088
23207084032
451867712
24433020928
76377800704
40850837504
3046196224
18931400
68306112
1326699904
1801163776
26053564416
186820752
127816949760
41867730944
1698026225664
7124782080
385914142720
2395116404736
828250193920
1318275328
4670836736
5863696384
6286438400
513440
129270640
1752809
4443912
20623173632
133978976
1226939008
34610405376
8090861568
88775835648
1286638080
51963392
29955080
194861952
1648238
94892432
485830208
154252576
124740288
843043
6255440
121880896
170655520
1169471360
8217084
-847373312
-6006782976
36932612096
-74849664
86915645440
82175344640
505912229888
85251080
453868096
-51456384
596181760
6502576
5334549
54064524
224901
15763239
107144440
79298560
1138515712
9588794368
1582608896
6023007232
31487362
2217787
13119
140350
573442
3254780
33636000
64209
246365616
32163944
1181251328
7599976
161362784
4034629888
1759227392
618713
5978474
8164436
12528894
3041281
1263004
8750700
102515
2068814
35709780
18421446
364203648
1871029888
-19837968
3195900928
8873003
260321
1074383
1890009
1931584
176508000
3270299353088
140037292032
69724574580736
452109828096
1614309621760
1443608395776
143228787490816
18204324110794752
31004630712320
3691265619132416
16185044238336
1608572928
1935612575744
123883231379456
72019949387776
376559982608384
1962540269568
48554975232
15175499382784
58300239872
898409693184
651453257482240
3954496765952
116378136739840
3144294554664960
658775438524416
9199216505126912
33565106503680
6530530803712
3094705864704
17442025766912
218172555264
12804434165760
44769011040256
45245987291136
5814755328
169992060928
156140918800384
427849285632
9570906800128
171645927424
2976038400
8786524160
316969320448
445800742912
3178342383616
10929563648
1885011840
1019479588864
9973202944
35718291456
271201918255104
3396783833088
12502908796928
233845836218368
229535601655808
2981997672660992
16579931668480
536821530624
412355985408
2152144568320
23958810624
479497453568
2728269185024
5362890571776
39738286080
427181120
2273899776
93171990528
23400353792
279156850688
913901056
3980279152640
6196679409664
382827167744
274282512384
5032093155328
104033427652608
34842345472000
9021510656
105394454528
11407288320
293374558208
108205992
16706906112
154000416
717955072
1794234646528
5882564096
101660237824
1675180638208
2477594771456
7382403907584
46132916224
5169149440
3262193152
40213012480
76345008
10816274432
107166777344
29621198848
7644087808
79080032
605706624
12540681216
18783457280
49938046976
757353664
2782570217472
1672254193664
3943169261568
90119651328
1856421888000
7116025757696
8406514532352
3920018176
44083433472
13885365248
68593262592
666065088
1115960064
13100181504
33281692
3080312320
7483448320
11395935232
67713024000
830323359744
522476519424
1090156298240
2890863104
51599560
13759045632
5174820077568
12494807040
24290830336
9258483712
84129072
345839040
9336927232
16721163264
102582730752
497442400
71401000
20283359232
144107504
1133675264
6697979478016
29274927104
155766931456
8339369492480
2523953102848
19322625851392
378705608704
8813971456
10389801984
27079616512
833845504
7324484608
230264258560
79979470848
2046270464
10251412
115000248
5106476544
2664043264
7182601216
60106680
174258700288
221494722560
674934030336
10179737600
305004445696
3273804480512
1536836370432
984260864
11569313792
11996341248
3670825984
507290
73043160
971650
7857814
5676944896
309322720
149301120
70511296512
29701832704
243098091520
1901996288
64273512
77429424
633123456
4122242
53189556
951105408
343134528
214982752
198139
13701402
124783184
188201712
1278307968
4275539
90739630080
44689895424
98405318656
3352980736
36695494656
852595113984
276096286720
126330224
657706496
474565376
11070400
10193593
1912652
62386040
437657
1469466
216060880
72780384
926792768
6078159360
8952606720
12393154560
25317532
753086
2246
89515
1944356
3045223
6771177
59527
312270976
362671616
1084507648
13616739
190402176
1753049344
2166981376
1140431
10037759
10666302
13374731
2682741
1454529
35207392
146679
1241302
36174692
19547536
581047680
2593968128
1988255872
1938787072
14219394
265209
3076765
1051285
2420936
76801952
744276230144
107080371404800
9860392360607744
142600329756672
740706033336320
62198911074304
200218509312
1158018760704
48499718619136
54640917872640
240212823244800
3176798355456
739620225024
87073381941248
1006202519552
5175025074176
1239913840246784
106703672573952
882980583112704
36304521034465280
23921063020724224
77316180196458496
1589346608087040
46670813331456
58101365473280
424848199254016
919294509056
52325838225408
458530104541184
360475799846912
5080825200640
24739201024
437682569216
9990265896960
7188459290624
54874091814912
486898696192
1178863296053248
1031614234624000
10573377332838400
14688583680000
1385521821515776
9617911391977472
3438569070788608
5494223667200
18049140785152
27125339914240
5234154799104
3589560320
455212793856
4173890048
23834277888
115381628829696
433499144192
3284136886272
128967642185728
78671570272256
1148339903004672
4172740558848
149307621376
124097085440
1222096060416
11508535296
318600413184
1509658853376
1307604680704
785096507392
3715650304
47027269632
1071436726272
695470784512
6913282539520
23584833536
136077926989824
221463344840704
1607761951457280
7825931108352
392370596085760
2609845467348992
1465378551103488
285190750208
4922729299968
1269041463296
1093587304448
9321112576
18218692608
170432659456
1110334464
30193483776
543806226432
228220207104
5193282355200
77590882680832
29183078039552
27700263649280
159132319744
7286775808
39564876
331193792
5426168320
8265162240
96035160064
481940416
675269967872
455952629760
7294085496832
42247921664
1961766158336
13261278806016
2656336084992
4077912320
61347905536
13270796288
28819369984
4117478400
3818799104
134243639296
343089824
8077213696
116444487680
46563061760
1882292617216
21048676319232
9382318309376
4528884678656
33309618176
1133613184
7694131712
4891031552
5222436864
277485944832
23205470
13206717440
85750728
1767323520
1422266990592
13979462656
80104792064
3370026795008
1910523428864
15097984450560
41500811264
4126544128
9514803200
27655286784
81957968
10061310976
36273364992
9132820480
7096014848
141744608
716749760
50282627072
17506463744
78860869632
1335542272
7047738294272
5195277795328
25608773959680
278382182400
4722128846848
41435269169152
34974833049600
12807608320
83233767424
43867533312
67721687040
1240711808
890323584
4489752576
49612636
2824822016
7379788800
13482811392
144749953024
1132598788096
864736903168
1589758132224
5144507392
76157832
538008
2892436
217553024
89782400
486272608
5851492
48146743296
23832576000
72654798848
628517504
28507779072
101822119936
270859321344
85799328
223573568
419824000
320311840
164755200
73899408
1742363264
7912295
336494272
399006144
2869474816
66226708480
244020641792
101828263936
510498668544
1333715840
6779185
38756444
24681572
28939002
20579694592
1009195
2047682
9638036
48986
2102768
8205196
12468306
217348256
1581983744
2210815488
2858897920
5091522
1437138
11655128
3158090
7491289
8709867520
1620033
98962456576
11801733365760
80578011136
902817775616
962916635377664
6768534487040
74198294724608
4220815759376384
784231433240576
22924344992727040
87743992430592
10377105506304
7835615756288
27021107265536
596020887552
19977050521600
96470183182336
53822898569216
3350403219456
11778286592
681188327424
28706739322880
16419830890496
110603855200256
517319655424
3318348372770816
5268273994137600
16419482805207040
103740203859968
6014790312919040
33948817371955200
21132035812753408
1352705376256
52948021280768
31594502946816
66195294257152
1559157276672
3122619482112
10721918189568
99202531328
3677894475776
9608073576448
11759716925440
120859809284096
1211148699435008
1161348419420160
1066061080297472
3834602586112
80112869376
439767872
2811279872
91246190592
59464671232
623651586048
2721860352
37247831244800
4750484439040
20439522869248
601989840896
30784354254848
325984595214336
89249957281792
34959826944
467210076160
304442703872
495961309184
131301998592
155162083328
844602408960
5283902976
108099928064
1881127649280
755668353024
27986474565632
286954683891712
215132328165376
249567647891456
350411227136
3734965504
10267805696
28329103360
67134267392
2127882878976
2650062080
1737209600
827749120
33078220
2757231360
13456745472
17843978240
109927243776
1777126342656
165169872896
1948034400256
3412748288
1142373632
5566789120
10061924352
16000649216
1524230127616
1527482752
3374268928
13921423
191490800
246819264
3035334144
17311145984
252021504
440837341184
117959262208
-33917227008
13344453632
453897617408
2089322676224
2051635150848
2022554368
9864479744
4561442304
11473228800
-293813120
2003379456
19167043584
136062000
4894517248
17794922496
20232933376
578079686656
2451672662016
5099647664128
7353118752768
15854775296
819496768
4311242752
969143424
2514223616
311198220288
13767499
5506740
184543776
248187
21612896
109448240
7920570
6681705472
50109882368
27391475712
52981633024
38629908
20578306
105975024
173909808
337309632
59236253696
22291458
153222
2481847
1812858
3737336
700934784
2685666
24185915392
25594509312
2064765550592
282369280
205265056
315471808
13343368675328
1871030293364736
15555171328
274687901696
517636227072
16780113920
231531937792
8824261967872
2513061019648
19521068859392
1135273728
5418523648
929906950144
32571200
520240512
30115102720000
508979675136
3734186229760
46553054052352
44115152601088
766045400858624
27625011200
701611442176
322224062464
2523937112064
17742798848
485094359040
7371670683648
2939442429952
4752783
79929737216
15878128140288
227024352
2426428160
15689338880
145589040
1426625920
42534363136
12961573888
98803302400
8898804
1075466240
76710035456
1237110
32723916
7422781423616
48574406656
624475897856
32721371922432
17134909390848
127507714015232
10072878080
35934740480
12331032576
50382618624
2518782720
52136173568
326969688064
107931467776
2571243520
12665395
246251984
8393607680
3610875648
33398988800
248299
705283555328
409720913920
910814085120
22379943936
1004089114624
10426939080704
1984692748288
3339709440
16807834624
7292683264
16790519808
8270323
358970752
58759
189764
72452448256
996254272
4577923584
166819790848
142712799232
975089827840
23172824
843032960
429340992
790744448
14115923
94301888
6618854400
3658173952
423053952
4165537
62935548
909623552
807463680
6431972352
63843
205227130880
62173552640
364248858624
9358136320
173826441216
3277332152320
490627399680
653522880
3340921856
1431264128
2028092800
141118608
96752432
573626688
5283816
123059408
703744960
446305664
12762734592
33338277888
26487562240
27575906304
558611392
212118
1821137024
144728555520
1437415
437449536
530865472
8077355
45348560
1733848704
415569152
6978041856
883360
14157587
1554275456
145903
2234277
133461966848
1634974592
8599622656
84516691968
511543771136
2245829066752
320696256
1110286080
504642784
8229597696
49053788
1157464576
18478241792
5531966976
207158080
902310
6509153
368071872
151026752
1197787136
43974
20576049152
13465748480
142689271808
747861888
22195202048
212070825984
80700481536
156184592
849873472
287683808
718775360
46346
14807338
1180
20727
1833523328
16273637
241948288
821053248
943518080
2025076224
523625
-760296
3356300
11006310
319593
3665332
53948116
18346798
6987467
103033
453153
17289526
11119306
49302328
16448
4143615232
3330527232
24501962752
345788352
6858001408
41639108608
10044409856
15127698
122238272
30783598
94948000
750091
1080449
2655879
33422
2235310
5600528
7798258
263623088
1786431360
416213696
1122228608
2129928
236905
1256
5283
315439
203981
1733938
87
11230436
11298262
92473552
1030471
18476884
264350880
144676176
83771
835901
802537
521951
164934
248248
753877
4906
380947
1518531
2007532
54394156
394219136
164882944
418549632
382344
962
97614
87146
103048
11136035
72488
370383104
7858702778368
880678212206592
43040538624
372283473920
1054324424704
20450392064
162240512000
1643034181632
2216585592832
21970250891264
858119488
20086622208
7153452580864
64087436
2410995200
422400369885184
6936730796032
59189758001152
1964688229269504
1065898139975680
5814579338674176
359469187072
3413308342272
1785025789952
5060924801024
83439116288
3561125838848
15423734022144
-2680779964416
443965046784
4286956544
19217838080
1013534490624
374816833536
4301806632960
247947328
64747781226496
19744568639488
335987439828992
2315472076800
62372462985216
342427139309568
171153456889856
109523075072
5209995083776
2254229733376
1141008891904
273018240
20035426304
722245
7370055
4339082985472
102542360576
17066639360
7802317701120
7292141961216
14631200358400
1624142848
5258852352
16171446272
75058225152
1533889536
20800708608
261050777600
69045280768
44403875840
392906048
1639661568
6056780288
35453288448
334972289024
4865745
13657813549056
7427114139648
98471268843520
316371435520
14722101411840
193019051507712
4440923308032
35463806976
15148793856
110205739008
194653896704
797271296
539982272
361130496
120506872
5791496192
48192073728
13601929216
445395271680
1425184391168
966938591232
4458557210624
9097869312
595832896
4602467
15153478
1721444864
681072640
3713427200
286030
68731707392
29062440960
342008758272
2746808320
87143399424
1383337558016
510120493056
125234984
2906336512
1367128448
4495469568
667860416
312257920
1663422848
38111760
1247775488
7597266944
3317595648
51947364352
690436046848
629602713600
1298816958464
1713095168
83254984
611564992
161198016
1027962816
42678059008
8035743
811537728
113618
1829961
75250270208
266467952
6100217856
467324305408
81367367680
1283703963648
106053968
327095936
422094720
2085302272
20837006
560115776
6576278528
4381220864
789691776
10961980
66666512
2986311168
951846208
4084962816
710134
116308213760
72794464256
611030007808
8548141056
281497567232
394639441920
1284831838208
815607680
1633496064
2538751232
6326475776
195679616
34842840
832301696
12798767
168045104
1220926592
618686208
7293801472
49324212224
18079520768
41143242752
803048128
4085573
40759
79812
11522261
6472469
33485158
1739
1610228480
657747520
4756381696
65863248
2898143232
17471535104
7019613184
4418913
33591656
8532277
40962932
13591957
4013067
28695984
688220
11180370
159537328
133673272
6692102656
10473705472
8397733888
23960559616
4999405
364810
3728629
418331
4410653
93448512
105946
139952
614835
3833
203014
652260
-143257
2585439
145119680
56862792
105955312
525823
102951
1306215
593551
1090534
245353312
48162
279447392
6851236200448
448718721515520
73745317888
299655299072
510297767936
6315204608
186598883328
1723548696576
2118623166464
25497836716032
868380864
14796617728
-550041812992
415088032
1108985856
605559384440832
5187703406592
100096049938432
2463113278390272
717151023398912
11815074926690304
621431619584
5095146651648
2204470870016
29390616395776
112726966272
6027042357248
37011675152384
9046998384640
534547267584
1600120192
35699306496
1076177141760
509465067520
2224881401856
78961760
76482504294400
24591925772288
429367310155776
1000943910912
126572770099200
605153308704768
187395764912128
336848715776
5282816589824
857064538112
2709572550656
182537440
55148437504
1390552
9173978
7118290681856
113486487552
502591913984
7910692225024
3507014860800
50672586194944
1664760064
14929431552
14466600960
57038626816
990623360
34515197952
153204408320
75850719232
18248454144
314340736
3316368384
84206444544
50847834112
380998615040
24899024
26740518813696
15669823275008
46407205519360
1485778452480
11043266887680
311707553497088
31922027757568
17678864384
392039301120
88385478656
214853238784
3521760768
2043778176
7292430848
118913872
4461512704
25870524416
9307502592
146907725824
3805236690944
333281886208
5355899715584
11545738240
880411072
1592705
26880340
638689920
502665536
1201159936
284368
44217114624
46317162496
525159596032
2818765568
174623096832
1173883584512
291348676608
783362112
5426434048
866855104
2148157440
968617600
476630336
2246438144
29544496
533214208
4490122240
6276307456
47085109248
1186748432384
410067861504
1207487692800
2824137216
49492860
559640896
355749280
499245024
46382919680
6103752
729233984
138877
990385
32282316800
195579040
2337247232
405990604800
139720540160
1187447570432
80829464
1644420352
494736768
5190293504
18271532
896521024
3125138944
6709617664
1409718528
11830330
78690560
2441745920
876548480
6655348736
847551
241733730304
106046783488
2128016703488
10691207168
586451845120
2659521134592
1196428361728
814509248
6788009984
1563593088
7756053504
94838800
88024440
734710464
6476252
236673200
2026159872
826798976
7125898752
163607396352
35290562560
82017853440
488713536
3290200
51996
198415
7950423
4796170
18555224
1559
2661550848
1556156032
4130789376
112966656
2211927808
24904454144
6513412096
3593070
48293312
10325020
59255468
17098556
9939267
54753768
850184
16055435
95790616
45170796
6076716032
68424179712
7159892992
61067902976
27328306
337334
3607224
2381629
3903707
348685664
137442
61240
804992
3743
184226
1459398
803120
7536067
156542112
176540544
139437904
612406
153257
2007572
927884
290412
586878528
183113
40028045312
4148256571392
297550464
1173267584
604599392141312
9212798173184
27341623394304
759131979907072
389632587988992
2602670456045568
291984375808
3829732212736
645258412032
18300998254592
142828142592
3906561900544
20273646534656
12420467654656
3990742630400
40804118528
329442951168
8184361648128
3397953781760
33329246109696
1411715456
659809317683200
1155792073916416
6996135579222016
47979440373760
1209446550208512
10851218767216640
6329246343495680
1734147047424
12350251859968
1409624047616
17197267156992
535125491712
492818464768
3892172292096
36133609472
302107262976
5511411924992
1530483965952
38826391109632
150507465211904
71727765782528
551682945581056
2328349376512
2015043328
286845760
1126610816
50917306368
22873542656
152383979520
9599757
11420596961280
6440409366528
11393238564864
347855355904
3683996663808
91383993991168
28644890116096
8823453696
68685447168
90818584576
9663497216
61758685184
9457724416
256000344064
2866044160
136259534848
457600040960
281179521024
22607816556544
167439786573824
61420397920256
223059562725376
330671357952
2356975104
5778841088
15927583744
19876567040
2867578011648
958273216
549634176
1026256256
9724906
657469312
4278250240
4227183360
72131158016
663569432576
271866052608
165208162304
2762820096
646693760
4579081728
2047895296
4814823424
1455572385792
261014672
201181728
8549896
45721140
1063334784
1515716224
6197245440
669004
114114617344
114301894656
974014971904
5612965888
236596822016
36927299584
671209947136
675342336
272307040
2555777792
8684522496
1215076480
1376149632
4483822592
102189304
1913914240
2743097344
5670788096
396940181504
3200839057408
1685340422144
997089738752
1650994816
163232656
156555008
669934528
882354688
60310167552
8255556
2893660
15067126
389570
8422293
77764096
14926098
889411648
7035059200
4848333312
24228939776
5725392
6006923
75472704
18369600
43204296
15245338624
2489244
160309
910944
324700
1099275
130762688
939519
634308395008
7075678208
46778306560
1148879896576
748635619328
7301069012992
207724528
142046010540032
107496941289472
609127025868800
3265875148800
344879196536832
1895775210569728
206353951883264
743858700288
3726938472448
3203990552576
6682846429184
1536220463104
135727300608
6210696773632
74418610176
1459589087232
8783701999616
852565426176
131127490641920
-49878042411008
843479232020480
-125119175327744
2186811670528
111327256576
277415919616
516502126592
1262371471360
34631315357696
7089323008
1823859584
26402516992
276392640
4733092864
18446245888
36538900480
1429808480256
10086055411712
6155941707776
8391692910592
21515812864
5738237952
42437804032
13337079808
93771423744
27035208515584
2477043200
49052060
799673280
-25434524
396754624
84238630912
401018112
249217312
137649920
186729056
8371167
232276000
2797115392
1618235392
20192788480
267195498496
85153333248
210187517952
891979520
81301808
1040477952
159661136
2575902720
403228786688
85018152
1175913
4453269
2952379
4512169
1644701056
12270487
272665
40739157311488
291722788864
27503091515392
355963142144
1246411489280
321054605312
68615080509440
919150650195968
63921083908096
382480360144896
29565938302976
182199500800
451635118080
17498095222784
15480202985472
41354822418432
1021334257664
55246028800
8066946826240
28652134400
154999357440
341874497814528
2419079249920
20688775675904
664441708347392
325565634576384
1726010991050752
23271386906624
5507221815296
3461944180736
10553970917376
115141148672
5265032216576
17442736701440
18981058510848
2486952192
393610395648
32211919175680
203792252928
227489480704
107750531072
230834912
7197443072
200033828864
126919942144
1292036472832
153116416
4631976448
558150647808
1402494208
14191252480
80697553321984
1098156212224
9744538402816
198137411010560
86828552028160
288033324662784
2388999012352
317114417152
110933843968
791746904064
7868743680
147567181824
1050373521408
688157360128
16361463808
126849672
252796112
34744938496
11939315712
141804634112
872876992
6919745961984
1007148007424
9022448074752
113553408000
1611889901568
27039165841408
17020047327232
5189826560
113056923648
73803079680
95218704384
45620924
5787464192
54337224
390176192
420722769920
4556771840
24973006848
1270515367936
1009478205440
3930603913216
12924972032
4086790144
2119826304
11730615296
103702432
1398854656
21506633728
20188841984
3590056448
17359794
159777936
8604803072
3699007232
20754163712
165653696
1893799428096
493669416960
4363942625280
26325934080
999686275072
6060791824384
3974253510656
2078840192
8237140480
11836094464
35033321472
600256064
280342976
5099182592
14614256
305911424
6935275008
7104872448
19743367168
459790352384
93637623808
497847828480
1837107712
32887704
2232663040
2232478072832
6558508544
49958715392
7468385792
33123898
327609632
15275319296
10338104320
26181132288
275181920
57883328
5083815936
103741312
751961472
2854114033664
8555347456
95686287360
2756461461504
2885323325440
17801750249472
34746155008
9935112192
4687132672
22502348800
130101416
3697829376
20426434560
21281124352
126089088
5531114
36248404
2050354688
972415232
10463350784
54263792
97913675776
76352266240
381459398656
2916715520
129106780160
319930040320
76591333376
693545920
8724588544
4544876032
3476906752
611022
48969736
291663
1313270
10793621504
19477052
483510272
8988294144
11993554944
73225363456
318441472
11478030
13094819
324139328
787543
36057708
185323104
107773912
94905128
442501
2174815
8393552
79642008
296148800
6385058
7730592768
17550123008
118761127936
1608054784
37257203712
55413051392
89838141440
51358964
375351040
348676928
271004832
4777012
1935457
36184748
199040
8563172
25119194
27175674
1134884992
4068551168
4229385728
5154160640
14457392
769353
9704
65443
1615300
1246152
9946897
35049
47084608
70534784
707287424
6541148
27397496
1161403264
1077229312
600115
3047425
3435410
4039382
694922
985813
8895465
49964
1981774
7867787
7171534
376871424
1454710400
1149096192
2008715008
2587988
224333
789671
722239
1512324
139284944
291609116672
19335733051392
4897331627425792
26023592722432
258173235625984
26464976109568
36764311552
413187014656
30444124897280
8107680858112
82209516027904
1789479616512
182767484928
28964481400832
270019444736
1497940099072
9780104389459968
59037391519744
142974495227904
8594561345519616
5825957780783104
78795908099080192
290890551656448
13151260114944
16336705028096
121958331056128
739733012480
7048180793344
98042443202560
77909666562048
3516898738176
12568627200
154775650304
2169427197952
3326848532480
44798027235328
102809550848
70975844515840
230168656347136
1574412872581120
-225356283904
395490285846528
3894753384988672
2309558802317312
649202827264
11138857172992
6565767675904
1339997028352
1258378624
41488220160
1062277568
6204430336
96915173670912
229526618112
1480998256640
38220318375936
35497036480512
304799903907840
1388537839616
193842790400
44031307776
795720810496
3164070656
194794897408
783268315136
779107827712
188817178624
1330961664
10027799552
315096039424
249008652288
6197429665792
11730708480
131516914991104
63369537126400
813484791037952
3983521611776
91805060169728
905296293658624
501507560570880
174765506560
684229787648
987491729408
1034163650560
13639086080
6227514880
33913239552
550285760
23022262272
208209149952
43248828416
1284755292160
24143059746816
15685995462656
16792422449152
68866670592
789687488
33870812
243934976
4604794368
5147201024
20166375424
272989376
578538897408
551286734848
5195874435072
11846949888
353741766656
5237078753280
3368064122880
1098242048
11288410112
6017314304
15629007872
3300703744
869037376
11656776704
118572016
5714006016
38960103424
12232011776
570572472320
5717561966592
4597447917568
7288293163008
13600742400
583213120
1874450048
1107493248
940689536
72419803136
55627792
8679747584
73353656
154809632
179041927168
5556377088
8933255168
2420034240512
265446506496
7559362641920
46946844672
4819347968
1827588864
19464247296
212495456
5867289600
34244876288
21286991872
4122750976
57729008
216196624
19113328640
3976495104
48512610304
339018720
715777703936
673300611072
3316703559680
72566669312
1854447288320
17853671538688
7984547627008
2992967168
20985061376
6181019136
12838622208
864009792
832273152
2361941760
17741972
1023814144
2993587968
6215517184
70557171712
500877131776
414438719488
589449134080
2868871168
36097812
265961
1520068
34141508
34412496
64113988
3429860
5545789440
3236758528
57522278400
40855004
8217844736
58325909504
14211186688
21259912
219968320
132261896
66578988
59574456
36981908
360610048
2772091
108176264
486251744
150922512
4065171456
210562678784
50852372480
109191634944
279811648
2770347
4413553
5939890
13232870
3440967424
-140213
304550
3899150
38570
771878
5721144
4208580
127443808
724636544
345575584
463308672
2959568
268654
4167661
1074977
3051618
1100198144
407284
461307740160
30191202074624
3240741266522112
26606395457536
223112360624128
5040146743296
225644855296
54069452800
20628826488832
21805051936768
148304163766272
1395572736000
270785380352
48995627958272
210802999296
2111120867328
7122582637641728
31145150382080
340358609240064
17967018577756160
7029716854767616
44813113240846336
333558602268672
10725596594176
9541355831296
127836631334912
96980467712
32130792947712
175666376998912
174476486508544
5409319944192
5456118784
129995382784
8256317554688
1941542666240
16561959075840
120010948608
200760226742272
275446184804352
2534594687533056
13854938497024
392968804499456
3443612167700480
1753080693522432
3608998051840
7181193707520
8216286068736
8908874711040
938885824
74128195584
1005547648
9222167552
16679058800640
362373513216
1844396949504
36993996161024
72140887949312
364337814306816
2597652267008
163734913024
108377210880
426100424704
5646220288
56595341312
854063972352
343148298240
306286100480
1151779328
10355885056
369230839808
219812134912
1092805591040
12488677376
102254421999616
61378165473280
997801232171008
2528484524032
93232264380416
806708406386688
419319200612352
102755000320
872943583232
413082451968
848767025152
31069759488
15075019776
152226873344
1361576192
16863959040
226686664704
107466244096
1478607765504
23676172894208
10946764341248
22217412837376
63230902272
1624590336
11379628
221492608
4415344640
-596240000
10684832768
169659024
1009667342336
215885774848
8152516919296
27006476288
443263713280
1452154028032
1703827341312
365029088
36281114624
12328735744
18440468480
4487481856
3633878784
32694198272
288636192
5087773184
74545405952
17404219392
809451323392
9926215729152
2612955971584
10263638048768
14299190272
472722624
4870502400
1487395456
5361114624
321289388032
34279748
16575868928
65584020
502903520
421992267776
3252848384
29703409664
693871181824
455724761088
8584468365312
21924079616
4202420224
3029592576
26907805696
372254816
1911806208
54095937536
54741733376
15466497024
38076196
326127456
16735844352
10672919552
55815028736
239455392
2225274093568
1444926980096
13352350777344
52809596928
862471782400
12520531165184
10212035526656
2404111104
39693991936
18642014208
39223238656
1134925184
789523968
2846800384
23767552
241086336
3599434496
9581864960
30383632384
419708600320
422103023616
605398892544
3202977024
32982998
43919
1322286
21208628
45188600
403511904
1491720
6857058304
7248651264
58996924416
349675648
8102176256
143404318720
66544631808
11271043
284901696
124694072
188484576
99177344
64523600
353961888
4537823
19180848
1591443584
426192096
22835898368
33771456512
76879945728
137935060992
299903456
2765811
32714110
21034750
26978600
3215393280
865201
675760
3776205
33483
1974103
4022169
3655651
68556256
1098636544
527432032
457460128
2284779
674232
8474592
3004940
7064503
1184131328
213484
104220909568
29329811570688
64384786432
380677849088
3508099759472640
23428293722112
138099027869696
4672289836630016
2838453423177728
35395714544566272
180190470733824
7326207574016
3307021008896
160554199023616
570620444672
14966668132352
46619588296704
131153998643200
18300897591296
137862856704
1040921395200
28133310857216
37950339416064
65210580729856
869240340480
13492785789272064
9913055102107648
36217062615416832
147884850806784
10879764193607680
82388064126631936
19746425675972608
14343519338496
126360211161088
95409888296960
127366265307136
3972860477440
2327433183232
25656834392064
81578778624
3879156056064
20686525431808
16391355760640
296824149639168
3137932365922304
1142548005388288
2063384430247936
4662558720000
232540733440
741501952
6899487744
418578661376
132499488768
1425264738304
8244229632
40051383730176
41263587917824
258008936349696
1510951092224
22026540548096
354934956490752
304462312767488
71680450560
871003193344
172344459264
885942190080
207493398528
153502285824
591427076096
4457438208
250824736768
2582083272704
2235407007744
56416786186240
632996172398592
181687149395968
350355581829120
599926439936
10114252800
70716907520
51639189504
130684649472
17123527098368
1324865408
2255590144
20315740160
169035088
3548834304
18766344192
23465734144
282523074560
3786152607744
1669961613312
2343371800576
8541571072
3025499392
25837027328
25172178944
30017329152
3757347438592
1081583104
3814487552
33700672
106350424
11734330368
4289818624
55042560000
237377424
620714131456
227383721984
2747016675328
-1261612288
852969783296
14313870852096
6556900392960
5073585152
13913443328
12705772544
19443697664
6867834880
2417235456
25474625536
332030816
13635325952
13706088448
29823033344
1885603364864
10329961529344
8774607699968
10059189846016
26235342848
599555904
4620796928
2918542336
4496513536
530015846400
44266324
22681358
23865566
943896
43131200
277136576
93270416
12973015040
54175719424
42790133760
72059183104
116865720
15512236
397114112
165194944
247274496
103404838912
20747078
775396
5282568
2561777
3646904
300516256
8347856
10092905758720
15531157504
195622535168
7582112022528
2347845550080
44919754326016
155070365696
573074265079808
377906488410112
5394534758350848
27057369120768
569746470731776
4257595980251136
1353930189570048
2891265343488
8580339073024
14142324867072
15008837664768
4441455984640
3615718637568
45956426891264
188651405312
4224785580032
29627250638848
20413539155968
708133135581184
5075895966498816
7625231250227200
7158045645733888
14895997255680
469587001344
2112013991936
3750859636736
2922859462656
149274591494144
22015750144
30540062720
230788988928
1460559232
10673573888
377162530816
56363745280
3657812148224
28318279663616
11320981192704
92239338405888
96468860928
62724448256
120999493632
168752807936
516928012288
53732033167360
16665124864
656404224
4917452800
2834444032
8937947136
397862109184
3469037568
1448948480
1009632064
4103481344
54230532
1116927488
16305265664
3688005632
223055478784
346314768384
137067134976
394806067200
8712322048
634854080
2443042048
4055929344
3870361088
1007324364800
711617536
7999525
72026056
16744719
54918968
6673393664
41002808
1552948
147946192
3359429361664
200639162351616
31001032704
157955145728
679747059712
9398898688
147387875328
4312430018560
714493067264
8006471254016
689234432
22700730368
2928598581248
92340040
883048640
293136752443392
3987594018816
22109988323328
824605736435712
361882334527488
3439150770421760
120092114944
2259546800128
391414284288
8600708710400
44797861888
3500225331200
10008943132672
5354413359104
463510536192
2067895552
13524490240
205893599232
181506867200
705478000640
128598512
35284414627840
3771263090688
116754625855488
1260441174016
58280806187008
130586299596800
81561160515584
111496060928
2062599061504
8914944000
318976884736
117863272
13424133120
621216
11655307
2197408841728
34763493376
186323828736
7015312654336
2898365775872
5727788728320
787739264
19634923520
5722953728
37409538048
568450752
8174850048
82008563712
69953585152
-1333327872
198071040
1476550784
49427501056
14752219136
63322787840
6396409
6885225267200
2529796030464
44275983187968
428132761600
6531557883904
40189829316608
23948274171904
20443498496
45616644096
34382716928
130703925248
1244493952
919553408
1035801344
39702232
1074473600
15286321152
11185844224
429121470464
1529398689792
535461167104
2547399524352
9183788032
115198400
1151614
16279400
699638528
252945744
1592697600
76998
44792307712
27044038656
126655848448
2270236672
17100240896
464136503296
149436104704
178855072
679510400
564076864
1624969728
228934368
214131184
237939456
14857304
261734384
2733898240
1223786752
67371245568
344631181312
184750620672
779233984512
1589609984
36330796
276992736
204251024
256029904
13841831936
2198044
530205728
33222
121782
12994408448
309452544
5517569536
37408231424
75747196928
531123929088
8213779
530212224
194874112
973993088
20199124
464251872
5785460224
1325794176
220663568
2925664
3090922
741189760
407265856
3619482624
203532
165260820480
101819990016
642643984384
6262960128
222174871552
163454484480
456563425280
237874048
2047974912
884870400
989124544
129789672
15389694
309994784
1638925
64269908
498365824
438162112
7405131776
42702102528
20009181184
9115407360
356233216
2276539
36157
74562
3041639
5288989
11577628
2503
53106960
572942464
3257497088
22107400
1040363712
12388666368
2806200064
2459370
4978534
8904214
10028272
2654733
5228860
12760168
106863
11877768
52906100
9870872
2773769472
7562797056
8485192704
30728706048
19606636
260533
2515155
641665
3355460
335705632
51306
22212
414542
1457
68023
829596
335483
5363817
24851622
35412812
45298768
154326
68226
547617
178309
385813
51313424
30534
37563351040
1841624907776
25004026
1293833216
79690073112576
1755239153664
15097191727104
477731124936704
73609691267072
2560490655973376
44512903168
591641837568
355166191616
8937321529344
16352575488
2279760461824
6398272339968
4798664409088
1098881630208
17174957056
133706375168
4505228279808
2098516197376
23448113905664
1074756864
454176987414528
179920273670144
990698631331840
18658520727552
161234984894464
4945571089481728
3053807378366464
798678908928
17995644534784
2993423646720
12527731736576
196639162368
94033747968
880778870784
12669796352
77577478144
2401832271872
497066606592
5664944947200
305652824014848
-8288808730624
117799099826176
61233061888
8129230336
137684864
338223872
18807126016
10045551616
41403867136
2928669
2817310588928
1013885566976
9538269872128
155869528064
2818967339008
16027084652544
16684544950272
3104242176
48239325184
24814075904
30961190912
17436272640
11302026240
60073250816
707305856
20188596224
125592043520
177479221248
3222150316032
26958935097344
5982088855552
53728308625408
32967262208
1031536640
10491842560
2080286336
11362273280
854531506176
157417216
155046048
499323200
5610866
151725568
1079837056
1046994816
25877829632
176596680704
91985403904
307967361024
658070720
120784912
1241535232
790489984
2623782400
186527416320
129945600
293410144
1179196
20937796
1010216768
595184896
868144128
69688
55246376960
44186091520
213771255808
1602229248
102199451648
406249472000
445923524608
150099936
2630720768
1384536576
3612115712
566047168
237877376
1381697664
9975848
544903616
5909795328
1127971584
70787055616
386464808960
531446759424
741548294144
1506072448
46756756
301216960
82073624
452217088
12124099584
1246688
1384999
10574454
80047
4677632
29593982
12152123
114685032
4128451840
2326282752
4198293504
12079660
6283395
24407366
5196756
55478256
2100361216
302426
21119
138875
117427
380563
25439380
159846
18564593664
3025271259136
55678592
292520768
208189446422528
801386594304
13843541524480
994440621588480
200729843204096
2690755671883776
126568251392
1420790857728
695511023616
8484387553280
-6453360128
1312476889088
11693410222080
3399380631552
922132021248
9001251840
85819146240
5936278142976
2128785309696
22473510748160
886367360
375583548637184
349446256721920
1221872830119936
17181929635840
776510491328512
3338206959370240
3719785007284224
2206632247296
8706307129344
3657166487552
8445035020288
152349999104
249842499584
1817042616320
6298035712
331487641600
38040272896
2037007384576
28242863980544
162037053259776
81699312500736
319063389634560
926787698688
5624704000
41517936
477829344
13035544576
5475930624
55708569600
4793988
5351349420032
72768552960
5863407353856
157037297664
6478122975232
41783878746112
8422608076800
8478126080
75959443456
2078189056
22547324928
26655469568
8951190528
35520352256
437417152
30713636864
198269763584
133841338368
4209188274176
42606222376960
25081340231680
21028315070464
5954794496
1148919296
2858136576
3765157888
8369459200
444285878272
107327128
129470592
888922752
2659998
180957376
3007626496
1475290112
32114063360
274421563392
112606838784
333958807552
827715968
215733056
175434848
729276608
1453918720
71168655360
256411744
208991744
2267093
17989920
596195840
391992256
2712623616
117230
66207764480
43928854528
322874769408
1406185344
94409744384
961470857216
346734592000
270536832
1461530240
1173288320
2786594816
471393280
-16253608
866529600
30741258
467361344
6726476800
1808756096
74188439552
883725565952
2680875008
1830081789952
3017708288
44470556
151354784
230328416
227681344
12116959232
2048854
1165089
18063464
118602
3597591
17816648
11877035
581748032
2349162240
4539704832
6718243840
7862298
3275862
32297712
14700583
46008848
8558268928
545572
32795
294477
160006
35517
20960684
352534
1393643880448
21337485312
38511562752
2096527179776
917320237056
3015697235968
501374144
258286028849152
179836203040768
2601633758314496
13928403828736
517466283311104
1451188381810688
1425267448872960
266871521280
11419334475776
2871187210240
12746252877824
813169311744
1457491148800
9942631186432
83774758912
1315633758208
17336432066560
15616062783488
322578149277696
2897956705402880
106071565795328
6560534627352576
5772138250240
254580719616
1749397143552
533666562048
939381358592
94775684366336
11820474368
7935489024
37822775296
590763136
14109192192
77772750848
61729062912
1338611728384
26284348407808
5620644184064
9563468201984
8510654464
7510969344
139770200064
91029225472
195605118976
15324841771008
5271644160
75157984
1508677888
692112256
1957204992
235701567488
836143040
398373792
52341956
1112299904
20117400
485936160
3887613184
630148224
17367869440
55825162240
444398501888
345165430784
95774128
302453184
1515687424
2952380672
3960463360
170739335168
209266624
2770506
14417884
6059295
20756474
306948544
38614204
167056
480478756864
275961872384
325137104896
14217897984
554928242688
2639300657152
970814652416
33814768254976
510366836588544
195125330313216
389561217712128
1318927204352
287606833152
1979157839872
1611727372288
1440407355392
319532950355968
63043174400
1725215488
8638323712
-876288384
10047910912
4494238679040
10986815488
135405760
70124096
317522016
459733440
223652832
73861300224
634646144
2322228
83167035392
10624389087232
2934280586002432
14286292254720
110493293346816
5712230481920
31610892288
680744452096
16222009688064
5041554456576
35163595603968
328546451456
27601403904
21062922272768
101233131520
764890841088
4138061403258880
2818984640512
187887136014336
3256406622863360
1902098476171264
9010861788102656
-27906294153216
8380792963072
8116098301952
39506170347520
388899078144
4986108903424
19535075737600
34927594700800
1297794203648
5826152960
114753224704
1589325987840
1441888468992
20941979516928
125610639360
116469077639168
125305318539264
510814452711424
4702184407040
205802115694592
1175602073698304
444710644613120
478143840256
8684876333056
5833489383424
6313017344000
352877376
61581987840
539367168
5046069760
19153184358400
85941878784
879401566208
25562093453312
17838861451264
102709269102592
638012686336
24520941568
-2501388288
248760827904
1222842624
56053358592
248869158912
436632518656
126096457728
986006144
7563752960
299038932992
196278960128
796563865600
10670876672
87010400272384
20462276968448
205487828107264
2179479240704
38739896172544
321103599763456
203245100204032
50130661376
427476123648
382103912448
740389945344
13411747840
1913201920
3718667776
163710896
6467603968
95131058176
7393085440
1210257113088
10826530422784
7573246836736
10831858237440
8750542848
1394155264
17330594
95362960
293683264
2031441664
5003894784
118024656
309440839680
93957898240
1125080367104
12315666432
448958103552
2638023491584
1366509748224
1402445568
1759696640
3069478656
5900876800
2615579136
608597632
5549786624
17314756
1065622784
11100704768
3937939456
338567954432
2882477490176
1266506924032
3656800534528
1991613568
163324208
1257713280
865939264
708106368
94976352256
24644456
5922300416
18970132
73559968
184765890560
2749545472
10192112640
830246551552
609441415168
4400653271040
31097098240
2696992512
2118645248
50424576
88522352
712049728
23949989888
17065681920
3214875136
12694808
142948640
8572553728
3446167552
31862507520
224905088
742971604992
345990234112
1636115808256
5875360768
973156909056
6565098684416
2924280020992
1368468480
19647547392
6579870720
16666251264
184543184
525515744
1559547776
12691984
643177856
7190171648
1391305216
32020156416
326713868288
92097413120
300967854080
841638784
30220190
147161
976567
29700192
23115400
152104256
553841
3147117056
2009555456
10213617664
147547440
7145195520
21692581888
5098193920
7690420
66347504
61899260
111363424
16089694
3868777
137329664
1651455
67980296
397365376
183128912
9690969088
47060013056
14294071296
88110030848
62320420
604920
12868728
9192412
21891318
426380224
340953
313664
1256357
20696
301909
2634588
2452504
38627456
181637408
214712912
640502208
1448955
120785
3481576
2265346
6103253
269741824
107774
20088592384
16581588418560
111248818176
800762363904
822349737754624
4235255873536
102752713703424
1510774342156288
1642864987602944
10405763012886528
48538230718464
6200461099008
3746674245632
51988830093312
110374436864
3481219366912
36229064163328
7477549596672
10260939014144
48064339968
246943399936
11997636722688
21463490887680
79723015176192
456672346112
2579618292826112
2570174196613120
16140302414774272
77228016664576
2107368653455360
16660783731572736
6030636594757632
4562506219520
-4184106598400
27290121535488
48768275709952
1216615022592
1100216008704
3619094790144
20445974528
1991160365056
12558973009920
5538016395264
88696585977856
320366878654464
1141309309976576
508202340843520
6255225602048
24963500032
664544064
2160088576
55949053952
17431029760
423088324608
2071481856
16026546733056
9227563171840
67239088750592
553720872960
14859671437312
150708103938048
48147439026176
50188054528
351413239808
122373496832
452062937088
99855368192
83257032704
536559288320
3075224064
158780604416
1098523410432
1156833869824
22228076855296
213607329562624
171687341457408
208185822543872
314998128640
9867752448
19560017920
25849057280
10378874880
4194981380096
479691616
939325952
4348366848
42855336
1443783424
10605980672
2017868928
115143950336
1581724467200
359130628096
383644925952
3280585216
1771140480
9314051072
7006212608
9992005632
823691706368
339782016
362308832
12466546
43401728
4444368896
1315287936
12513498112
167647600
310635888640
241837899776
1939105382400
6309583872
380373073920
2823159808000
410218397696
1373267712
13994966016
2229728512
8761089024
681377472
2691412736
11084134400
73951488
1512287360
21842702336
10052880384
309310783488
1648488087552
2051261857792
2889848193024
7734838272
192840384
1539508224
631655488
1027776448
62308462592
13528335
9738790
56564544
618379
5677557
91491592
3161214
3162264064
18346921984
10999406592
25753937920
51419020
18057534
181716672
246621456
46241392
36495556608
5260686
185436
788754
1012691
1766767
278790272
1285565
97840685056
16863445647360
94208868352
331941347328
780743584251904
11557579784192
40366208188416
3144463132131328
2216909109985280
1107245655916544
64857483247616
3858473418752
1884344680448
20186832830464
142362509312
6622026924032
45396806074368
16407383244800
13208783945728
70276644864
842753769472
17051347320832
11259260960768
103447584047104
366521614336
1334980793860096
1388230872137728
18149105863753728
56661884534784
2760210124898304
25952284051505152
26911685256151040
6858627088384
56242022121472
18535862501376
48775976452096
1649118150656
1462019817472
5801626304512
53809156096
1597041803264
15072458964992
8468788412416
59261036003328
1770092924764160
22021647892480
1043962534035456
7636656324608
118622281728
413408320
2938711040
126731829248
112902512640
181655863296
1817973248
12576115130368
9948648964096
98828841648128
267522572288
1852759867392
171838504173568
65894562660352
32750034944
447155535872
81988173824
180102283264
103429390336
137168437248
312092655616
6395439104
153057034240
799202082816
537670975488
41407569985536
312906554015744
158586869121024
264690764611584
615905558528
5405714432
14373522432
37831041024
54198185984
6236182937600
693384384
306171840
7383578624
56071928
1572446592
7340389888
6198402560
134958497792
1087827673088
732362375168
448564297728
4383451648
838948352
4559414272
6734675968
12740932608
2607948759040
582917632
1813603584
17693290
54964524
2645500416
383632544
25399349248
101261984
311449976832
190277632000
1932282822656
32339353600
139061067776
1905699454976
3685303189504
684881920
6960024576
8068019200
13999376384
3955140352
2257048064
15960429568
86116784
3262482176
25922904064
16882732032
463507193856
3786990944256
2202956988416
3432891023360
8585798144
355417920
2295175424
1320226432
2730692608
127037308928
15364907
8351018
120512328
1272852
5354494
97157960
112516592
2727191296
29342787584
22734440448
23632777216
69027360
5778465
172926272
88699640
79096944
52422451200
6361306
143686
907299
1951160
3362897
208502096
1712683
14232007475200
67361177600
648243052544
7627914346496
6547049545728
89601104412672
397599113216
950770870517760
808208155279360
6742219260166144
46177294745600
978027806720000
6085761426259968
5059876275355648
2231940153344
16456466038784
24115062767616
35588187095040
6150684147712
8679971618816
59365402869760
482585378816
15714429698048
65802661265408
78081020657664
2451222929866752
9235536896065536
19314285394001920
20318882539503616
4711790936064
700656779264
4456769912832
4123438612480
7628926222336
156863496716288
44485050368
41671847936
73469394944
2024035328
71726374912
635931656192
374070509568
3432258207744
85676477382656
138622007246848
222284673449984
282150797312
112333234176
404691025920
389341052928
1174126460928
251003660140544
15107557376
953579648
9197537280
4991989760
3507114496
1414597836800
5368909824
926337024
3146740992
5301422592
183453552
264825248
20316944384
8866835456
236508823552
1095888732160
1471020138496
675626549248
6346584064
1367381248
13569152000
7100635136
6435816448
1648892051456
1986509056
2143907
41393696
57873040
37772600
27989919744
122879128
1378591
1506511290368
1509257117696
-746896228352
89114271744
2793721036800
20459246583808
14987730878464
82462080237568
1540701271621632
285606835912704
1739833403768832
5882435338240
1401688424448
15265486077952
951676698624
6048892059648
1851240828895232
822938238976
13562208256
40027791360
15743841280
65546153984
13639800061952
83822952448
2731605760
581381440
3266470912
1843734528
2356829696
413406658560
599615104
16427194
4838507520
685335314432
27512308
138416000
111287367368704
592661970944
8114542739456
196642879832064
108071149895680
555808697876480
47944024064
281406537728
299770019840
3615973965824
36055683072
879152201728
118434562048
1949069737984
696463785984
5729103872
45178183680
1837663387648
226923708416
9367501930496
252139040
182842411712512
21802898161664
295822784724992
4082051317760
225869981286400
2232743312228352
1436500264747008
287060099072
3622690357248
1631591858176
4895507742720
129735057408
61407350784
345540984832
6160534528
92439814144
1263106523136
73337044992
2857185312768
84327228506112
44905497886720
52065518747648
595033456640
4579093504
921038
433382976
14080047104
3256221184
8436125696
1627408
2652109799424
456068366336
5244701376512
57740423168
-233145303040
1773894500352
5533300948992
645155328
14233278464
4318482944
11597116416
11995856896
6245771264
45056069632
478913312
10091487232
85203869696
35920465920
3276613353472
18189580763136
4063646187520
8255775440896
28424376320
387997696
5397973504
2963718656
3594140160
474319781888
126421376
94794776
749146624
3539950
132134120
1017397184
283320896
9016275968
63858188288
35915329536
60908167168
-132823136
106313088
1241569152
382602624
399890080
143299772416
87921824
174574512
46469
15794577
402059872
325255264
1422447616
14924
23110920192
21197690880
23646527488
818650176
19426777088
103229612032
80618520576
237751328
618130496
284856064
964686720
208032032
107112480
859685824
16625365
154165232
1134004480
738558208
50560774144
258079080448
96222658560
330397515776
219537840
4017351
250843808
61978836
79245520
14388308992
754421
628492
1143530
39037
1520550
9463163
4617952
192474176
2742472448
1608851584
2986920192
3849720
1857832
7046641
5988691
15833068
4829003264
276722
21542
133506
82055
309613
10696104
66097
244206419968
4919383552
27647881216
1163702697984
809832218624
2135986012160
224226656
142143452610560
52748804423680
252304901013504
2648810717184
140485326798848
718708016152576
334357399076864
280627478528
2917574639616
1441746911232
5072627433472
613654855680
112553066496
862935384064
18695831552
1039950741504
3896845008896
4400271065088
278377164439552
1577665505001472
336918239772672
1096578903310336
3790667513856
76278579200
423361740800
74775199744
674090647552
44456556363776
3651646976
1013415424
9571924992
149919808
6012895232
24220151808
8432063488
603619262464
6469873303552
2548059602944
4280094031872
14245489664
10286176256
74200055808
29471256576
17187651584
7457235533824
2576413184
48113992
557083968
152343040
751322624
86605742080
426674720
329855264
65329660
552246272
5185715
128983688
1511248896
931508672
16053911552
53401124864
68879155200
249406128128
295895360
17728918
1375462656
1045782528
937944832
196431757312
95511896
95278
5519214
4423386
4187351
1451461632
18327468
50800
202653630464
6297612800
19186956288
1649712693248
693676343296
4184188125184
285159328
142555182268416
58602375086080
294640695640064
2508846006272
52589508952064
1328521699917824
293615809069056
497898913792
2926215692288
1292790136832
2884012867584
1041911840768
754029690880
4078700593152
6492400128
386217148416
7881102458880
5580664078336
327101420929024
1283226035290112
328871920533504
874153754230784
3901459005440
68641202176
336223436800
299887362048
495164784640
102426237468672
4917137408
1893591168
8567806464
140649232
7709812224
46644940800
17442273280
663138861056
5485568720896
3054319960064
4831674630144
11353416704
-652128768
78403665920
17251311616
65465733120
13551412445184
2433611264
73618488
1306193280
200253552
945374336
56305602560
441810144
286320448
45016544
694617088
10616931
180600624
1324926464
1374753920
12329872384
77605502976
80367443968
108293365760
514883008
118305584
564511744
802228736
537458176
86563037184
93096664
560884
7007061
4462493
3268409
1345174272
6051053
30290
537077710848
412632219648
3431822524416
21044846592
736495271936
9502289035264
4759162454016
83031347953664
490219446992896
468632203165696
866986997317632
3273608658944
453124980736
2656199245824
2214711263232
2288940220416
865668777902080
345130139648
4779117568
36482023424
29486927872
29065596928
3891906740224
13219009536
405527456
140382544
667741376
588687232
1165433984
170343464960
621249536
1837971
96760512512
816191438848
584992358400
307579256832
30369306902528
35340959744
3678053632
150981136
25081458688
6306465316864
49031626752
65689059328
423056560357376
3271807729664
40713760800768
1132253505650688
759686701776896
4741472632963072
-1020329984000
3317390901248
3901379575808
14852265345024
110204895232
2657240743936
28325433049088
13740846088192
1173982806016
51589619712
237149208576
3896467521536
11686809436160
12439656595456
330154803200
1061807317843968
489331999375360
6965010488098816
-2139184168960
1605011561775104
5597689395806208
6881701007458304
1844783874048
25986833842176
5100533710848
17734674939904
436642283520
472978685952
2869474623488
23983333376
819822460928
4762726039552
6571406393344
36632015142912
409138483953664
411468939919360
564805983272960
498308022272
7755159552
108348320
2000822784
36656889856
25376337920
139985551360
2162517248
2630897106944
3531058446336
66463176065024
96991797248
601874235392
76963783901184
55591384907776
19407974400
131724468224
42553622528
112024174592
50162483200
25210435584
139056496640
1725047168
4982902784
117591130112
261695471616
16306676957184
195633965170688
35554326478848
89299357794304
80916660224
3952697856
14106530816
8622461952
14278790144
3003701788672
680987520
694426368
3371315712
15720590
971270720
3450143232
5986738688
98477228032
595934904320
272059367424
56316911616
2042924928
495427104
2349806080
2628211712
4669178880
340850638848
364649504
779534208
4100892
35094396
1239504896
834609856
7294137856
87050968
255224561664
73859383296
978274484224
5645545472
271941091328
1060597137408
684485312512
295436800
1772787584
1245620992
3855036416
206940992
1101267968
4892004352
45675024
622960768
9475456000
5701880320
213940895744
1363539132416
1420755599360
2783878316032
3886885376
112723888
1138538112
899499008
398497888
126425333760
13454821
2771653
27350784
362994
8845347
71454272
10289891
251945760
9258939392
5494994944
7901222912
15304505
1697862
63144284
42423776
68940384
6405740544
1683142
62661
737563
516883
1097294
51901460
938559
2150098010112
22050050048
114836914176
4490957684736
5224338030592
35531165532160
29878853632
258970505707520
412009501818880
1531430718930944
15128134156288
620634719649792
-111864486821888
2247488471826432
2109051371520
13224637366272
4169682649088
14704329097216
1449859874816
4741893980160
10530475474944
103318003712
4676567171072
18515092307968
16881161338880
513670807289856
4060726490562560
4585095558070272
-884709642993664
475229323264
257771995136
3432963375104
2660015276032
2254018183168
278687089950720
15655817216
18525044736
115268272128
934281344
18975391744
127780225024
78379048960
2035173031936
28642264481792
17996735053824
41882637828096
122357022720
63517364224
153334448128
74753327104
218574749696
106119406026752
13324150784
328443104
2086064256
769067072
5197630464
519887355904
4761856512
1593566848
558790656
2665771008
38076320
1076223232
10657773568
5371099136
10897240064
798195712000
448446660608
560009904128
720395008
891744768
3188071168
3602068224
5226140672
1499148582912
487282752
5242249
20112606
22201556
27398580
5824325632
40201944
836590
1388839436288
30535143424
128277790720
6443683545088
4386004140032
575395069952
324445110272
124122323484672
373191520288768
1179871271190528
14726614482944
965600654393344
2303830121250816
2419277768425472
1548452888576
18314034151424
13753809633280
22650220969984
1863617347584
2479284027392
23740731621376
92317736960
5332553695232
21822844174336
28469794701312
1263553608679424
3549950457675776
6920931775610880
5111572112343040
14358348300288
400723345408
1217261600768
3117283540992
3411958300672
273088214204416
36711342080
19577763840
162337685504
1109188736
17045283840
100744806400
247236132864
2627234955264
52097257046016
13903893364736
23020563333120
68189777920
40375640064
247919050752
158225301504
236118589440
50795538022400
13514432512
226328224
2696486912
1355763200
5577712640
373984591872
5184519680
1249529344
23895148
1834559872
42092004
499242688
6679783424
8059128832
13498163200
731693449216
738602909696
923034583040
1471928320
957649536
6312961536
-1322877824
6952455168
660457586688
1003250176
4167110
23759306
16954040
37318540
2718995456
32998750
416148
3698621415424
3209761390592
19283394428928
86260588544
924036366336
16392856272896
20883880017920
662523804123136
3470013063233536
1087680737705984
1975545101287424
-1547334057984
1928666546176
27008992018432
6053626380288
24102131728384
3376900588175360
838894223360
17420951552
133167325184
67738525696
13961786368
2337487716352
222630789120
1813499136
870729344
323718656
5681929728
6545174016
236038602752
3904533504
22717022
541816684544
5725478715392
3625671458816
4166174113792
384681161785344
3030185410560
18132819968
957304512
235726684160
2903167232
3213157888
509895835648
249771524096
147303628800
105836544
118400504299520
42791992295424
90285111508992
1613463552000
32189418831872
303168722305024
199495224655872
154581712896
352190824448
147335544832
1666037055488
197140889600
100418912256
893877092352
8128566784
191837634560
3669959639040
1203344244736
59508084703232
519129140297728
115282047664128
455502957903872
651105206272
58388586496
260907778048
116931444736
314774061056
6188804079616
4699181056
1158684032
6767019008
84955472
2337979392
22740369408
10922418176
427130224640
2989906984960
1356633604096
4792222482432
9378347008
2522445312
37796589568
17000579072
26311940096
8608229097472
745430720
53959104
345092128
107421960
450307392
40782303232
114722784
63192392
95367952
204627104
3202498
138123200
227737664
500790720
10238209024
109594836992
18129145856
37409169408
79934760
54475764
537490496
131243312
490467232
108336177152
27074750
185443
4879485
2383971
1393404
341243136
7781291
23227
428091277312
150099656704
635245821952
8870999040
118366650368
2326635741184
1721756155904
23441193304064
141297948033024
46574763769856
26343697809408
642440888320
376834260992
1506287288320
501489729536
1971622379520
137342216044544
146390761472
1501146112
16795450368
4276977664
13251725312
1756756312064
1423740416
179570240
18736528
275376288
227296352
328905440
12083021824
145306000
775838
245142192128
155107901440
1118021222400
22429313024
345289392128
2256785113088
1124715069440
33468650094592
313403428044800
90511922692096
243160412323840
478964940800
201517039616
995896328192
985559859200
2307219521536
232468426784768
206759690240
3288466688
4203152128
5872027648
14248795136
3076035444736
17899081728
32436894
46709120
400959360
302141984
176261696
32115890176
286366720
2142288
201328476160
762510835712
596105101312
1160667201536
107690265149440
1097418276864
2501812480
166652960
468902838272
1894854688768
1449752704
13055203328
1588048297984
1452720652288
10295571382272
73833136128
266103221649408
301812284391424
1713858112651264
8702658609152
265665621524480
1909575208927232
1388137725034496
1569263845376
9379799629824
6526504271872
11734312026112
1936146825216
1702536675328
5643868045312
23672094720
3209505538048
5649920425984
11033143934976
393925072257024
4097324443762688
1568927528255488
1546560143884288
4750853537792
262993838080
712542322688
1116572745728
1161955639296
12076210716672
6218862592
6224094208
22421047296
183999808
14095775744
45239418880
35506180096
2962795790336
7055453716480
489814032384
29698853699584
44351762432
15782061056
128657317888
99120005120
145886150656
14359229104128
7196777472
106346656
197756528
306464704
1347054080
266611851264
987244992
305286656
432787488
604260096
18711230
860337280
4187036672
1131463552
53914550272
602354679808
236668911616
536552538112
1622709120
283952384
1218369280
1636981376
2002335232
865563574272
83288272
2167672
1355525
4448649
27768122
1647940992
19140572
428880
479867961344
1320808873984
7335583940608
38710075392
2693286854656
9538368438272
7215169667072
45111090085888
603030051356672
177770357325824
1148563107086336
4532692058112
990574018560
4296032911360
1264270180352
4948679983104
1632047307161600
866875342848
7907237888
16552036352
15819283456
67071164416
8398901346304
113671045120
851015424
239283648
1691270784
152586160
1080923776
182748545024
1164316800
3022187
1660341583872
769169686528
8421483479040
112701693952
1656601182208
7224463196160
7613596041216
108200258961408
587803519877120
589960868528128
1602973062922240
3524466049024
789851865088
7835684438016
8112410984448
9152462061568
135949254131712
849816584192
7792074240
68908097536
11591688192
86941048832
11914152247296
59476783104
522827488
315636480
925195584
2322302464
3128141568
192890191872
2376826880
5614432
1438302208000
6258084544512
7409354932224
7527473872896
1115112089845760
5722271645696
12798627840
1251496960
487389462528
113554628608
55170367488
167148175360
2765360128
262486097920
823528194048
449217134592
18369289912320
67575773921280
31413036384256
57347107979264
468185907200
93906354176
379697332224
158367301632
856236556288
90636954894336
39700516864
564177664
5181376512
3185554176
6867006976
1125345263616
2625569024
120642984
19490876
145353344
91599624
197229040
11957475328
165875680
277871
42116644864
284403073024
561732124672
687648210944
21690947993600
255527305216
3533334528
69902000
15716837376
225172602880
588471336960
328186822656
70346841522176
1073155801088
4048571648
90307280
319347490816
855951147008
733502046208
2715388739584
18038329344
938824105984
11932730916864
5872998678528
53219317252096
637381535334400
174951499825152
1006204604121088
2295473373184
528943087616
2869064368128
2793511845888
9022648352768
1047979066654720
265373876224
3466542336
8492334080
5497613312
17528989696
3229793124352
29773228032
373459328
133706240
321191840
702009536
1513682688
82552414208
115180280
3809569
408073994240
1238012133376
2704197025792
4096527171584
546548547059712
1767221493760
14590697472
197120112
214804299776
3128609210368
324330684416
3978566303744
329685514846208
2583306698752
24525604864
514713088
2857224634368
40947630080
218191183872
279743496192
88387919872
45219131162624
191462703104
1646183040
21479728
205664813056
294569541632
241124966400
487818461184
952765120512
2380163186688
68356761714688
519295074304
7359921664
292313728
826874920960
656159473664
74628546560
358767329280
